id;dir;qty;px;ccy;settlement;isin_or_cusip
TRD004130;S;2,200;113.3400;$;08/15/2026;92826C839
TRD004978;B;2,600;66.53;USD ;05-Aug-2026;478160104
TRD004495; sold;3700;109.25;US Dollar;08/14/2026;594918104
TRD000918;S;900;234.1900;$;08-Aug-2026;92826C839
TRD003304;B;1500;350.74;USD ;2026-08-04;46625H100
TRD003551;B;5000;407.4000;USD;2026-08-10;30303M102
TRD002392;Buy ;300;149.7400;US Dollar;20260821;46625H100
TRD000640;B;2,700;459.6100;USD ;2026-08-13;30303M102
TRD004118; sold;900;365.6800;$;08/12/2026;478160104
TRD001914;BUY;1300;361.73;usd;2026-08-20;92826C839
TRD001508;Buy ;2000;436.24;USD;20260816;88160R101
TRD001248;B;4,300;103.2400;USD;07-Aug-2026;023135106
TRD005692;B;4300;189.2400;usd;08/03/2026;30303M102
TRD000028;buy;3400;460.8800;usd;2026-08-22;88160R101
TRD005876;B;700;239.64;USD ;08/03/2026;46625H100
TRD002720;sell;N/A;294.0800;$;2026-08-07;88160R101
TRD001612;sell;4,600;335.3400;$;2026-08-07;30303M102
TRD003219;SELL;2,500;401.2300;USD;22-Aug-2026;023135106
TRD003646;S;2,200;366.7600;USD;18-Aug-2026;68389X105
TRD004196;Buy ;3200;191.72;USD ;08/08/2026;037833100
TRD001138;SELL;2,000;232.64;US Dollar;11-Aug-2026;68389X105
TRD000602;B;2000;368.47;US Dollar;20260810;46625H100
TRD000881;Sell ;800;100.3500;USD ;20260820;91324P102
TRD003809;Sell ;600;132.90;USD;22-Aug-2026;92826C839
TRD001359;buy;600;288.07;usd;20260803;46625H100
TRD004056;B;900;315.81;USD ;20260803;30303M102
TRD002275; bought;2000;429.23;usd;20260810;68389X105
TRD004272;Buy ;1,300;141.7500;usd;08/17/2026;478160104
TRD001441;buy;100;382.18;USD ;08/06/2026;92826C839
TRD000544;sell;3500;305.03;USD;20260805;594918104
TRD003741;Sell ;2,800;202.5400;$;20260809;91324P102
TRD004033;buy;300;441.58;USD ;20260816;037833100
TRD005817;S;1200;454.2100;USD ;2026-08-06;68389X105
TRD001174; bought;600;43.5400;usd;2026-08-16;68389X105
TRD000822;Buy ;3,600;448.1900;$;22-Aug-2026;037833100
TRD003894; bought;3400;140.5900;$;2026-08-19;88160R101
TRD004919;Sell ;1200;327.96;USD ;2026-08-17;30303M102
TRD001966;BUY;4,300;20.04;USD;20260812;037833100
TRD005641;BUY;200;283.5400;USD;09-Aug-2026;91324P102
TRD003793;buy;1600;340.5000;US Dollar;05-Aug-2026;88160R101
TRD003770;sell;4800;400.4100;$;20260820;023135106
TRD005017;buy;800;73.4900;USD ;20260815;037833100
CUS000066;BUY;2,500;87.9200;US Dollar;20260810;30303M102
TRD003674;S;4,000;164.5900;$;08/19/2026;68389X105
TRD000221;SELL;1,800;418.63;usd;11-Aug-2026;478160104
TRD000174; sold;3,100;187.02;USD ;20260813;88160R101
TRD005926;buy;1200;458.6200;$;2026-08-08;46625H100
TRD003930;B;3,400;133.0200;usd;20260821;594918104
TRD002277;buy;100;339.7000;USD ;08/16/2026;88160R101
TRD004858;S;4100;445.1100;US Dollar;2026-08-18;30303M102
TRD005964; bought;3500;118.6600;US Dollar;08/06/2026;92826C839
TRD000166; bought;1100;400.46;USD;2026-08-22;92826C839
TRD005360; sold;3900;38.99;US Dollar;13-Aug-2026;68389X105
TRD005584;Sell ;3800;56.4500;USD;11-Aug-2026;023135106
CUS000010;BUY;4,000;244.58;usd;2026-08-10;68389X105
TRD001184; bought;900;314.86;US Dollar;20260818;91324P102
TRD005675;Buy ;1,100;391.1100;USD;08/16/2026;92826C839
TRD000716;B;200;119.34;usd;12-Aug-2026;594918104
TRD004031;sell;4000;123.79;US Dollar;2026-08-12;037833100
TRD003222;B;4,600;159.5300;$;2026-08-10;46625H100
TRD002262;Buy ;3000;109.77;USD ;08/03/2026;478160104
TRD003878;S;2400;143.8800;$;2026-08-15;46625H100
TRD000317;S;3,300;273.1800;usd;20260808;023135106
TRD003146; bought;1,200;242.3300;$;08/21/2026;46625H100
TRD002642;Sell ;4,700;343.69;US Dollar;20260817;92826C839
TRD001623;Sell ;2900;403.51;USD ;2026-08-06;594918104
TRD001322;B;4000;125.87;usd;08/09/2026;46625H100
TRD002140;B;2,100;101.46;USD;12-Aug-2026;68389X105
TRD003603; sold;3200;396.5100;usd;20260823;478160104
TRD005698;sell;3,900;415.4200;US Dollar;20260805;92826C839
TRD000586;sell;3,300;493.03;USD;2026-08-06;68389X105
TRD002269;Sell ;1,500;75.2900;usd;2026-08-04;92826C839
TRD003169;S;3,500;432.1700;usd;08/06/2026;68389X105
TRD004883;SELL;3,300;382.8500;USD;15-Aug-2026;037833100
CUS000226;BUY;500;385.3800;USD;08/10/2026;478160104
TRD000170; bought;1,500;481.72;usd;2026-08-21;92826C839
TRD004232;Buy ;3700;465.44;usd;20260821;023135106
CUS000053;B;3200;231.44;usd;20260810;30303M102
CUS000180;buy;3,300;417.2600;USD;10-Aug-2026;92826C839
TRD003929;Buy ;1,400;419.1900;USD;2026-08-10;92826C839
TRD005847;S;4,000;46.7900;US Dollar;2026-08-08;46625H100
TRD001507;SELL;3,200;395.4700;usd;08/04/2026;594918104
TRD002242;buy;400;416.22;USD;2026-08-07;594918104
TRD005068;sell;3,700;240.8000;usd;08/20/2026;037833100
TRD002946; sold;500;424.8400;$;22-Aug-2026;91324P102
TRD001061;SELL;3600;96.9600;usd;08/19/2026;68389X105
TRD000999; sold;3,600;227.47;USD ;2026-08-16;023135106
TRD004712;SELL;400;123.9300;USD ;18-Aug-2026;88160R101
TRD000678;BUY;2100;306.62;US Dollar;03-Aug-2026;30303M102
TRD000953;BUY;1000;224.5100;$;21-Aug-2026;30303M102
TRD004502;BUY;700;319.2600;USD;2026-08-17;88160R101
TRD003609; sold;800;237.7200;$;08/04/2026;46625H100
TRD001338;BUY;4,300;462.88;usd;08/05/2026;88160R101
TRD003247;SELL;2,600;446.62;USD;17-Aug-2026;91324P102
TRD005748;SELL;700;132.81;US Dollar;20-Aug-2026;68389X105
TRD001887;buy;2,800;141.3800;$;20260812;91324P102
TRD001360;Sell ;900;192.0300;US Dollar;2026-08-10;594918104
CUS000097;buy;1000;432.0500;USD ;20260810;46625H100
TRD005816;B;500;322.09;USD;08/11/2026;478160104
TRD004580;Buy ;4600;430.73;US Dollar;20260808;594918104
TRD004395;BUY;3,500;295.10;USD;20260809;037833100
TRD001728;S;1,500;465.0200;USD ;16-Aug-2026;594918104
TRD004571;Sell ;3,300;272.25;USD ;2026-08-12;478160104
TRD003544;B;3,900;358.96;US Dollar;20260822;46625H100
TRD000812;Buy ;2500;351.1500;USD;08/18/2026;46625H100
TRD000704;sell;2300;282.09;US Dollar;20260806;478160104
TRD001481;Buy ;1600;138.85;US Dollar;08/12/2026;92826C839
TRD005340;Sell ;3,800;433.0800;USD;21-Aug-2026;30303M102
TRD001500; bought;1000;378.29;$;12-Aug-2026;46625H100
TRD005246;Sell ;4800;32.48;USD;08/21/2026;46625H100
CUS000055; bought;2700;193.63;USD;08/10/2026;478160104
TRD005550;B;500;248.7200;US Dollar;2026-08-04;88160R101
TRD005362; bought;1700;423.9900;USD ;04-Aug-2026;023135106
TRD004783;BUY;4000;308.5500;$;2026-08-07;037833100
TRD000971;Sell ;4700;418.2900;USD ;08/21/2026;88160R101
TRD002906;B;1,000;134.9400;USD ;20260818;023135106
TRD005842; sold;3300;224.38;USD ;05-Aug-2026;88160R101
TRD004811;Sell ;3500;102.46;USD;13-Aug-2026;46625H100
TRD001658;Buy ;2800;498.33;usd;08/18/2026;46625H100
TRD000879;SELL;2400;266.87;usd;2026-08-19;478160104
TRD000425;BUY;3,600;489.40;USD;2026-08-08;46625H100
TRD004593;buy;1700;206.48;usd;04-Aug-2026;037833100
TRD003653;sell;1,500;23.65;$;08/12/2026;92826C839
TRD005354;sell;3200;308.24;USD ;04-Aug-2026;594918104
TRD002881;buy;2,900;168.72;USD ;12-Aug-2026;88160R101
TRD005084;Sell ;N/A;315.83;US Dollar;08/08/2026;92826C839
TRD000163;SELL;4500;432.61;US Dollar;08/05/2026;023135106
CUS000059;BUY;1,200;425.0200;USD;08/10/2026;478160104
TRD005036;sell;400;406.6400;USD ;2026-08-10;037833100
TRD003070;B;400;271.8500;usd;20260815;68389X105
TRD003457;buy;2,900;54.29;usd;08/20/2026;594918104
TRD000624;S;1,000;277.47;US Dollar;15-Aug-2026;92826C839
TRD003865; bought;3100;57.73;usd;08/04/2026;023135106
TRD002990;S;1000;73.27;$;08/09/2026;88160R101
TRD000541;sell;4,600;223.1000;usd;15-Aug-2026;594918104
TRD005338;S;1,900;192.7600;usd;2026-08-15;023135106
TRD004818;Sell ;2,000;234.6700;USD;08/20/2026;46625H100
TRD002747;SELL;3,400;48.9400;US Dollar;08/19/2026;88160R101
TRD000858;B;2,900;69.19;US Dollar;20260820;023135106
TRD000137;Buy ;2900;137.0500;USD;2026-08-17;92826C839
TRD001664;BUY;2,000;495.6900;US Dollar;20260812;30303M102
TRD001683;BUY;700;280.05;USD;08/12/2026;68389X105
TRD004041; bought;3,600;48.22;US Dollar;2026-08-20;46625H100
TRD000890;Sell ;700;159.12;USD;2026-08-12;92826C839
TRD002784;Buy ;2,600;320.15;$;20260811;92826C839
TRD000902;B;4,700;298.6900;$;2026-08-13;88160R101
TRD000039;SELL;4,700;469.0500;usd;20260821;92826C839
TRD001804;sell;2900;326.7200;$;2026-08-12;594918104
TRD003180;buy;2,200;157.4000;US Dollar;20-Aug-2026;92826C839
TRD002518; sold;3,100;266.9300;US Dollar;20260805;594918104
CUS000131;Buy ;2600;322.13;USD;20260810;46625H100
TRD002559;Sell ;900;59.76;$;08/06/2026;037833100
TRD002575;sell;1,200;490.0500;$;11-Aug-2026;478160104
TRD004914;BUY;4100;451.16;US Dollar;20260805;478160104
TRD000464;Buy ;4,300;221.2400;usd;08/03/2026;023135106
TRD004208;buy;3,900;64.0100;usd;20260815;88160R101
TRD002399; sold;4,700;465.7100;USD;2026-08-04;594918104
TRD001875;Buy ;1300;22.0100;USD ;20260820;88160R101
TRD002350;Sell ;200;463.30;USD;13-Aug-2026;594918104
TRD002553; bought;2400;459.59;USD;2026-08-19;037833100
TRD001790;Buy ;2000;155.29;USD ;14-Aug-2026;46625H100
TRD003374;S;600;409.56;usd;2026-08-20;92826C839
TRD001703;SELL;2,200;324.88;US Dollar;18-Aug-2026;30303M102
TRD004988;SELL;2,100;493.4900;USD ;2026-08-03;478160104
TRD001120;B;4200;473.68;USD;05-Aug-2026;46625H100
TRD001926;sell;4800;472.1600;USD ;2026-08-21;88160R101
TRD004958;S;1,900;162.8000;USD;08/17/2026;46625H100
TRD000592;Sell ;2,400;238.25;US Dollar;2026-08-18;88160R101
TRD004156;sell;1400;386.27;USD;20260819;594918104
TRD004194;Buy ;200;293.4000;USD;2026-08-05;92826C839
TRD005749;BUY;1,600;103.4300;USD ;08/21/2026;023135106
TRD003130;buy;1,400;291.35;usd;20260806;023135106
TRD003990;buy;3,700;85.36;$;2026-08-04;037833100
TRD002516; bought;100;148.7100;USD ;08/09/2026;91324P102
TRD004543; bought;1,600;207.6400;US Dollar;2026-08-16;68389X105
TRD003197;Buy ;1,700;465.3500;USD;20260817;91324P102
TRD001708;Buy ;4,200;332.6100;US Dollar;08/20/2026;037833100
TRD005509;BUY;3700;72.92;$;08/16/2026;88160R101
TRD002305; sold;2,000;306.58;US Dollar;08-Aug-2026;92826C839
TRD002773; bought;3,300;73.7600;usd;17-Aug-2026;037833100
TRD002620;Sell ;4,700;456.21;US Dollar;08/16/2026;037833100
TRD001033;sell;4000;407.64;US Dollar;2026-08-11;30303M102
TRD003142;B;2200;135.8600;US Dollar;20260818;037833100
CUS000135;Buy ;4,900;53.7800;usd;20260810;91324P102
TRD000941;B;1300;270.90;usd;2026-08-19;46625H100
TRD004974;BUY;3400;226.6900;usd;08/13/2026;478160104
TRD002993; sold;1,300;266.4400;USD ;2026-08-19;037833100
TRD001201;Sell ;4,900;167.9800;$;13-Aug-2026;037833100
TRD002794; bought;3300;82.3100;$;20260807;023135106
TRD005598;Sell ;600;472.36;US Dollar;18-Aug-2026;68389X105
TRD002607; sold;500;329.8800;USD ;07-Aug-2026;478160104
TRD000335;Buy ;2500;490.9000;usd;2026-08-11;037833100
TRD001816;Sell ;1,900;330.2200;$;08/17/2026;88160R101
TRD004241;S;800;433.0000;usd;20260804;478160104
TRD002927;S;4,200;373.58;usd;08/11/2026;46625H100
TRD000161;B;500;95.14;usd;08/16/2026;478160104
TRD001678;Sell ;3500;106.2800;USD;08/03/2026;30303M102
TRD005350;B;1800;128.35;USD;20260816;478160104
TRD001757;sell;1600;238.2200;USD;2026-08-13;46625H100
TRD000128;buy;200;465.8700;USD;20260821;46625H100
TRD001797;B;900;166.6700;US Dollar;08/03/2026;478160104
CUS000265; bought;1,700;183.2600;USD ;2026-08-10;68389X105
TRD003814;S;1,700;165.9700;USD ;20260807;68389X105
TRD000876;B;4200;314.58;US Dollar;20260822;023135106
TRD005181;buy;3,300;450.30;US Dollar;03-Aug-2026;68389X105
TRD004652; sold;800;496.62;usd;20260808;594918104
TRD001185;S;3,200;256.40;US Dollar;20260808;92826C839
TRD001815;Sell ;3200;240.90;USD;22-Aug-2026;037833100
TRD003615;sell;3,500;494.6600;USD;06-Aug-2026;30303M102
TRD003190;SELL;4,500;161.61;US Dollar;14-Aug-2026;91324P102
TRD002453; bought;2,100;383.5000;US Dollar;07-Aug-2026;037833100
TRD001430;BUY;3300;126.13;usd;2026-08-09;91324P102
TRD002043;buy;700;82.63;USD;22-Aug-2026;594918104
TRD001022;S;3,000;487.99;US Dollar;20-Aug-2026;30303M102
TRD003438;B;600;420.14;USD;2026-08-08;478160104
TRD004314;sell;3700;93.7300;$;16-Aug-2026;594918104
TRD004150; bought;1900;457.29;US Dollar;08/04/2026;88160R101
TRD002759;buy;4,300;116.16;usd;08/21/2026;88160R101
CUS000099; bought;4200;466.7300;$;08/10/2026;30303M102
CUS000186;buy;4900;376.28;usd;20260810;30303M102
TRD001668;B;300;220.4400;USD;08/21/2026;30303M102
TRD005640;buy;1100;228.2400;USD ;2026-08-22;478160104
TRD004401; bought;5000;306.2900;USD ;2026-08-09;037833100
TRD003510;Sell ;1400;413.7700;US Dollar;03-Aug-2026;92826C839
TRD003536;buy;3,600;22.38;USD ;2026-08-19;478160104
TRD004861; sold;3100;276.1400;usd;11-Aug-2026;46625H100
TRD002061;Sell ;1,400;276.61;USD ;03-Aug-2026;88160R101
TRD004587;buy;2,600;403.1900;$;03-Aug-2026;92826C839
TRD004722;buy;900;191.90;usd;20260807;023135106
TRD000048;B;1,500;435.03;USD ;2026-08-04;68389X105
TRD004022;Sell ;3700;199.19;USD ;20260804;037833100
TRD003117; sold;1,100;424.73;USD;20260813;91324P102
TRD000957;SELL;1700;494.4800;US Dollar;21-Aug-2026;88160R101
CUS000109;buy;300;261.8900;usd;08/10/2026;037833100
TRD003280;BUY;4,400;420.9700;usd;2026-08-21;91324P102
TRD005965;Buy ;3500;385.8600;usd;22-Aug-2026;594918104
TRD001456;S;2,400;106.0600;US Dollar;20260818;594918104
TRD005744;sell;3500;262.3900;USD;08/04/2026;594918104
TRD001586;B;3,000;320.35;$;2026-08-21;30303M102
TRD004609;buy;3,400;186.3900;USD;2026-08-05;478160104
TRD002339;Buy ;1,000;188.9000;US Dollar;2026-08-21;88160R101
TRD005762; bought;N/A;88.05;US Dollar;20260815;88160R101
TRD005552;BUY;1,700;181.58;$;20-Aug-2026;594918104
TRD002981;SELL;1,000;98.36;USD;2026-08-06;91324P102
TRD005123;B;3,400;41.56;USD;20260805;023135106
TRD002265;Buy ;2,200;45.52;usd;08/11/2026;88160R101
TRD004777;Buy ;1,400;319.4200;usd;08/10/2026;023135106
TRD004427;BUY;1,200;300.54;USD ;12-Aug-2026;68389X105
TRD001062;B;1700;279.9700;USD ;20260817;037833100
TRD000600; bought;1,800;64.8000;$;14-Aug-2026;30303M102
TRD000608;B;3700;24.0700;US Dollar;08/08/2026;478160104
TRD000066;buy;700;376.36;usd;20260807;30303M102
TRD005224;S;3,300;337.7100;USD ;08/06/2026;88160R101
TRD005098; sold;2,000;369.4000;USD;08/07/2026;478160104
TRD004536;buy;1300;199.13;$;2026-08-19;30303M102
TRD004233; sold;1600;420.2200;$;11-Aug-2026;30303M102
CUS000219;BUY;800;123.7600;USD ;10-Aug-2026;91324P102
TRD005720;BUY;3900;312.6200;usd;20260806;88160R101
TRD001740;S;4,300;319.52;USD ;17-Aug-2026;46625H100
CUS000209;BUY;4,200;239.3000;US Dollar;10-Aug-2026;88160R101
TRD005676;Sell ;4300;417.9800;USD;11-Aug-2026;30303M102
TRD003328;Sell ;3800;282.62;$;20-Aug-2026;478160104
TRD002727;Sell ;2600;46.5500;US Dollar;20260816;88160R101
TRD003137;Buy ;200;142.78;USD ;2026-08-18;46625H100
TRD004904;sell;4500;90.42;$;20260805;478160104
TRD002476;Sell ;3,100;274.6200;USD;20260808;30303M102
TRD002342;sell;3,700;360.0800;USD;20260819;91324P102
TRD004436;SELL;3,700;240.5400;USD ;08/11/2026;30303M102
TRD005478;buy;1600;53.24;usd;07-Aug-2026;46625H100
TRD002858; bought;3600;278.36;$;2026-08-15;92826C839
TRD002497;B;4,100;406.3900;US Dollar;10-Aug-2026;037833100
TRD004871; sold;2,000;180.57;USD ;2026-08-17;91324P102
TRD005065;Sell ;2,800;482.9200;USD;08/12/2026;46625H100
TRD003460;sell;4,700;34.5700;USD;20260813;68389X105
TRD001465;BUY;400;418.55;USD;18-Aug-2026;037833100
TRD004434;Buy ;3500;371.2600;USD;20260812;594918104
TRD002389;sell;3400;130.6600;USD ;20260820;023135106
TRD001582; sold;4,200;271.8500;$;12-Aug-2026;478160104
TRD005431;BUY;1,600;132.09;$;11-Aug-2026;88160R101
TRD002460;sell;3,500;278.20;US Dollar;08/09/2026;037833100
TRD005430;buy;500;369.39;usd;15-Aug-2026;88160R101
TRD000096;SELL;N/A;329.94;usd;2026-08-05;023135106
TRD000440;S;100;145.55;USD ;08/14/2026;023135106
TRD005288; sold;2800;417.6700;usd;2026-08-13;037833100
CUS000047;B;3000;418.65;USD;10-Aug-2026;037833100
TRD003577;sell;3,400;114.03;usd;2026-08-21;478160104
TRD001015;Sell ;2900;218.7100;USD;08/08/2026;037833100
TRD003852;Sell ;3500;322.63;US Dollar;08/20/2026;91324P102
TRD001495;BUY;2600;140.6100;usd;20260819;478160104
CUS000164;BUY;3300;455.46;USD;2026-08-10;92826C839
CUS000142; bought;2,600;296.53;$;10-Aug-2026;91324P102
TRD005060;BUY;500;120.4100;US Dollar;20260821;88160R101
TRD005940;B;2,200;489.4200;$;08/21/2026;88160R101
TRD000862;B;1700;117.48;USD ;2026-08-17;023135106
TRD005906; bought;500;343.6500;$;2026-08-07;023135106
TRD005124; sold;1,700;296.2600;usd;20260814;46625H100
TRD004741;BUY;1,800;421.83;usd;2026-08-15;92826C839
TRD004216;SELL;3800;236.07;usd;20260812;594918104
TRD005078;B;2900;247.2300;usd;08/10/2026;92826C839
TRD004312;S;2700;131.9200;usd;08/08/2026;478160104
TRD002149;BUY;700;159.52;USD ;08-Aug-2026;92826C839
TRD005969;Sell ;700;350.7900;USD ;14-Aug-2026;92826C839
TRD002193;buy;4100;207.4000;US Dollar;2026-08-08;46625H100
CUS000072;buy;1300;304.81;USD ;2026-08-10;68389X105
TRD003951;Sell ;4600;63.3400;US Dollar;08/10/2026;30303M102
TRD003007;sell;700;314.03;$;04-Aug-2026;68389X105
TRD000013;Sell ;3,500;369.98;USD ;20260808;478160104
TRD000650;buy;1,600;221.5100;USD ;08/04/2026;68389X105
TRD004673;Buy ;1,300;344.8900;US Dollar;21-Aug-2026;46625H100
TRD004973;Sell ;100;235.3100;usd;08/17/2026;46625H100
TRD005159;sell;300;404.69;usd;08/05/2026;88160R101
TRD003549;BUY;200;390.70;USD ;08/12/2026;92826C839
TRD000532; sold;2,200;440.93;$;2026-08-15;88160R101
TRD003919;BUY;4,600;396.45;USD ;08/06/2026;037833100
TRD004542;Sell ;1,000;393.94;USD ;20260804;92826C839
TRD004962;buy;3,400;409.5300;US Dollar;08/18/2026;88160R101
TRD000611;BUY;800;303.0000;$;2026-08-15;88160R101
TRD005424;sell;2100;410.8700;USD ;2026-08-20;88160R101
TRD004585;Buy ;900;313.8500;US Dollar;20260803;91324P102
TRD005732;buy;4,400;228.9900;US Dollar;08/18/2026;594918104
TRD002556;S;200;434.33;usd;2026-08-18;92826C839
TRD000385;S;900;385.1200;US Dollar;2026-08-19;91324P102
TRD001611;B;1,500;263.67;USD ;20260821;88160R101
TRD000504; bought;600;333.7900;USD;2026-08-04;594918104
CUS000044;Buy ;1100;319.43;usd;20260810;88160R101
TRD004884;SELL;2,100;403.4300;USD;20260813;037833100
TRD000081; sold;1800;196.0900;US Dollar;20260819;46625H100
TRD003997;buy;4,700;62.28;USD ;20260822;91324P102
TRD004994;sell;3,300;20.7000;usd;20260814;91324P102
TRD005465; sold;4800;196.86;usd;08/22/2026;30303M102
CUS000100; bought;300;285.78;US Dollar;08/10/2026;68389X105
TRD004498;B;200;430.5200;USD ;20-Aug-2026;92826C839
TRD001789;BUY;3,900;499.0400;$;20260820;30303M102
TRD001600;buy;5,000;242.4400;usd;20260818;46625H100
TRD004581;S;1,300;376.87;usd;08/18/2026;68389X105
CUS000076;buy;400;188.0900;US Dollar;10-Aug-2026;88160R101
CUS000162;BUY;4,600;76.5600;USD ;20260810;88160R101
TRD002888;BUY;2600;295.52;$;15-Aug-2026;46625H100
TRD004062; sold;1,200;402.72;$;2026-08-07;478160104
TRD003470; bought;3,900;43.4500;USD;20260811;023135106
TRD001274;S;2700;389.7800;USD ;08/10/2026;478160104
TRD000472;S;2800;286.81;usd;2026-08-04;88160R101
TRD002032;Sell ;2800;28.48;US Dollar;09-Aug-2026;594918104
TRD003435;buy;1400;114.8700;USD;20260812;478160104
TRD003583; sold;3100;462.96;$;20260804;68389X105
TRD002072;SELL;4700;106.6000;USD ;12-Aug-2026;037833100
TRD005496; sold;1500;438.32;usd;14-Aug-2026;594918104
TRD005531; sold;2,400;43.96;usd;03-Aug-2026;594918104
CUS000175;B;2100;422.15;USD ;20260810;91324P102
TRD002782;SELL;4800;408.5200;USD ;08/08/2026;88160R101
TRD004466;Buy ;3,500;110.02;US Dollar;22-Aug-2026;478160104
TRD004372;Sell ;200;495.5200;USD;2026-08-07;46625H100
TRD000907; bought;1,500;361.8600;USD ;2026-08-16;30303M102
TRD002900;BUY;2,900;34.5600;$;08/04/2026;91324P102
TRD000698;sell;4000;126.0300;USD ;20260821;594918104
TRD002818;BUY;1300;153.64;USD ;15-Aug-2026;30303M102
TRD001140;Sell ;3,900;292.18;US Dollar;20260810;92826C839
TRD005386;S;2,300;224.44;US Dollar;22-Aug-2026;30303M102
TRD004266;Sell ;2,400;474.6800;US Dollar;2026-08-08;68389X105
TRD002256;sell;4,900;273.2700;USD;14-Aug-2026;30303M102
TRD003414;SELL;100;250.8900;usd;2026-08-08;594918104
TRD003964;Sell ;4100;270.5500;usd;20260820;68389X105
TRD002966;Sell ;3600;433.97;USD ;16-Aug-2026;88160R101
TRD003666;BUY;2,400;82.2900;USD ;19-Aug-2026;91324P102
TRD005161;S;4000;423.9400;USD;08/03/2026;478160104
CUS000021;buy;1200;62.4800;USD ;2026-08-10;30303M102
TRD003016;buy;4100;421.30;USD ;2026-08-12;92826C839
TRD003779; bought;4,600;114.35;usd;08/03/2026;92826C839
TRD003575;S;600;160.66;USD;20260822;594918104
TRD002577;SELL;3400;235.8400;USD;2026-08-08;037833100
TRD005014;buy;1300;346.7600;usd;07-Aug-2026;46625H100
TRD002837;sell;600;26.2000;USD ;18-Aug-2026;023135106
TRD000352;sell;400;56.02;$;15-Aug-2026;88160R101
TRD004207; sold;1,400;471.5400;USD;21-Aug-2026;30303M102
TRD004061; bought;1,500;477.56;usd;08/10/2026;46625H100
CUS000182; bought;2700;348.86;usd;10-Aug-2026;91324P102
TRD000950;buy;3500;216.1500;usd;20260809;037833100
TRD005877;sell;600;426.21;$;2026-08-22;478160104
TRD003310;Sell ;900;91.6800;USD ;2026-08-05;30303M102
CUS000266;Buy ;600;149.00;USD ;20260810;594918104
TRD003111; bought;4,300;452.87;USD;08/20/2026;91324P102
TRD003218;sell;3400;184.30;USD;20260803;478160104
TRD004219;BUY;1600;189.4400;$;2026-08-10;478160104
TRD000557; sold;1,500;402.92;$;08-Aug-2026;68389X105
TRD005097;Sell ;600;369.40;usd;04-Aug-2026;478160104
TRD001674;sell;1,100;359.4600;USD;21-Aug-2026;30303M102
TRD002019;sell;300;96.95;US Dollar;08/09/2026;478160104
TRD005803;buy;3400;489.4500;USD;20260808;037833100
CUS000037;B;600;188.2500;USD;2026-08-10;30303M102
TRD000212;BUY;2,300;295.91;USD ;2026-08-12;037833100
TRD001074;Sell ;2,700;414.5700;USD ;04-Aug-2026;92826C839
TRD002076;B;2,500;29.9400;US Dollar;20260803;037833100
TRD000107;buy;1,600;151.8100;US Dollar;05-Aug-2026;30303M102
TRD003711; bought;1700;297.25;USD ;2026-08-18;92826C839
TRD001051; bought;1,600;24.2900;USD ;20260804;92826C839
TRD004710; sold;3000;78.80;$;2026-08-15;30303M102
TRD003077;B;1300;303.0400;usd;2026-08-09;023135106
TRD000381;Sell ;3500;159.0400;US Dollar;20260812;478160104
TRD004308;Buy ;2400;314.65;$;2026-08-15;91324P102
TRD001076;SELL;3500;66.6200;$;20260810;91324P102
TRD005128; bought;4400;279.96;$;08/03/2026;92826C839
TRD005168;BUY;4,200;269.60;US Dollar;15-Aug-2026;91324P102
TRD000676;sell;4600;192.37;USD ;08/21/2026;478160104
TRD003347;B;5000;401.32;USD;20260812;68389X105
TRD001175; bought;1900;313.3200;$;20260823;92826C839
TRD001906;sell;2200;386.66;USD ;03-Aug-2026;478160104
CUS000246;BUY;1,700;145.33;$;10-Aug-2026;30303M102
TRD005662;sell;4800;324.83;$;08/03/2026;88160R101
TRD001499; sold;400;270.6900;US Dollar;20260814;478160104
TRD000718;BUY;4300;147.20;US Dollar;2026-08-20;46625H100
TRD001070;Buy ;4,200;421.42;USD ;08/19/2026;91324P102
CUS000236;B;4500;209.4600;usd;20260810;478160104
TRD003915;S;500;424.4300;usd;14-Aug-2026;68389X105
TRD002295;BUY;100;259.48;US Dollar;2026-08-07;478160104
TRD003475;SELL;3,800;200.16;USD ;08/04/2026;91324P102
TRD002078;Buy ;100;479.6600;USD;08/06/2026;91324P102
TRD003523; sold;4700;161.1000;USD;08/19/2026;91324P102
TRD005582;Buy ;1,900;473.5900;usd;08/15/2026;88160R101
TRD005232;S;200;474.43;usd;08/09/2026;30303M102
TRD003052;sell;1800;479.2000;usd;08/18/2026;88160R101
TRD003840;SELL;200;319.1500;USD;08/05/2026;594918104
TRD000737;sell;300;102.6600;US Dollar;15-Aug-2026;68389X105
TRD005632;BUY;4,700;334.2800;USD;08-Aug-2026;478160104
TRD005119;B;4100;97.58;US Dollar;08/15/2026;478160104
TRD001113;Sell ;1700;475.49;US Dollar;20260807;30303M102
TRD002131; bought;2500;258.9000;US Dollar;20260804;30303M102
TRD002230; sold;3,400;124.3800;$;20260820;30303M102
TRD005112;Buy ;900;83.26;usd;2026-08-10;92826C839
TRD004166;SELL;1,500;82.0200;$;20260816;46625H100
TRD004289; bought;3800;395.3300;usd;13-Aug-2026;46625H100
TRD005236;sell;4000;75.1500;usd;08/05/2026;478160104
TRD001354; bought;3,000;154.0000;usd;20260816;023135106
TRD000410;buy;2,100;221.0100;USD;20260816;023135106
TRD005951;B;4,800;439.4100;USD ;08-Aug-2026;023135106
TRD000040;Buy ;3100;407.6000;US Dollar;2026-08-09;594918104
TRD001042;buy;2600;54.26;$;18-Aug-2026;68389X105
TRD000515;S;2300;310.4800;USD;08/22/2026;92826C839
TRD004568;S;4,900;357.5000;US Dollar;20260822;91324P102
TRD000321;BUY;2,800;64.02;$;10-Aug-2026;478160104
TRD001515;BUY;3800;46.8400;$;20-Aug-2026;88160R101
TRD003062; bought;2100;285.24;USD ;2026-08-14;68389X105
TRD003528; sold;400;269.72;USD;09-Aug-2026;88160R101
TRD001210; sold;3,900;438.5000;USD;20260813;478160104
TRD000471;Buy ;1800;46.80;$;21-Aug-2026;68389X105
TRD000424;Buy ;2200;364.3300;US Dollar;2026-08-06;68389X105
TRD001164;BUY;1200;389.20;$;08/04/2026;46625H100
TRD004665;S;1700;67.29;usd;08/12/2026;478160104
TRD000970;B;1300;268.5200;USD ;05-Aug-2026;594918104
TRD000994;Sell ;2,100;193.5700;usd;08/11/2026;68389X105
TRD000314;SELL;4,900;379.3000;usd;08/17/2026;023135106
TRD005133;SELL;2,200;259.6500;US Dollar;2026-08-19;46625H100
TRD004952;S;3000;360.8600;USD ;20260817;92826C839
TRD004805; bought;2800;256.5000;$;08/15/2026;92826C839
TRD003022;Sell ;2,400;355.0800;USD;2026-08-22;594918104
TRD003426;SELL;1,400;64.8700;$;10-Aug-2026;92826C839
TRD005251;sell;900;84.1500;USD;08/10/2026;30303M102
TRD004630; sold;600;255.76;US Dollar;16-Aug-2026;91324P102
TRD001617; bought;3600;42.5800;USD ;20260803;88160R101
TRD005673;Buy ;200;433.1200;usd;08/17/2026;478160104
CUS000283;Buy ;1700;317.2400;USD ;2026-08-10;478160104
TRD003649;S;4400;197.62;USD ;20260810;91324P102
TRD001770;S;3500;161.2100;usd;2026-08-07;88160R101
TRD001418;Buy ;4900;153.06;US Dollar;2026-08-05;92826C839
TRD005719;B;2,400;388.21;US Dollar;2026-08-17;46625H100
TRD005797;sell;800;496.7100;$;09-Aug-2026;594918104
TRD002338;buy;4600;272.03;usd;2026-08-19;594918104
TRD003811;SELL;800;62.4800;USD ;08/17/2026;037833100
TRD001775; sold;1,200;174.48;$;08/14/2026;91324P102
TRD000173;sell;1200;498.53;US Dollar;08/16/2026;478160104
TRD001727;Buy ;N/A;61.6400;usd;08/21/2026;037833100
TRD005295;BUY;3,800;78.5100;$;2026-08-08;037833100
TRD002530;sell;1300;353.1400;$;20-Aug-2026;478160104
TRD004355;sell;2500;343.1200;USD ;10-Aug-2026;023135106
TRD000830;S;4,000;326.0200;US Dollar;08/19/2026;91324P102
TRD001332; bought;1,600;446.7700;USD ;2026-08-22;037833100
TRD005025;Sell ;3,200;405.88;$;20260816;68389X105
TRD002503;Sell ;2800;265.93;$;20260803;30303M102
TRD002514;BUY;3,200;140.9700;$;20260812;88160R101
TRD005726;BUY;4,400;300.58;USD;08/17/2026;92826C839
TRD000980; bought;2,300;267.92;USD ;2026-08-03;30303M102
TRD004044;sell;1900;167.24;US Dollar;20260814;023135106
TRD004747;Sell ;2,900;230.84;$;03-Aug-2026;023135106
TRD002987;SELL;1200;234.72;usd;20260803;478160104
TRD002939; bought;2400;230.29;$;07-Aug-2026;478160104
TRD000062;BUY;1700;83.58;$;14-Aug-2026;594918104
TRD004603;BUY;3900;447.4700;usd;11-Aug-2026;46625H100
TRD003908;Sell ;4200;280.59;USD;08/05/2026;92826C839
TRD000829;buy;300;287.42;US Dollar;2026-08-03;594918104
TRD000018;buy;1,600;377.5900;usd;20260820;30303M102
TRD004786;Buy ;100;204.29;$;22-Aug-2026;30303M102
TRD002320;sell;3600;375.40;$;08/18/2026;68389X105
TRD001572;S;4800;53.95;$;22-Aug-2026;46625H100
TRD004817;sell;N/A;108.01;USD ;08/15/2026;68389X105
TRD000621;SELL;2600;263.17;USD ;19-Aug-2026;46625H100
TRD001199;SELL;1,800;423.55;$;2026-08-13;46625H100
TRD000376;S;3,300;327.67;$;20260821;92826C839
TRD004220;B;3,800;389.7700;USD ;20260811;92826C839
TRD000984;S;1,600;373.0100;usd;20260811;023135106
TRD002791; bought;3100;451.7800;$;2026-08-11;68389X105
TRD000834;B;4,900;336.28;US Dollar;2026-08-03;88160R101
TRD005774;sell;4,400;163.13;USD ;06-Aug-2026;88160R101
TRD000547;SELL;2,800;70.8500;usd;2026-08-06;30303M102
TRD003824; sold;400;148.2200;USD;20260821;88160R101
TRD000487;Buy ;4,700;245.3600;$;13-Aug-2026;023135106
TRD002449;S;4,400;331.71;USD;08/15/2026;88160R101
TRD003569;SELL;300;430.23;US Dollar;08-Aug-2026;478160104
TRD001319; bought;4500;331.4200;US Dollar;2026-08-03;68389X105
TRD005315;SELL;5000;496.37;USD;2026-08-11;46625H100
TRD003007;sell;700;314.03;$;04-Aug-2026;68389X105
TRD003498;S;4500;49.53;US Dollar;2026-08-13;037833100
TRD003962;S;200;352.7400;USD ;2026-08-10;68389X105
TRD003069; bought;2700;184.9200;USD ;20260805;478160104
TRD002121; bought;2400;330.39;usd;09-Aug-2026;30303M102
TRD000099;B;4100;296.3200;USD;08/15/2026;478160104
TRD004545;Buy ;2,200;243.13;USD;22-Aug-2026;88160R101
TRD001988; sold;2600;248.8900;USD ;20260807;30303M102
TRD003731;B;1300;434.7100;USD;20260821;46625H100
TRD003348;buy;2900;182.01;$;2026-08-19;91324P102
TRD000049;BUY;2500;139.9400;usd;17-Aug-2026;30303M102
TRD001602;buy;2900;300.91;USD ;09-Aug-2026;30303M102
TRD003509;sell;4,700;434.7300;US Dollar;2026-08-03;037833100
TRD000120; bought;N/A;182.0000;US Dollar;2026-08-15;30303M102
TRD003391;sell;1,600;83.58;USD ;20260804;023135106
TRD004552; sold;4600;391.27;usd;2026-08-16;594918104
CUS000295;B;900;416.4700;US Dollar;2026-08-10;023135106
TRD002119;sell;500;411.9500;$;20260817;478160104
TRD000329; bought;1600;221.5200;USD ;22-Aug-2026;478160104
TRD004672;sell;800;394.0100;US Dollar;2026-08-18;68389X105
TRD005865;BUY;1400;183.21;usd;03-Aug-2026;92826C839
TRD004847;buy;600;421.23;US Dollar;08/18/2026;92826C839
TRD004048; bought;2,600;108.1500;$;06-Aug-2026;478160104
TRD004145;sell;4200;447.34;US Dollar;18-Aug-2026;037833100
TRD000333;SELL;2400;52.4900;US Dollar;2026-08-19;91324P102
TRD001200;S;1,100;294.07;USD ;15-Aug-2026;68389X105
TRD002223;Sell ;500;235.7100;usd;08/04/2026;91324P102
TRD004324;buy;3700;276.5300;USD ;08/10/2026;68389X105
TRD005555;Sell ;5,000;385.3200;USD ;08-Aug-2026;30303M102
TRD000080;buy;1300;211.2600;usd;11-Aug-2026;594918104
TRD004448;SELL;1300;160.42;USD;15-Aug-2026;478160104
TRD003311;sell;4,500;173.5800;USD ;20260810;478160104
TRD004999;buy;3,800;138.0000;USD;20260803;30303M102
TRD000155;sell;400;92.8300;US Dollar;21-Aug-2026;30303M102
TRD000711; bought;2200;118.6600;$;20260810;46625H100
TRD002291;Buy ;4400;187.45;$;20260813;46625H100
TRD005140;BUY;5000;265.90;$;20260822;478160104
TRD004508;B;1700;344.69;USD ;17-Aug-2026;594918104
TRD003339;SELL;1,900;374.53;$;10-Aug-2026;46625H100
TRD004468;Sell ;1,700;464.2100;$;06-Aug-2026;30303M102
CUS000132;buy;200;230.49;USD ;10-Aug-2026;88160R101
TRD005067; bought;2100;362.4700;USD ;18-Aug-2026;30303M102
TRD004561;Buy ;4100;189.5000;US Dollar;20260806;023135106
TRD001632; sold;900;404.8500;$;2026-08-16;46625H100
TRD005660; sold;1,200;454.2600;usd;16-Aug-2026;68389X105
TRD003568;B;5000;169.1600;$;20260819;30303M102
TRD002544; sold;2,500;391.4800;USD ;18-Aug-2026;88160R101
TRD002080;B;4,900;290.17;$;08/17/2026;68389X105
TRD000647; sold;N/A;92.2700;usd;20260816;037833100
TRD003237;S;500;390.96;US Dollar;20260811;68389X105
TRD005435;Buy ;4,100;29.8400;US Dollar;20260811;023135106
TRD001323;BUY;4800;328.3500;US Dollar;2026-08-13;594918104
TRD005442;buy;2600;308.17;USD;20260813;91324P102
CUS000057;BUY;2,600;153.1800;USD;10-Aug-2026;46625H100
TRD001562; bought;1400;436.7200;usd;20260808;68389X105
TRD000388;Buy ;1100;410.4700;USD;21-Aug-2026;88160R101
TRD003950;B;4,200;208.6300;$;2026-08-14;30303M102
TRD005376;Sell ;3200;164.80;usd;2026-08-06;46625H100
TRD004663;sell;700;444.62;USD ;20260815;68389X105
CUS000129;Buy ;1,500;306.7200;usd;10-Aug-2026;91324P102
TRD000175;Sell ;1,100;178.31;USD;2026-08-18;30303M102
TRD003966;Sell ;3,700;196.90;USD;07-Aug-2026;594918104
CUS000147;Buy ;500;469.4100;USD ;08/10/2026;594918104
TRD000769;Sell ;3,600;106.9500;usd;08/06/2026;478160104
TRD003225;sell;2,400;202.8700;USD ;20260818;46625H100
TRD001303;sell;5000;255.53;$;16-Aug-2026;46625H100
CUS000043; bought;1,100;250.79;US Dollar;10-Aug-2026;023135106
TRD002316;sell;3400;240.91;usd;08/04/2026;594918104
TRD002932;Buy ;3200;51.92;USD;2026-08-21;88160R101
TRD004049;Sell ;1,200;299.41;USD;08-Aug-2026;92826C839
TRD005390;BUY;3,300;162.2000;$;20260807;68389X105
TRD001875;Buy ;1300;22.0100;USD;20260820;88160R101
TRD003396; sold;2,100;489.0800;$;20260815;91324P102
TRD000140;Buy ;3900;356.57;usd;11-Aug-2026;91324P102
TRD002838;SELL;1,500;288.5300;USD ;12-Aug-2026;594918104
TRD000311;sell;5,000;316.6600;usd;20260822;46625H100
TRD003734;sell;900;119.48;USD ;06-Aug-2026;478160104
CUS000203; bought;1,100;358.8500;usd;20260810;68389X105
TRD004424;sell;4100;88.7300;US Dollar;17-Aug-2026;478160104
TRD003968;Buy ;3,000;159.58;USD;06-Aug-2026;68389X105
TRD000961; bought;4,100;22.54;usd;2026-08-05;68389X105
TRD002186;Sell ;4200;372.15;US Dollar;15-Aug-2026;037833100
TRD001514;B;700;104.0700;$;11-Aug-2026;478160104
TRD002365;S;2,600;316.9500;USD ;08/20/2026;594918104
TRD004965;B;4,800;397.23;USD;2026-08-07;30303M102
TRD003313;buy;4600;120.69;usd;2026-08-18;037833100
TRD001313;BUY;500;400.51;USD ;08/12/2026;478160104
TRD005093;SELL;2,600;465.72;USD ;2026-08-18;037833100
TRD001950;Sell ;2,600;137.60;US Dollar;06-Aug-2026;023135106
TRD002060;S;1800;417.26;USD;2026-08-04;023135106
TRD000514;sell;2,300;43.4800;US Dollar;2026-08-16;023135106
TRD000147;B;3,500;476.42;USD;2026-08-08;023135106
TRD000484;sell;4600;118.17;usd;10-Aug-2026;91324P102
TRD003942;sell;400;397.3600;USD;11-Aug-2026;46625H100
TRD005968;B;4,600;323.6700;$;08/08/2026;30303M102
TRD001704;BUY;2,100;183.98;US Dollar;2026-08-18;92826C839
TRD003554;buy;2,600;327.3100;USD ;20260817;46625H100
TRD001153; bought;2,600;444.5100;USD;20260812;478160104
TRD005248;buy;3100;82.25;US Dollar;15-Aug-2026;46625H100
TRD004224;S;3,800;243.6600;usd;03-Aug-2026;68389X105
TRD000781; sold;3200;396.9000;$;05-Aug-2026;68389X105
TRD001654;Buy ;4600;224.3300;USD;2026-08-16;594918104
TRD005027;S;2,400;131.40;usd;20260803;68389X105
TRD003426;SELL;1,400;64.8700;US Dollar;10-Aug-2026;92826C839
TRD001088;B;1500;123.1100;$;2026-08-13;037833100
TRD000667;sell;500;30.4600;USD ;20260805;023135106
TRD005079;sell;1,100;127.4400;USD ;20-Aug-2026;88160R101
TRD005426;BUY;5000;30.0100;USD ;08/11/2026;68389X105
TRD004728;Sell ;3100;116.01;usd;08/16/2026;594918104
TRD002147;Sell ;3300;236.04;USD ;20260804;92826C839
TRD004250;Buy ;4,400;423.00;usd;20260803;91324P102
TRD005365;B;3,500;203.44;usd;08/05/2026;88160R101
TRD004492;Sell ;4100;180.25;$;13-Aug-2026;46625H100
TRD002865; bought;1400;89.7800;$;2026-08-13;023135106
TRD001595;S;2,100;316.88;$;08/22/2026;88160R101
TRD003776;BUY;700;138.3200;US Dollar;2026-08-17;023135106
TRD002182;sell;4,000;465.07;usd;08/06/2026;478160104
TRD005378;SELL;800;187.21;US Dollar;08/04/2026;594918104
TRD004923;sell;3,400;84.07;USD;08/03/2026;023135106
TRD001470;buy;4,900;35.17;usd;08/16/2026;594918104
TRD003121; sold;800;495.44;US Dollar;08/20/2026;037833100
TRD003353; bought;2,300;96.9600;$;08/20/2026;023135106
TRD005905;S;3900;201.2100;$;20260811;023135106
TRD003576;sell;2,100;46.08;usd;20260816;68389X105
TRD002122;BUY;500;194.1000;usd;08/13/2026;037833100
CUS000232; bought;1900;465.03;$;20260810;46625H100
TRD001624;SELL;4,000;395.44;usd;2026-08-06;91324P102
TRD000380;sell;2,700;316.6900;$;08/03/2026;478160104
TRD000631; bought;4800;394.94;USD ;20260811;594918104
TRD003366;sell;4300;482.7600;USD ;08/07/2026;30303M102
TRD004895;SELL;2,000;313.1600;$;2026-08-08;46625H100
TRD000568;buy;3,900;86.1800;US Dollar;08/15/2026;46625H100
TRD002778;Buy ;1,600;109.3400;usd;08/03/2026;68389X105
TRD000169;sell;2,800;372.58;US Dollar;08/22/2026;30303M102
TRD005008;sell;2200;366.0000;USD;20260807;023135106
TRD005559; bought;3200;294.7700;USD ;09-Aug-2026;037833100
TRD004621;Sell ;900;292.54;usd;16-Aug-2026;594918104
TRD000162;S;3100;159.8000;USD ;08/10/2026;30303M102
TRD002245;S;4,500;436.6500;$;08/11/2026;037833100
TRD002988;SELL;3,700;175.7900;USD ;20260814;594918104
TRD005962;S;3600;490.0200;usd;13-Aug-2026;88160R101
CUS000155;Buy ;600;345.8800;US Dollar;2026-08-10;91324P102
TRD005697;S;2,200;478.1900;$;11-Aug-2026;46625H100
TRD004540;Sell ;1,400;44.1300;USD;03-Aug-2026;68389X105
TRD003185;Sell ;N/A;50.21;USD ;20260811;30303M102
TRD002955;S;1,600;347.7800;usd;2026-08-22;30303M102
TRD000545;SELL;4,300;339.0500;USD ;08-Aug-2026;92826C839
TRD004868;SELL;4,600;64.29;usd;2026-08-14;91324P102
TRD005467;BUY;1,900;401.08;US Dollar;14-Aug-2026;023135106
TRD003176;S;3300;446.60;USD ;08-Aug-2026;023135106
TRD003872;Sell ;4800;433.5500;US Dollar;2026-08-22;46625H100
TRD001680;BUY;3,500;311.29;US Dollar;15-Aug-2026;92826C839
TRD000331;SELL;4600;88.92;usd;20260816;037833100
TRD000809;Sell ;4300;330.6600;$;2026-08-13;88160R101
TRD002334;B;2500;25.29;USD;12-Aug-2026;037833100
TRD005577; sold;3,800;322.83;USD;2026-08-06;46625H100
TRD001161;Sell ;2,500;368.9000;US Dollar;19-Aug-2026;92826C839
TRD000499;Sell ;100;28.0300;USD;08/11/2026;91324P102
TRD005956;Sell ;100;87.85;USD;2026-08-19;88160R101
TRD002594; sold;3700;380.8900;US Dollar;07-Aug-2026;88160R101
TRD002174;SELL;200;164.93;$;08/12/2026;91324P102
TRD005546;BUY;700;229.25;USD ;20260806;88160R101
CUS000146;Buy ;4000;68.95;$;2026-08-10;594918104
TRD004682;buy;3,000;144.60;$;2026-08-18;037833100
TRD004759;S;1,500;187.07;usd;04-Aug-2026;30303M102
TRD003249;SELL;2700;100.1100;US Dollar;20260818;68389X105
TRD004384;sell;1,900;214.70;US Dollar;20260805;91324P102
TRD001048;Buy ;N/A;326.4900;$;2026-08-10;88160R101
TRD000701;buy;1700;120.65;$;2026-08-05;88160R101
TRD002067;SELL;4,500;203.35;US Dollar;11-Aug-2026;92826C839
TRD001618;S;2300;344.9300;USD;08-Aug-2026;91324P102
TRD001157;buy;2,700;175.2600;USD;2026-08-03;68389X105
TRD000355;buy;5,000;342.8700;usd;20260814;46625H100
TRD005834;S;4,700;130.18;US Dollar;2026-08-04;46625H100
TRD003735;Buy ;5,000;336.8900;usd;04-Aug-2026;594918104
TRD001229;SELL;3,300;65.94;USD ;06-Aug-2026;88160R101
TRD000418;BUY;4400;280.73;US Dollar;20260815;88160R101
TRD002234;buy;2,200;303.76;USD;2026-08-10;92826C839
TRD001312;B;200;365.4700;usd;2026-08-21;023135106
TRD001738; bought;4,400;46.7800;US Dollar;20260804;30303M102
TRD001502; sold;4,200;97.0800;usd;08/22/2026;023135106
TRD000730; bought;4700;458.80;usd;20260805;594918104
TRD005108;sell;3,900;399.00;US Dollar;08/12/2026;92826C839
TRD000286;sell;5000;187.7000;US Dollar;07-Aug-2026;023135106
TRD005013;Sell ;4000;64.48;US Dollar;20260812;023135106
TRD002511;sell;600;65.7900;USD ;20260808;023135106
CUS000284;buy;3,700;66.6000;USD ;2026-08-10;594918104
TRD003540;BUY;2,400;236.7400;USD ;2026-08-03;92826C839
TRD000075;S;2,700;463.0700;US Dollar;08-Aug-2026;023135106
TRD001699;sell;4100;122.1200;USD;19-Aug-2026;30303M102
TRD003170; sold;3300;89.79;USD ;20260805;478160104
TRD001722;BUY;3600;443.89;US Dollar;2026-08-03;46625H100
TRD002919;Sell ;3,300;198.00;$;20260804;023135106
TRD003659;Buy ;2100;117.1000;usd;09-Aug-2026;68389X105
TRD003365;buy;2,800;160.8600;$;06-Aug-2026;037833100
TRD000069; sold;1800;41.16;USD ;13-Aug-2026;68389X105
TRD004828;BUY;2500;386.25;USD ;2026-08-20;92826C839
TRD003988;SELL;4300;61.3600;USD;20260808;46625H100
TRD003053;Sell ;3500;116.0300;$;10-Aug-2026;92826C839
TRD003979;sell;2200;216.80;US Dollar;08/04/2026;478160104
TRD003870; bought;900;163.38;USD ;08/21/2026;30303M102
TRD002022;sell;4,800;424.67;US Dollar;2026-08-15;68389X105
TRD005627;sell;3100;499.3800;USD;20260814;037833100
TRD002797;SELL;2,000;177.7400;US Dollar;08/17/2026;92826C839
TRD003738; bought;4700;33.55;usd;08/07/2026;88160R101
TRD004867;S;2,600;285.66;$;2026-08-05;88160R101
TRD003628;buy;1,200;132.93;USD ;08/20/2026;46625H100
TRD001192;B;3,700;315.68;USD ;2026-08-03;68389X105
TRD004579;Sell ;3400;216.90;usd;08/11/2026;46625H100
TRD002217; bought;3,200;229.3100;$;15-Aug-2026;023135106
TRD002097;SELL;2,200;86.35;$;10-Aug-2026;46625H100
TRD004303;Sell ;4200;203.60;USD ;08/10/2026;023135106
TRD000397;buy;700;209.0700;USD ;2026-08-13;91324P102
TRD000460;B;3,500;208.67;USD;2026-08-07;023135106
TRD005881;S;100;333.2600;USD ;05-Aug-2026;91324P102
TRD002717;buy;4,400;278.52;US Dollar;20260808;023135106
TRD000294;S;3300;204.5500;usd;21-Aug-2026;91324P102
TRD002555;BUY;4500;358.05;$;08/11/2026;037833100
TRD000159;Buy ;4,000;48.9100;USD;20260806;023135106
TRD005453;buy;5000;104.88;US Dollar;08/06/2026;88160R101
TRD002761;SELL;1400;168.07;USD;08/06/2026;037833100
TRD001796; bought;2,900;429.41;$;03-Aug-2026;88160R101
TRD005616; bought;1800;359.01;US Dollar;17-Aug-2026;46625H100
TRD005855;S;3,500;375.7900;USD;09-Aug-2026;92826C839
TRD002042;Sell ;1600;332.1200;USD;09-Aug-2026;92826C839
CUS000220;BUY;1700;270.8200;USD ;10-Aug-2026;88160R101
TRD001387; bought;1,900;226.90;USD;08-Aug-2026;92826C839
TRD005717;buy;2,400;42.1800;usd;08/07/2026;91324P102
TRD002096;buy;2800;251.0200;USD ;16-Aug-2026;92826C839
TRD001821;buy;4,100;278.11;US Dollar;2026-08-05;023135106
TRD004980;sell;2300;47.3200;USD ;2026-08-16;594918104
TRD002931;S;4,500;127.0300;USD;20260806;594918104
TRD003868;B;1700;177.2700;usd;2026-08-22;037833100
TRD003733; bought;800;89.69;US Dollar;08/04/2026;68389X105
TRD004200; bought;1300;294.3600;USD;20260816;92826C839
TRD000863;S;4600;360.5800;usd;08/14/2026;92826C839
TRD004705;B;4,100;41.89;USD ;08/22/2026;478160104
TRD001663;Buy ;3,700;159.00;$;2026-08-19;68389X105
TRD003088;S;1,700;124.0700;USD;20260803;30303M102
TRD004484;Buy ;4,700;224.76;US Dollar;20260821;037833100
TRD000914;buy;3500;234.2800;US Dollar;2026-08-07;88160R101
TRD005163;Sell ;2900;339.1900;usd;20260818;30303M102
CUS000003;B;3,800;298.8300;usd;2026-08-10;46625H100
TRD001590; sold;3000;364.35;usd;08/17/2026;92826C839
TRD003618;SELL;4900;305.20;USD ;2026-08-04;91324P102
TRD000764; sold;4400;87.17;USD;08/03/2026;478160104
TRD001135;sell;2,800;497.93;$;08/07/2026;92826C839
TRD002285; sold;3900;252.4900;usd;11-Aug-2026;91324P102
TRD000811; sold;1,200;74.6400;usd;20260816;478160104
TRD001154; bought;2,000;314.3000;USD;08/04/2026;91324P102
TRD003640;Buy ;1,200;468.4300;USD ;2026-08-15;478160104
TRD000257;Buy ;600;64.7500;USD ;2026-08-06;88160R101
TRD002509;sell;2,600;390.1800;$;20260817;88160R101
TRD004377;BUY;3,900;150.9600;USD ;16-Aug-2026;037833100
TRD005103;B;3300;337.9300;US Dollar;14-Aug-2026;46625H100
TRD000284;S;2700;437.8500;usd;08/13/2026;023135106
TRD001578;buy;2,900;445.00;usd;18-Aug-2026;30303M102
TRD005162;BUY;2,000;93.71;USD ;08/10/2026;594918104
TRD004755;Buy ;1100;442.87;USD ;22-Aug-2026;92826C839
TRD002589;B;1600;141.24;USD ;08/14/2026;92826C839
TRD000529;S;2000;252.43;$;08/05/2026;88160R101
TRD001281;S;4,100;189.84;USD;08/16/2026;92826C839
TRD004613;buy;600;96.55;USD ;06-Aug-2026;91324P102
TRD002940;SELL;300;338.18;USD ;19-Aug-2026;023135106
TRD004598;S;4500;144.3900;$;19-Aug-2026;68389X105
TRD004570;SELL;900;122.6700;USD ;08/15/2026;037833100
TRD004802;buy;1,600;359.93;US Dollar;20260811;88160R101
TRD005527; sold;2800;440.8200;US Dollar;08/22/2026;68389X105
TRD002259; sold;3300;117.45;$;20260815;023135106
TRD001543;BUY;1,000;33.8100;USD;08/11/2026;023135106
TRD001362;S;200;488.6800;US Dollar;08/17/2026;68389X105
TRD004276;Sell ;400;103.31;US Dollar;08/14/2026;023135106
TRD002644;S;100;184.62;$;13-Aug-2026;88160R101
TRD005292;sell;200;65.8200;USD;08/15/2026;46625H100
TRD000235; bought;4400;196.32;$;20260814;037833100
TRD000237;S;4,200;326.9600;US Dollar;03-Aug-2026;037833100
TRD002353;buy;1,100;216.9300;US Dollar;19-Aug-2026;023135106
TRD003636;B;4,500;149.2800;$;2026-08-03;88160R101
CUS000048;BUY;500;428.61;US Dollar;10-Aug-2026;037833100
TRD002379;BUY;100;129.0200;USD;20260820;92826C839
TRD002164;S;2900;190.25;USD ;20260821;46625H100
TRD001165;BUY;4700;388.9400;usd;2026-08-18;30303M102
TRD001118;SELL;4,300;272.8600;$;2026-08-11;68389X105
TRD002041;buy;2,400;376.6100;usd;20260822;91324P102
TRD002746;BUY;4,200;217.1700;USD ;20260815;478160104
TRD003944;buy;2,700;435.8500;USD ;2026-08-21;88160R101
TRD000438;Buy ;1600;23.2800;USD;2026-08-15;023135106
CUS000242;BUY;1,400;356.70;USD ;08/10/2026;68389X105
TRD002776; bought;4500;60.5400;US Dollar;08/15/2026;478160104
TRD005815;B;1800;53.48;USD;08/23/2026;68389X105
TRD001721; bought;4400;32.34;$;2026-08-20;92826C839
TRD002171; bought;4,800;489.94;$;2026-08-16;91324P102
TRD003293;BUY;1,200;181.3300;US Dollar;08/22/2026;88160R101
TRD002564;S;4,300;49.51;USD;20260809;91324P102
TRD000021; sold;1000;321.1700;USD ;20260816;92826C839
TRD003992;SELL;1700;454.90;US Dollar;08/05/2026;91324P102
TRD004644;BUY;3,700;397.11;USD ;08/03/2026;46625H100
TRD001871;S;2800;429.94;USD;12-Aug-2026;92826C839
TRD002028;buy;800;434.8000;$;2026-08-10;46625H100
TRD001818;SELL;1200;219.2300;$;08/08/2026;92826C839
TRD001529; sold;4200;327.9600;usd;17-Aug-2026;68389X105
TRD005892;buy;4,600;499.52;$;2026-08-17;68389X105
TRD000268;BUY;2700;237.7500;USD ;09-Aug-2026;88160R101
TRD002279;sell;3,100;299.9200;USD;2026-08-19;023135106
TRD005526; bought;2200;327.26;$;08/11/2026;92826C839
TRD001366;sell;4,500;474.1300;US Dollar;2026-08-20;92826C839
TRD005723;B;4,000;198.81;US Dollar;08/06/2026;037833100
TRD002346;sell;5,000;408.1100;usd;20260810;594918104
TRD003263;S;3,700;149.41;US Dollar;20260803;91324P102
TRD005275; bought;1,600;231.5900;$;08/16/2026;46625H100
TRD000379;buy;4,200;390.0900;US Dollar;12-Aug-2026;023135106
TRD003513;Buy ;4,100;357.36;USD;08/11/2026;30303M102
TRD004002;BUY;4,700;192.77;USD ;20260811;91324P102
TRD004795;SELL;900;149.8300;USD;09-Aug-2026;68389X105
TRD003154;Buy ;900;390.38;USD ;20260822;92826C839
CUS000228;BUY;3000;93.3100;USD ;20260810;88160R101
TRD001501;B;500;324.2900;USD ;08/16/2026;30303M102
TRD000790;S;2600;29.1800;US Dollar;2026-08-10;68389X105
TRD003511;Buy ;5000;219.21;USD ;08/20/2026;68389X105
TRD002385;BUY;2000;471.8800;$;2026-08-20;30303M102
TRD001415;Sell ;3,000;127.7700;USD ;08/03/2026;68389X105
TRD005131;BUY;2,600;83.56;$;08/06/2026;46625H100
TRD001976;S;1800;497.7700;$;09-Aug-2026;88160R101
CUS000153;Buy ;900;370.89;$;10-Aug-2026;023135106
TRD001537;BUY;2800;308.19;$;20260807;594918104
TRD002649;Buy ;5,000;171.3600;US Dollar;08/17/2026;037833100
TRD004749;S;300;446.3200;USD ;20260803;037833100
TRD003834;BUY;2500;88.3200;usd;20260814;92826C839
TRD005455; sold;3,100;432.0500;USD ;03-Aug-2026;46625H100
TRD002683;SELL;4000;37.1600;USD;07-Aug-2026;68389X105
TRD001592;Buy ;4,900;491.4500;usd;2026-08-11;594918104
TRD002682;B;2,900;178.7200;$;08/17/2026;30303M102
TRD005857;BUY;4100;432.16;USD ;12-Aug-2026;037833100
TRD002534; sold;2,400;319.76;$;2026-08-15;30303M102
TRD000838; bought;1300;110.02;US Dollar;20260815;023135106
TRD000338;Buy ;4200;104.0400;usd;08/17/2026;478160104
TRD003862;BUY;900;366.7400;usd;2026-08-08;037833100
TRD005316;BUY;2100;340.12;USD ;13-Aug-2026;023135106
TRD003273;B;3700;112.9600;USD ;20260807;46625H100
TRD005659;sell;3200;326.6900;US Dollar;2026-08-03;68389X105
TRD004879;Sell ;5,000;265.71;USD ;19-Aug-2026;91324P102
TRD003093;sell;200;407.83;US Dollar;08/22/2026;037833100
TRD000956;sell;3,600;251.58;usd;14-Aug-2026;91324P102
TRD000502;S;1700;411.30;$;08/11/2026;46625H100
TRD000202;Sell ;2,800;489.6000;USD;06-Aug-2026;478160104
TRD002133;SELL;4400;334.0300;US Dollar;2026-08-08;91324P102
TRD003736; sold;4,800;343.2500;$;08/06/2026;594918104
TRD001156; sold;800;100.9800;USD ;21-Aug-2026;91324P102
TRD001638; bought;4,400;356.3800;USD ;08/12/2026;88160R101
TRD001087;S;3900;27.83;US Dollar;08/07/2026;30303M102
TRD002917;sell;2,500;110.35;USD;20-Aug-2026;037833100
TRD000415;BUY;1,600;153.9200;USD ;12-Aug-2026;023135106
TRD005313;buy;1,800;246.9100;US Dollar;14-Aug-2026;023135106
TRD000534;Buy ;3900;474.6900;USD ;09-Aug-2026;478160104
TRD000278;sell;4400;406.98;usd;05-Aug-2026;46625H100
TRD001379;Sell ;3,200;92.24;USD;20260809;91324P102
TRD004328; sold;3,500;220.24;USD;20260818;46625H100
TRD002424;Sell ;4,800;263.93;usd;2026-08-21;88160R101
TRD003805; sold;4,300;86.99;usd;09-Aug-2026;478160104
TRD002191;Sell ;1,600;286.75;usd;08/15/2026;023135106
TRD000354;S;4400;395.03;USD;2026-08-05;68389X105
TRD000937; bought;3900;496.5300;US Dollar;08/18/2026;68389X105
TRD002633; bought;1200;476.17;$;2026-08-11;594918104
TRD001952;Sell ;4,300;336.09;US Dollar;17-Aug-2026;46625H100
TRD003579;SELL;1800;28.0700;USD;08/18/2026;478160104
TRD005541;BUY;4100;25.77;USD ;08/15/2026;91324P102
TRD005961; sold;4600;445.3700;USD ;20260805;68389X105
CUS000205; bought;4,200;269.0500;usd;20260810;478160104
CUS000278;B;1,400;208.15;USD ;20260810;023135106
TRD003700;Buy ;1,200;364.78;US Dollar;20260806;478160104
TRD003377;S;2800;64.6200;US Dollar;20260813;30303M102
TRD002055; sold;1,500;108.3500;$;2026-08-08;92826C839
TRD004944;B;2000;292.1300;USD;20260819;68389X105
TRD004992; sold;600;148.6300;usd;2026-08-15;023135106
TRD002781;S;1,100;221.2300;$;2026-08-08;91324P102
TRD002208;sell;2,500;447.06;US Dollar;17-Aug-2026;68389X105
TRD002057;SELL;4,700;272.0400;$;08/12/2026;023135106
TRD000955; sold;4,400;210.78;$;2026-08-09;46625H100
TRD004122;B;200;189.4800;usd;20260811;88160R101
TRD004933; sold;4,200;385.30;$;2026-08-03;68389X105
TRD005477;buy;4,300;55.61;$;08/22/2026;037833100
TRD000744; bought;2,700;375.6500;USD ;20260819;88160R101
TRD002462;Buy ;2,900;270.03;$;2026-08-17;30303M102
CUS000107;BUY;1,800;202.91;$;08/10/2026;88160R101
TRD001407;BUY;4,700;446.1500;usd;2026-08-16;478160104
TRD001047;buy;4700;40.25;USD;20-Aug-2026;91324P102
TRD001667;S;3,200;21.00;USD;2026-08-20;88160R101
TRD004032;buy;3800;76.89;usd;08/12/2026;88160R101
TRD005936;sell;700;265.1500;usd;20260816;91324P102
TRD003906;Buy ;1400;436.45;usd;20-Aug-2026;91324P102
TRD003399;buy;1800;229.9800;US Dollar;11-Aug-2026;037833100
TRD005537;BUY;2,600;204.7800;USD ;2026-08-19;88160R101
TRD003080;buy;3,500;23.5300;USD ;08/22/2026;30303M102
TRD003566;Sell ;2100;279.60;USD ;08/06/2026;30303M102
TRD004558;S;1800;382.56;USD ;07-Aug-2026;037833100
TRD000990; bought;3,700;81.5600;usd;20260819;46625H100
TRD000713; sold;2,000;134.02;$;2026-08-04;46625H100
TRD002270;buy;500;275.4200;USD;11-Aug-2026;023135106
TRD001956; sold;700;401.2800;US Dollar;20260808;46625H100
TRD000844;Sell ;1,200;370.6400;usd;20260807;594918104
TRD005238;S;700;214.15;usd;08/20/2026;594918104
TRD001971;Buy ;2,000;430.92;US Dollar;2026-08-09;68389X105
TRD001599;BUY;4100;410.3300;$;2026-08-20;023135106
TRD003459;BUY;4900;25.53;USD ;08/03/2026;037833100
TRD001879; bought;2,800;479.4100;$;20260814;91324P102
TRD005072;BUY;200;309.6700;USD;08/16/2026;478160104
TRD002090;Sell ;2,300;440.19;$;20260811;478160104
TRD003167;S;3100;404.59;USD ;2026-08-09;478160104
TRD003188;SELL;3,400;344.5300;USD;11-Aug-2026;30303M102
TRD003658;B;600;176.1200;usd;08/17/2026;594918104
TRD003119;S;4,800;91.7000;US Dollar;22-Aug-2026;68389X105
TRD000641;sell;3,700;198.95;USD;20260819;037833100
TRD000300;BUY;5000;182.42;$;22-Aug-2026;037833100
TRD004398;S;2,700;492.44;US Dollar;2026-08-10;037833100
TRD001009;Buy ;3,300;254.0000;$;17-Aug-2026;594918104
TRD005589;Buy ;4,600;417.8300;USD;07-Aug-2026;46625H100
TRD001631;BUY;4,300;137.8200;US Dollar;08/19/2026;46625H100
TRD002767;B;4,800;430.0100;usd;20260809;46625H100
TRD004892;B;3,700;411.8700;$;2026-08-08;478160104
TRD002451;Buy ;3,200;174.5500;usd;21-Aug-2026;91324P102
TRD002785;B;200;179.16;USD ;20260818;037833100
TRD000458;S;2,500;235.30;US Dollar;20260815;46625H100
TRD000473;Sell ;4300;202.95;$;20260819;88160R101
TRD005272;BUY;800;145.14;USD;2026-08-21;478160104
CUS000063; bought;2,800;40.0400;US Dollar;2026-08-10;91324P102
TRD004626;SELL;2900;221.1000;USD ;2026-08-10;30303M102
TRD003382;Sell ;200;245.7500;USD;20260807;68389X105
TRD004517;SELL;800;398.6400;usd;15-Aug-2026;30303M102
TRD005299;Buy ;1,200;202.3200;USD;2026-08-19;46625H100
TRD003490;SELL;1,900;473.8200;US Dollar;15-Aug-2026;68389X105
TRD002691; bought;1,100;486.75;USD;20260807;92826C839
TRD001933;SELL;4,500;36.4900;USD;2026-08-13;30303M102
TRD001497;Sell ;3700;259.62;usd;2026-08-17;30303M102
TRD001874; bought;2,200;85.6000;US Dollar;08/18/2026;023135106
TRD000060;buy;4,900;469.15;USD;2026-08-03;478160104
TRD005997; sold;1,000;312.8300;usd;20260805;30303M102
TRD005880;B;3,100;418.0500;USD;20260816;46625H100
TRD005991;SELL;4600;61.45;usd;2026-08-03;037833100
TRD003556;BUY;4700;129.49;US Dollar;22-Aug-2026;023135106
TRD000724;S;3,100;294.90;USD;2026-08-10;478160104
CUS000096;buy;1400;112.18;$;20260810;91324P102
TRD000125;B;3100;324.2700;$;08/21/2026;023135106
TRD004066; bought;4,900;284.35;USD ;2026-08-08;023135106
TRD004694;buy;500;200.9900;US Dollar;14-Aug-2026;91324P102
TRD002634;S;2800;483.2800;US Dollar;20260809;92826C839
TRD004515;SELL;3,000;85.18;USD ;2026-08-18;594918104
TRD003732; sold;700;121.0000;USD;2026-08-21;478160104
TRD002405; bought;4,000;151.6500;US Dollar;08/11/2026;30303M102
TRD005642;Buy ;4,800;275.4600;USD ;2026-08-13;037833100
TRD003905;buy;1900;329.63;$;20260808;478160104
TRD001032; sold;1500;146.2300;$;08/16/2026;023135106
TRD004464; bought;500;231.73;$;2026-08-22;478160104
TRD000913;BUY;3,800;122.13;$;04-Aug-2026;91324P102
TRD005711;buy;4,600;178.37;USD ;20260822;92826C839
TRD005074;SELL;1400;397.34;usd;2026-08-07;023135106
TRD001078;Sell ;1200;273.64;USD ;20260820;46625H100
TRD002053;B;3500;437.7200;USD ;08/05/2026;68389X105
TRD002213;Buy ;3400;385.2600;usd;2026-08-09;88160R101
TRD004245;Buy ;2100;203.12;USD ;2026-08-05;68389X105
TRD000022;Buy ;2,500;306.03;USD;17-Aug-2026;91324P102
TRD001213;sell;1900;152.7900;usd;2026-08-13;478160104
TRD004746;buy;600;49.0600;US Dollar;2026-08-20;037833100
TRD000827;B;3,700;235.0900;$;20260818;478160104
TRD000167; sold;2900;79.6900;$;20260812;46625H100
TRD001677;SELL;4900;248.4000;USD;2026-08-03;594918104
TRD003143;Buy ;3600;393.0400;$;20260817;023135106
TRD001948;buy;N/A;106.22;USD;04-Aug-2026;594918104
TRD000995;SELL;1,600;149.3200;$;08/22/2026;88160R101
TRD001299;BUY;700;36.73;$;2026-08-05;92826C839
TRD000326;sell;3100;235.33;US Dollar;2026-08-03;594918104
TRD003123;SELL;4400;360.6800;$;08/13/2026;478160104
TRD000220; sold;1200;116.38;US Dollar;20260820;88160R101
TRD003018;sell;4,800;135.57;USD;08/03/2026;30303M102
TRD000082; sold;N/A;178.9500;usd;08/03/2026;594918104
TRD004368;S;4000;81.1700;USD;23-Aug-2026;478160104
TRD004106;Sell ;N/A;459.18;USD;08/15/2026;023135106
TRD003397;sell;2900;351.8300;usd;20260807;023135106
TRD004724;Buy ;4300;353.16;USD;08/11/2026;91324P102
TRD004280;buy;3,800;408.5600;USD;03-Aug-2026;594918104
TRD003924;S;4900;365.55;USD ;2026-08-04;30303M102
TRD004325;BUY;4,200;60.1800;USD ;08/07/2026;594918104
TRD000619; bought;4,400;102.93;US Dollar;2026-08-18;594918104
TRD004924;B;3000;47.2700;US Dollar;08/08/2026;46625H100
TRD002521;Buy ;2800;257.69;US Dollar;08/19/2026;478160104
TRD003233;Buy ;1200;129.96;USD ;08/12/2026;68389X105
TRD005253;SELL;3600;125.94;$;20260816;478160104
TRD002755;Buy ;3700;183.11;usd;2026-08-19;46625H100
TRD004704;buy;700;183.86;USD;12-Aug-2026;68389X105
TRD000991;BUY;3500;35.6300;usd;2026-08-14;46625H100
TRD000404;Buy ;4,400;72.61;$;08/16/2026;92826C839
TRD000539;BUY;1,900;419.0200;usd;2026-08-05;46625H100
TRD002542; bought;400;85.7500;US Dollar;08/17/2026;46625H100
TRD002034;buy;2800;250.0100;USD;20260819;46625H100
TRD000422;BUY;4,000;375.6300;US Dollar;10-Aug-2026;023135106
TRD005657;BUY;1300;215.88;US Dollar;2026-08-09;594918104
TRD005755; bought;300;40.52;usd;20260814;68389X105
TRD004378; sold;4,800;162.9700;USD ;20260807;92826C839
TRD000775;buy;1,300;260.2300;$;08/15/2026;91324P102
TRD000227;B;4000;444.43;$;20-Aug-2026;88160R101
CUS000282; bought;1,200;168.15;US Dollar;10-Aug-2026;594918104
TRD000559;BUY;2,800;206.64;USD;09-Aug-2026;023135106
TRD002070;sell;2800;196.9500;USD;2026-08-18;594918104
TRD005852;Buy ;4,300;469.5400;usd;2026-08-16;92826C839
TRD000094;Buy ;2900;344.3000;USD;20260819;478160104
TRD001726;buy;2,800;275.5600;USD ;08/13/2026;037833100
TRD004538;Buy ;700;71.7800;usd;20260822;037833100
TRD002803;Buy ;3700;214.72;$;08/09/2026;478160104
CUS000058;BUY;4,500;499.25;US Dollar;2026-08-10;037833100
TRD003258; sold;700;161.8000;$;04-Aug-2026;88160R101
TRD001333;sell;4,600;259.9500;USD;20260805;30303M102
TRD002911; bought;4,100;224.63;$;20260816;46625H100
TRD000710;sell;N/A;323.9700;$;16-Aug-2026;68389X105
TRD005593;B;1900;263.6500;USD;09-Aug-2026;88160R101
TRD000309; bought;900;94.37;USD;20260812;594918104
TRD001522;S;2,600;441.94;US Dollar;2026-08-11;30303M102
TRD003245;Buy ;2500;85.2300;US Dollar;2026-08-12;478160104
TRD001535;B;200;463.09;$;22-Aug-2026;023135106
TRD003264;buy;3400;198.21;USD ;2026-08-17;46625H100
TRD001353;SELL;3,200;433.8600;$;2026-08-09;92826C839
TRD005616; bought;1800;359.01;USD;17-Aug-2026;46625H100
TRD000068;S;1,700;454.56;USD ;08/04/2026;594918104
TRD003817; bought;200;278.77;usd;20260804;037833100
TRD002715;B;3400;245.8400;$;08/08/2026;68389X105
TRD004447;BUY;3700;434.47;USD;14-Aug-2026;46625H100
TRD003141;BUY;600;59.8200;US Dollar;06-Aug-2026;478160104
TRD004564;BUY;4500;192.36;US Dollar;2026-08-20;88160R101
TRD005269;sell;2,100;245.0300;USD ;20260810;023135106
TRD005420; bought;3600;328.39;USD;20260803;023135106
TRD000668;Sell ;2900;408.4600;US Dollar;08/05/2026;88160R101
TRD001413;BUY;2500;158.9400;usd;20260818;037833100
TRD004668; bought;800;30.8600;$;08-Aug-2026;91324P102
TRD004073;BUY;4,500;65.2100;US Dollar;08/20/2026;91324P102
TRD000144;B;3800;197.13;usd;20260820;91324P102
TRD005622;S;600;37.44;usd;2026-08-14;91324P102
TRD003722; sold;3,700;230.42;usd;2026-08-09;88160R101
TRD005194;sell;4,400;249.9100;USD;20260805;68389X105
TRD005999; sold;4,200;31.0700;USD;07-Aug-2026;91324P102
TRD005766; sold;2,600;71.1400;usd;15-Aug-2026;46625H100
TRD003762; bought;2400;455.83;US Dollar;20260815;478160104
TRD002548;SELL;2,800;333.00;usd;08/08/2026;037833100
TRD001273;sell;3,900;468.29;$;2026-08-07;478160104
TRD003607;BUY;2900;480.6900;usd;2026-08-03;478160104
TRD002620;Sell ;4,700;456.21;USD ;08/16/2026;037833100
TRD003315;BUY;1,700;206.99;USD;08/18/2026;478160104
TRD003359;S;300;237.4000;usd;08/03/2026;92826C839
TRD000265; bought;4,500;385.96;$;2026-08-13;88160R101
TRD000942;Sell ;3900;66.2200;US Dollar;20260818;92826C839
TRD005503;buy;900;171.1500;USD;16-Aug-2026;92826C839
TRD002415;BUY;4600;129.4200;USD;20260811;30303M102
CUS000261;B;2,300;467.1600;US Dollar;10-Aug-2026;594918104
CUS000235;Buy ;3200;227.4000;USD ;10-Aug-2026;023135106
CUS000152;Buy ;4400;268.46;USD ;20260810;478160104
TRD005788;Buy ;800;234.2500;US Dollar;2026-08-21;46625H100
TRD003530;BUY;3,000;54.89;$;09-Aug-2026;594918104
TRD003036;SELL;500;477.42;$;20260818;92826C839
TRD003670;buy;4,900;235.89;US Dollar;20260817;30303M102
TRD003857; sold;3500;222.65;USD;20-Aug-2026;92826C839
TRD000552;B;3000;396.45;$;19-Aug-2026;478160104
TRD001585;SELL;300;266.44;usd;20260819;46625H100
TRD004772;Buy ;1,200;23.15;US Dollar;2026-08-08;023135106
TRD003715;S;3900;244.8900;$;20260819;478160104
TRD000746; sold;2,700;80.85;USD ;20260819;92826C839
TRD000579;buy;2800;69.1600;US Dollar;08/10/2026;30303M102
CUS000252;BUY;4800;440.92;usd;2026-08-10;92826C839
TRD004367; bought;3500;270.87;USD ;08/11/2026;023135106
TRD000967;BUY;3900;265.0600;US Dollar;10-Aug-2026;92826C839
TRD002810;sell;900;439.19;$;08/12/2026;478160104
TRD005257; bought;1600;392.89;USD ;2026-08-14;594918104
TRD005927;B;300;323.02;USD;08/03/2026;037833100
TRD003673;SELL;4,700;302.39;USD ;15-Aug-2026;88160R101
TRD000893;buy;2,600;402.45;USD ;20-Aug-2026;30303M102
TRD001930;Sell ;3800;126.6300;USD;20260815;037833100
TRD000782;sell;4100;226.1200;USD ;16-Aug-2026;478160104
TRD004045;BUY;2,700;255.5700;USD;15-Aug-2026;68389X105
TRD002651;BUY;4,900;31.24;usd;2026-08-12;91324P102
TRD000733; sold;2700;74.0100;US Dollar;07-Aug-2026;68389X105
TRD004178;B;N/A;186.1300;USD;2026-08-22;68389X105
TRD005368;Sell ;200;498.2500;USD;2026-08-12;478160104
TRD000857;S;4500;396.4900;USD ;20260809;91324P102
CUS000073;Buy ;4,600;362.4600;USD ;2026-08-10;30303M102
TRD000564;S;2300;188.9500;USD;2026-08-17;92826C839
TRD004535;BUY;2,500;491.82;$;08/22/2026;46625H100
TRD002879;SELL;1800;293.48;USD ;20260803;92826C839
TRD000106;BUY;4,900;138.6800;USD;11-Aug-2026;91324P102
CUS000065;BUY;2,000;157.7400;USD ;08/10/2026;46625H100
TRD005601; sold;4700;259.0700;USD;2026-08-07;30303M102
TRD005273;Sell ;3000;303.03;usd;2026-08-13;023135106
TRD004323;BUY;4,700;71.35;US Dollar;20-Aug-2026;037833100
TRD004104;Buy ;3300;406.01;USD ;2026-08-14;88160R101
TRD001776;sell;4600;478.7600;US Dollar;18-Aug-2026;30303M102
TRD001086;Sell ;2900;480.7200;US Dollar;20260803;037833100
CUS000108;buy;2300;125.73;USD ;20260810;037833100
TRD004195;sell;3800;492.69;USD;20260821;88160R101
TRD000189;S;1,900;368.50;usd;2026-08-21;92826C839
TRD003595;BUY;1,100;434.7800;US Dollar;08/12/2026;91324P102
TRD001558;Buy ;400;130.33;$;20260805;478160104
TRD005547;S;2500;223.6600;$;20260819;46625H100
TRD000897;Buy ;4,800;453.70;$;2026-08-14;023135106
TRD000274;SELL;2,000;39.7100;USD;08/15/2026;92826C839
TRD001435;SELL;200;358.47;US Dollar;06-Aug-2026;023135106
TRD002255; sold;1,300;254.0700;USD;2026-08-13;023135106
TRD005406;buy;4,900;286.0400;USD;08/17/2026;92826C839
CUS000094;Buy ;4,100;268.7900;$;08/10/2026;68389X105
TRD002510;B;700;328.55;US Dollar;08/13/2026;68389X105
TRD000138;SELL;2500;181.47;US Dollar;08/18/2026;88160R101
TRD002361;BUY;3,900;279.46;$;20260803;023135106
TRD002127; bought;600;472.88;usd;2026-08-03;88160R101
TRD001399;S;800;159.49;US Dollar;2026-08-15;92826C839
TRD002721;BUY;5,000;210.2000;$;20260808;68389X105
TRD002656;Buy ;5000;194.32;usd;20260806;88160R101
TRD003358; sold;3000;205.89;$;20260814;023135106
TRD004622; bought;900;34.1000;usd;08/11/2026;91324P102
TRD000345;B;2500;182.74;US Dollar;09-Aug-2026;478160104
TRD003860;SELL;4,500;448.4100;USD ;05-Aug-2026;88160R101
TRD001723;S;N/A;44.8900;USD;2026-08-13;46625H100
TRD004849;sell;1,900;274.5200;$;17-Aug-2026;30303M102
TRD001576;SELL;4,800;407.0500;US Dollar;12-Aug-2026;92826C839
TRD002167;S;4,700;376.5600;USD ;08/13/2026;037833100
TRD003409;S;3400;403.74;$;20260815;037833100
TRD001953;B;4200;233.6600;US Dollar;08/03/2026;594918104
TRD005483; sold;3400;365.82;USD;20260819;88160R101
TRD001834;B;4600;42.9200;USD ;19-Aug-2026;594918104
TRD005254;B;4800;27.7500;usd;08/18/2026;478160104
TRD001177;Sell ;600;388.89;USD;2026-08-13;88160R101
TRD001523;B;4,900;133.02;USD;20260809;68389X105
TRD000366;S;200;193.23;USD ;21-Aug-2026;88160R101
TRD001616;buy;2,700;472.67;USD ;20260818;30303M102
TRD000020;BUY;900;264.5700;$;20260805;037833100
TRD000491;S;3200;284.31;USD;08/13/2026;30303M102
TRD003573;Buy ;1300;410.87;US Dollar;08/13/2026;037833100
CUS000051;B;4,000;65.26;usd;2026-08-10;594918104
TRD003677;Buy ;2,000;198.8000;US Dollar;2026-08-10;92826C839
TRD005210; sold;300;182.0100;US Dollar;2026-08-05;91324P102
TRD004190;BUY;4,700;152.89;USD ;08/18/2026;037833100
TRD003688;BUY;1200;359.6300;US Dollar;06-Aug-2026;68389X105
CUS000136;B;3100;86.7800;US Dollar;10-Aug-2026;30303M102
CUS000121;buy;200;446.95;USD;08/10/2026;92826C839
TRD005154;B;4900;389.64;USD ;2026-08-18;30303M102
TRD000467;BUY;N/A;124.29;USD ;2026-08-04;68389X105
TRD002501; bought;3,600;310.34;US Dollar;2026-08-07;594918104
TRD002700; bought;3400;139.0300;usd;20260811;68389X105
TRD002615;Buy ;400;165.42;usd;08/11/2026;594918104
CUS000245;Buy ;400;489.4100;$;08/10/2026;92826C839
TRD002240;sell;2,600;163.2500;USD ;08/17/2026;478160104
TRD001898;SELL;1,100;58.31;US Dollar;08/05/2026;46625H100
TRD004729; sold;2100;290.86;usd;20260817;46625H100
TRD002967;sell;1400;208.5600;$;08/19/2026;594918104
TRD004014;BUY;4,100;355.9200;$;20260803;92826C839
TRD000031;sell;4900;275.70;usd;2026-08-07;68389X105
TRD004843;buy;2700;449.2600;USD;08/04/2026;46625H100
TRD001244;sell;2000;49.9600;USD;2026-08-20;037833100
TRD002165;S;3600;395.8700;USD ;20260823;023135106
TRD000391;S;1600;123.27;$;20260815;037833100
TRD004960; sold;4,300;128.88;USD;04-Aug-2026;30303M102
TRD001205;sell;3,100;454.3800;USD ;20260807;023135106
TRD004400; bought;300;346.2400;usd;20260815;46625H100
TRD004257;sell;1,300;175.5600;usd;08/12/2026;68389X105
TRD000109;BUY;1500;203.86;usd;2026-08-07;023135106
TRD004603;BUY;3900;447.4700;$;11-Aug-2026;46625H100
TRD002840;buy;3,400;455.3000;usd;2026-08-15;037833100
TRD002000;S;4500;276.4800;US Dollar;08/14/2026;023135106
TRD003182; bought;4,900;438.16;US Dollar;21-Aug-2026;91324P102
TRD004487;buy;4600;241.30;$;15-Aug-2026;594918104
TRD003244;SELL;4600;139.14;USD;2026-08-22;037833100
TRD002348;Sell ;400;313.71;USD ;08/06/2026;037833100
TRD002465;S;800;484.85;usd;20260805;023135106
TRD002894;sell;400;347.7000;usd;06-Aug-2026;68389X105
TRD001183;SELL;2100;144.6400;USD ;2026-08-21;92826C839
TRD001959;B;4500;29.4800;USD;20260820;91324P102
TRD001449;B;700;111.0800;usd;2026-08-14;46625H100
CUS000060;Buy ;300;466.77;USD;10-Aug-2026;46625H100
TRD004279;BUY;900;42.4000;usd;20260820;30303M102
TRD005563;Buy ;500;326.23;usd;08/04/2026;68389X105
TRD004915; bought;N/A;273.77;$;08/22/2026;46625H100
TRD002963;buy;2,200;176.49;USD ;16-Aug-2026;68389X105
TRD005907;BUY;2,900;346.2200;US Dollar;08/05/2026;478160104
TRD001710;sell;2500;417.1800;$;08/14/2026;46625H100
TRD000197;S;2,700;438.0500;USD;08/07/2026;594918104
TRD003488;Buy ;4,700;425.6200;usd;2026-08-16;023135106
TRD002345; bought;4,300;70.9900;US Dollar;20260818;88160R101
TRD004614;SELL;3600;356.5900;USD;06-Aug-2026;91324P102
TRD005461;SELL;3,200;310.01;usd;05-Aug-2026;92826C839
TRD001810;S;2500;478.45;USD ;09-Aug-2026;68389X105
TRD004181;S;4000;496.59;USD;13-Aug-2026;023135106
TRD000550; bought;200;251.7300;USD ;08/12/2026;46625H100
TRD004888;SELL;2900;34.2700;US Dollar;08/15/2026;023135106
TRD004456;B;1,500;419.6800;usd;20260813;68389X105
TRD002249;SELL;2,700;325.7100;usd;20260806;91324P102
CUS000267;Buy ;2400;97.0000;USD ;2026-08-10;594918104
CUS000103;Buy ;2300;106.38;usd;10-Aug-2026;68389X105
TRD000523;Buy ;3,600;286.28;US Dollar;08/16/2026;594918104
TRD004249;Sell ;3900;207.97;USD ;08/13/2026;92826C839
TRD004798; bought;4100;70.4300;USD;2026-08-10;037833100
TRD005305;Buy ;4,800;46.1600;$;2026-08-21;88160R101
TRD002124;sell;4900;456.65;usd;08/09/2026;91324P102
TRD001830;buy;1,800;402.7500;USD;20260808;037833100
TRD005848;sell;4,300;452.8700;US Dollar;08/05/2026;037833100
TRD000256; bought;1,000;349.67;usd;2026-08-18;594918104
CUS000023;buy;1300;358.48;USD ;2026-08-10;91324P102
TRD001195;Sell ;3500;450.0500;US Dollar;08/17/2026;46625H100
TRD003240;Sell ;5000;156.75;USD ;03-Aug-2026;91324P102
TRD004123;sell;5000;369.3300;USD;08/21/2026;30303M102
TRD005691;buy;4700;367.9400;usd;07-Aug-2026;594918104
TRD004247;SELL;2300;71.1900;US Dollar;2026-08-06;023135106
TRD004231;BUY;1700;397.0700;USD ;2026-08-12;92826C839
TRD003529;BUY;3900;62.4200;usd;08/03/2026;46625H100
CUS000207;B;3700;271.07;USD;08/10/2026;037833100
TRD005753;sell;4,800;202.5800;USD;20260803;478160104
TRD005415;Buy ;600;314.37;US Dollar;08/08/2026;91324P102
TRD005207; bought;4500;234.12;US Dollar;2026-08-18;478160104
TRD004096;buy;3900;39.6200;usd;08-Aug-2026;92826C839
TRD001376;SELL;2900;318.0600;USD;2026-08-05;023135106
TRD003298;BUY;1100;448.5800;usd;13-Aug-2026;594918104
TRD003737;B;800;82.1600;USD ;08-Aug-2026;037833100
TRD000439;BUY;N/A;477.9400;USD;20260812;92826C839
TRD005317;sell;4500;350.91;usd;20260816;68389X105
TRD003082;Sell ;1,700;180.55;US Dollar;20260813;30303M102
TRD000751;S;2300;185.24;usd;11-Aug-2026;594918104
TRD000852; sold;4100;174.74;usd;20260806;88160R101
TRD004611;Sell ;2300;325.84;usd;2026-08-09;46625H100
TRD000584;sell;3,500;154.9200;usd;2026-08-20;68389X105
TRD001119; bought;1300;398.8100;USD;08/22/2026;30303M102
CUS000062;buy;3700;35.83;US Dollar;08/10/2026;46625H100
TRD005727;BUY;2,200;408.2700;usd;08/17/2026;023135106
TRD005361;Buy ;5000;116.27;USD;19-Aug-2026;88160R101
TRD005912;SELL;3,600;459.12;usd;22-Aug-2026;478160104
TRD003785; bought;1,000;57.89;usd;20260822;594918104
CUS000289;BUY;1,800;212.1900;USD ;2026-08-10;30303M102
TRD003644;SELL;3,700;468.5800;usd;13-Aug-2026;46625H100
TRD005630; sold;900;335.9400;US Dollar;08/20/2026;023135106
TRD002293; sold;N/A;420.4000;USD;20260806;46625H100
TRD005707;Buy ;100;302.7900;US Dollar;20260805;46625H100
TRD004647;sell;3400;90.4400;USD;08/10/2026;037833100
TRD000764; sold;4400;87.17;usd;08/03/2026;478160104
TRD002326;buy;800;163.9600;$;2026-08-19;68389X105
TRD004171; bought;1000;210.28;US Dollar;20260814;91324P102
TRD002786;sell;1000;458.52;US Dollar;04-Aug-2026;91324P102
TRD003331; bought;2,100;420.71;$;08/10/2026;478160104
TRD003987;sell;100;313.00;$;20260817;594918104
TRD001675; sold;800;329.0800;US Dollar;05-Aug-2026;023135106
TRD005086;buy;1,800;351.2200;usd;20260807;46625H100
TRD005396; sold;2700;433.3500;USD;20260811;037833100
TRD005402;Buy ;1,000;285.0600;usd;08/08/2026;68389X105
TRD003799;sell;1900;68.99;US Dollar;2026-08-15;594918104
TRD004013;Sell ;3,500;469.7200;$;2026-08-13;594918104
TRD005958;Buy ;4000;469.12;US Dollar;20260820;88160R101
TRD005116;sell;1,500;140.71;$;03-Aug-2026;594918104
TRD000932; sold;4200;420.02;USD;03-Aug-2026;023135106
TRD000205; bought;N/A;291.65;USD;2026-08-08;68389X105
TRD004214; bought;3,600;242.8500;US Dollar;12-Aug-2026;30303M102
TRD004547;S;3700;483.53;$;03-Aug-2026;478160104
TRD002416;Buy ;2,300;279.41;USD;20260804;92826C839
TRD001218;sell;400;82.4400;usd;20260818;037833100
TRD003346; sold;800;429.45;$;20260803;023135106
TRD003596;BUY;700;226.96;$;12-Aug-2026;037833100
TRD003725;buy;2,000;138.76;$;20260815;594918104
TRD001034; sold;3,500;408.2300;usd;16-Aug-2026;023135106
TRD002595;sell;400;485.7600;US Dollar;12-Aug-2026;68389X105
TRD002290;sell;4,100;345.8200;$;2026-08-18;91324P102
TRD005047;BUY;4,100;188.19;$;09-Aug-2026;30303M102
TRD005588; bought;2200;39.3400;USD;2026-08-06;037833100
TRD003379;Buy ;3100;40.41;$;2026-08-14;46625H100
TRD004248;sell;3,000;179.99;USD;15-Aug-2026;88160R101
TRD001741;B;2,800;442.37;USD;08/22/2026;594918104
TRD005925; bought;2200;334.2500;USD;20260816;88160R101
TRD001737;sell;2900;46.3000;USD ;2026-08-22;46625H100
TRD005862;buy;300;263.71;usd;08/14/2026;30303M102
TRD001929;B;2,400;402.81;usd;2026-08-07;91324P102
CUS000068; bought;3,700;262.8900;US Dollar;20260810;478160104
TRD005046;sell;4100;289.3100;US Dollar;20-Aug-2026;92826C839
CUS000218;B;5000;127.9500;$;08/10/2026;68389X105
TRD002609;BUY;1200;224.3400;USD ;2026-08-12;30303M102
TRD001917;buy;3000;478.42;USD;08/18/2026;91324P102
TRD005355;Sell ;3500;63.75;$;15-Aug-2026;037833100
TRD002995;buy;2,800;182.0100;US Dollar;2026-08-11;478160104
TRD001279; sold;2800;25.69;$;20260817;46625H100
TRD002512;Sell ;3200;289.6000;$;2026-08-05;68389X105
TRD005033;B;3400;445.8100;US Dollar;2026-08-05;46625H100
TRD001806; bought;1200;115.5200;usd;20260815;30303M102
TRD004039;Buy ;400;215.63;USD;20260818;92826C839
TRD001018;buy;5,000;210.5700;USD;05-Aug-2026;594918104
TRD000659;SELL;1,400;236.9200;US Dollar;20260817;30303M102
CUS000173;B;3,200;199.5900;US Dollar;08/10/2026;478160104
TRD000291;buy;4,100;165.35;usd;11-Aug-2026;92826C839
TRD000016;BUY;500;115.21;usd;20260821;88160R101
TRD005035;BUY;1400;286.5100;USD ;21-Aug-2026;594918104
TRD004743;Sell ;100;119.52;US Dollar;20260808;68389X105
TRD001202;buy;600;258.5900;usd;20260810;88160R101
TRD005411;Buy ;4,100;356.1000;$;2026-08-14;478160104
TRD005464;S;2500;363.46;usd;08/11/2026;478160104
TRD000239; bought;4900;286.0200;USD;21-Aug-2026;023135106
TRD000697;sell;5000;483.29;USD ;08/05/2026;68389X105
TRD005920;BUY;600;56.50;USD ;18-Aug-2026;023135106
TRD000669; bought;3000;44.31;$;20260821;46625H100
TRD002926;SELL;4,600;434.6000;USD;08/12/2026;023135106
TRD003451; sold;3,500;440.38;$;07-Aug-2026;023135106
TRD005860;S;1600;143.53;$;20260818;88160R101
TRD005694;Sell ;N/A;284.65;$;15-Aug-2026;68389X105
TRD001320;S;2100;413.95;$;06-Aug-2026;478160104
TRD005475;Buy ;200;396.2000;USD ;2026-08-08;91324P102
TRD000654;Sell ;400;228.7900;usd;08/07/2026;023135106
TRD002148;S;400;375.70;USD ;20260810;91324P102
TRD004894;Sell ;1500;242.55;US Dollar;08/17/2026;037833100
TRD005338;S;1,900;192.7600;US Dollar;2026-08-15;023135106
TRD004823;BUY;4500;232.8200;USD;08/08/2026;46625H100
TRD001528; sold;3,600;374.14;USD;08/17/2026;037833100
TRD004212; sold;1800;496.73;USD ;20260821;478160104
TRD005401;Buy ;4700;73.4300;$;14-Aug-2026;68389X105
TRD001426;Sell ;3500;174.85;USD ;08/14/2026;30303M102
TRD002315;Buy ;2,600;80.4500;USD ;03-Aug-2026;478160104
TRD005290;buy;1,000;33.1100;USD ;20260816;478160104
CUS000200;BUY;200;99.3000;USD;10-Aug-2026;594918104
TRD004102;S;2700;423.89;usd;2026-08-15;478160104
TRD002622;BUY;3,900;349.4700;US Dollar;11-Aug-2026;46625H100
CUS000084;buy;1700;51.0000;$;10-Aug-2026;92826C839
TRD001111; bought;300;482.16;USD ;10-Aug-2026;023135106
TRD004577; sold;1,800;279.3600;$;08/19/2026;46625H100
TRD003947;buy;1,800;472.86;USD;08/21/2026;46625H100
TRD004666;Sell ;2200;436.3200;USD;08/03/2026;594918104
TRD002958;S;2500;499.5900;USD ;20260808;88160R101
TRD004387;Sell ;2,200;119.00;$;22-Aug-2026;91324P102
TRD000010;S;5000;158.91;USD ;20260805;023135106
TRD002039;BUY;3200;194.52;usd;08/12/2026;594918104
TRD001511;S;3800;475.8400;USD;08/19/2026;30303M102
TRD002175;SELL;800;337.89;usd;17-Aug-2026;46625H100
TRD001558;Buy ;400;130.33;USD ;20260805;478160104
TRD000229;Sell ;800;87.09;US Dollar;20260804;30303M102
TRD005831;BUY;4,300;128.6500;USD;2026-08-12;037833100
TRD002444;BUY;2200;316.0700;USD;22-Aug-2026;594918104
TRD003110;BUY;3,900;196.30;USD;20260818;91324P102
TRD004986; sold;100;394.27;USD ;18-Aug-2026;46625H100
TRD003407;buy;3600;264.6500;USD;2026-08-07;594918104
TRD002108;B;3,900;437.83;$;03-Aug-2026;68389X105
TRD001542; bought;1,900;368.82;US Dollar;2026-08-09;46625H100
TRD003455;Buy ;3,200;428.12;usd;2026-08-09;68389X105
TRD005371;Sell ;3,000;428.52;usd;12-Aug-2026;88160R101
CUS000148;BUY;4,600;426.4700;US Dollar;2026-08-10;91324P102
TRD004509;SELL;3800;130.36;US Dollar;20260813;023135106
TRD001137;B;1,000;369.00;USD ;13-Aug-2026;46625H100
TRD003157;buy;300;153.8700;usd;2026-08-20;46625H100
TRD005728;S;3300;73.5400;usd;16-Aug-2026;68389X105
TRD001467;Buy ;4000;66.24;$;08/05/2026;91324P102
TRD003828;Buy ;4,700;201.1500;$;06-Aug-2026;478160104
TRD004283;S;3,500;242.03;$;08/06/2026;478160104
TRD002281;S;3400;261.5100;USD ;2026-08-07;594918104
TRD002845;buy;2,600;410.32;US Dollar;20260816;037833100
TRD000443; bought;1500;125.18;USD;07-Aug-2026;478160104
TRD001891;Sell ;4,800;211.03;$;2026-08-12;037833100
TRD003230;buy;1500;63.19;US Dollar;20260808;594918104
TRD004910;Sell ;4,200;265.2800;USD ;20260813;037833100
TRD004707;sell;2,800;384.0200;US Dollar;2026-08-14;30303M102
TRD000145;B;4800;284.19;USD;2026-08-14;478160104
TRD000143;S;600;161.23;USD;2026-08-15;023135106
TRD003211; bought;1600;425.78;USD ;10-Aug-2026;023135106
TRD003647;SELL;2200;206.7600;USD;2026-08-21;68389X105
TRD003175;buy;1500;379.33;USD;20260807;478160104
TRD004007; sold;3600;165.7500;USD ;08-Aug-2026;88160R101
TRD001369;B;3,000;317.18;$;08/14/2026;88160R101
TRD001688; bought;4900;306.5600;USD ;10-Aug-2026;478160104
TRD004664;Sell ;2,300;348.2000;US Dollar;2026-08-22;037833100
TRD000783;Buy ;300;276.2200;USD;08/14/2026;037833100
TRD005573;BUY;400;417.0900;USD;2026-08-11;68389X105
TRD005004;sell;3,500;286.25;USD;11-Aug-2026;037833100
TRD001912;Buy ;3200;212.08;US Dollar;22-Aug-2026;594918104
TRD001064;S;2,400;392.4900;$;2026-08-10;88160R101
TRD002562;sell;2,100;450.91;USD;20260808;92826C839
TRD004036;sell;2200;442.64;USD;08/22/2026;68389X105
TRD000542; bought;3,900;237.5300;USD;15-Aug-2026;91324P102
TRD005325; bought;700;208.78;$;20260820;68389X105
CUS000216;BUY;4700;349.2200;USD ;08/10/2026;478160104
TRD001090;SELL;3700;94.26;USD ;08/04/2026;478160104
TRD005998; bought;4,600;409.4700;usd;13-Aug-2026;91324P102
TRD003297;B;2,400;345.8000;usd;15-Aug-2026;92826C839
TRD001269;BUY;4000;154.8700;USD;08/11/2026;037833100
TRD002204; bought;3900;78.8900;usd;08/07/2026;30303M102
TRD002537; sold;900;402.50;$;08/21/2026;46625H100
TRD002472;B;1,300;324.69;US Dollar;05-Aug-2026;91324P102
TRD000296; sold;2100;310.4000;US Dollar;08/19/2026;68389X105
TRD005200;Sell ;2500;363.3300;US Dollar;08/22/2026;037833100
TRD001768;B;2,500;353.2900;USD;08/13/2026;92826C839
TRD003819;sell;1,200;424.22;US Dollar;2026-08-15;92826C839
TRD002493;Buy ;4600;130.08;USD;20260808;88160R101
TRD002626;sell;3500;374.5700;USD;20260810;68389X105
TRD000572;BUY;2,500;482.6400;usd;2026-08-19;478160104
TRD003706;B;2,000;133.41;usd;2026-08-20;68389X105
TRD004163; bought;4100;352.75;$;17-Aug-2026;023135106
TRD005339;sell;1,300;306.9700;usd;08/17/2026;68389X105
TRD005063;S;2100;366.8900;US Dollar;20260806;92826C839
TRD005049;B;1100;306.6200;$;2026-08-14;68389X105
TRD001159;buy;4500;331.3200;USD ;08/08/2026;594918104
TRD003223;sell;3,100;481.1100;US Dollar;08/21/2026;023135106
TRD002066;Sell ;5,000;470.73;$;2026-08-22;594918104
TRD003921;sell;800;90.60;$;17-Aug-2026;91324P102
TRD003663;buy;5,000;400.38;US Dollar;04-Aug-2026;88160R101
TRD004901;B;3500;230.8100;usd;20260803;88160R101
TRD003613; bought;4100;187.67;USD;20260808;594918104
TRD003060; bought;1800;238.85;US Dollar;20260809;92826C839
TRD003433;S;3,700;30.25;US Dollar;20260811;023135106
TRD003655;S;800;458.66;US Dollar;08/22/2026;478160104
TRD001207;Sell ;1000;389.3500;US Dollar;20260806;91324P102
TRD003003;SELL;4,900;71.3800;US Dollar;2026-08-05;68389X105
TRD000166; bought;1100;400.46;US Dollar;2026-08-22;92826C839
TRD005624;S;2,800;258.65;usd;20260809;92826C839
CUS000123; bought;1,200;390.7900;USD;10-Aug-2026;91324P102
TRD005087; bought;2,900;182.34;US Dollar;21-Aug-2026;92826C839
TRD000823;buy;1,100;262.6700;USD ;2026-08-18;478160104
TRD004079;BUY;4,700;381.9200;USD ;2026-08-08;037833100
TRD000836;S;4500;71.0300;usd;08-Aug-2026;478160104
TRD000630;S;3,400;268.27;USD ;2026-08-11;68389X105
TRD005321;B;4200;239.68;USD ;16-Aug-2026;023135106
TRD003496;Sell ;2,400;135.8900;USD ;08/19/2026;91324P102
TRD003061;buy;1100;301.5100;USD ;13-Aug-2026;037833100
TRD005867;SELL;2400;312.2100;USD;18-Aug-2026;037833100
TRD001849;B;4,900;444.3000;USD ;14-Aug-2026;478160104
CUS000030;BUY;700;129.0500;US Dollar;10-Aug-2026;594918104
CUS000244;buy;1000;185.76;$;2026-08-10;30303M102
TRD001408;B;4700;485.7700;US Dollar;08/16/2026;46625H100
TRD000911; sold;1300;146.35;$;2026-08-05;594918104
TRD003183; sold;3,900;307.68;USD ;08/21/2026;68389X105
TRD005414;Buy ;2,000;69.1200;usd;2026-08-12;88160R101
TRD000025;buy;1,100;237.79;$;11-Aug-2026;91324P102
TRD001852;SELL;100;131.65;USD ;23-Aug-2026;594918104
TRD001454;sell;2900;128.42;USD ;08/16/2026;30303M102
TRD000636;SELL;800;129.63;usd;08/19/2026;037833100
TRD004025;sell;4,200;349.4600;usd;2026-08-21;30303M102
TRD004229; bought;1900;218.69;USD ;08/16/2026;023135106
TRD000320;Buy ;4,900;96.95;$;17-Aug-2026;91324P102
TRD001173;Sell ;4,300;297.4800;USD;08/22/2026;30303M102
TRD002809;B;3000;418.44;US Dollar;2026-08-06;91324P102
TRD004824;B;1700;460.91;usd;13-Aug-2026;037833100
TRD003899;SELL;2400;402.5200;$;20260812;037833100
TRD000530;BUY;1600;366.03;USD ;18-Aug-2026;92826C839
TRD000071;S;3,600;24.6400;$;08/05/2026;68389X105
TRD005326; bought;3,100;303.31;usd;08/10/2026;92826C839
TRD003780;B;2300;275.2100;$;2026-08-19;88160R101
TRD000479;sell;600;277.1100;US Dollar;20260809;037833100
TRD001865;SELL;2,800;367.99;$;20260812;68389X105
TRD004500;Buy ;1,600;161.5900;usd;19-Aug-2026;594918104
TRD003995; bought;N/A;286.56;usd;2026-08-09;46625H100
CUS000176;buy;3700;358.0400;USD;10-Aug-2026;88160R101
TRD004185;BUY;N/A;23.03;usd;08/13/2026;023135106
TRD000816;S;4,700;487.25;usd;20260807;478160104
TRD000485;B;1,900;202.7200;USD;20260820;88160R101
TRD002764;Buy ;1100;223.66;USD ;2026-08-11;023135106
TRD003983;B;1700;364.2000;USD ;2026-08-10;594918104
TRD002989;Sell ;500;105.07;$;22-Aug-2026;30303M102
TRD004984; bought;300;111.1400;usd;2026-08-08;30303M102
TRD004844; sold;1,400;399.2200;$;20260822;30303M102
TRD003113;SELL;2,400;244.3900;$;20260814;30303M102
TRD005184;buy;4,700;280.23;USD;20260817;037833100
TRD001636;buy;4,900;37.80;$;08/07/2026;92826C839
TRD001061;SELL;3600;96.9600;$;08/19/2026;68389X105
TRD001679; sold;1600;434.9800;usd;2026-08-21;478160104
TRD001905;Sell ;4,300;211.2700;US Dollar;08/22/2026;037833100
TRD001036;Sell ;1,800;356.2300;$;18-Aug-2026;023135106
TRD003537;S;2200;163.2500;USD ;20260818;91324P102
TRD001050;SELL;2100;27.23;USD ;2026-08-11;92826C839
CUS000026;Buy ;2300;278.8200;USD ;10-Aug-2026;478160104
TRD000795; bought;800;282.70;usd;08/18/2026;68389X105
TRD005809;sell;1,600;248.5900;USD;08/08/2026;92826C839
TRD004439;SELL;2,700;59.91;USD;20260805;023135106
TRD004006;Buy ;4700;498.30;$;20260812;91324P102
TRD005476;Buy ;4500;331.0400;USD ;18-Aug-2026;91324P102
TRD003027; sold;2,600;242.54;usd;08/17/2026;478160104
TRD005701;S;4900;220.5800;USD ;2026-08-18;68389X105
TRD003106;S;1300;404.9300;USD ;03-Aug-2026;30303M102
TRD000008; sold;2,500;57.82;USD ;08/12/2026;92826C839
TRD000057; sold;2700;335.5400;US Dollar;08/21/2026;91324P102
TRD002184; bought;N/A;284.7600;USD;08/06/2026;023135106
TRD001533; bought;3,800;416.8500;USD ;20260812;023135106
CUS000231;BUY;2,800;101.7000;US Dollar;20260810;91324P102
TRD004740;Sell ;1,200;316.06;USD;2026-08-20;88160R101
CUS000170;buy;2800;459.3600;usd;2026-08-10;023135106
TRD005310; sold;3700;426.59;USD;20260811;478160104
TRD002583; bought;3,800;175.0400;usd;21-Aug-2026;46625H100
TRD002653;buy;800;66.55;US Dollar;20260809;023135106
TRD003753;Sell ;1700;471.9300;USD;07-Aug-2026;037833100
TRD005198; sold;2,500;443.79;$;20260806;91324P102
TRD005731;SELL;2,600;292.2600;US Dollar;08/05/2026;88160R101
TRD000873; sold;4,300;179.30;usd;20260814;30303M102
TRD000433;sell;3000;150.96;usd;20260806;88160R101
TRD000195;SELL;900;261.1000;USD;20260821;88160R101
TRD000708;SELL;3,600;472.08;usd;08/05/2026;88160R101
TRD000622;SELL;2600;59.57;USD;20260820;91324P102
TRD001547;buy;3600;50.1300;USD;08/13/2026;023135106
TRD004394;BUY;1,700;192.11;$;08/06/2026;023135106
TRD003274;SELL;1700;495.40;usd;20260809;037833100
TRD004917;sell;2100;381.0900;USD ;08/03/2026;037833100
TRD005790;SELL;4,700;269.91;$;08/12/2026;92826C839
TRD001187;B;4,100;402.4300;USD;2026-08-09;92826C839
TRD004870;B;4,500;100.13;US Dollar;06-Aug-2026;037833100
TRD003046;Sell ;1600;254.52;$;2026-08-18;037833100
TRD000938;Buy ;2,700;308.40;USD ;20260821;68389X105
TRD005231;Sell ;1,700;264.1200;USD ;20260821;46625H100
TRD001285;SELL;4400;24.07;usd;08/05/2026;037833100
TRD004415;sell;2200;133.24;$;20260812;478160104
CUS000028;BUY;1,100;42.15;USD ;2026-08-10;037833100
TRD002866;Sell ;4000;251.97;$;08/17/2026;46625H100
CUS000070; bought;3,700;397.8600;USD;20260810;88160R101
TRD003214;sell;2,500;234.1600;US Dollar;10-Aug-2026;594918104
TRD004537;SELL;1,300;159.0100;usd;11-Aug-2026;023135106
TRD004649;SELL;1,900;260.2100;USD;20260819;68389X105
TRD004549;B;600;72.40;US Dollar;20-Aug-2026;46625H100
TRD002597;Sell ;1300;443.82;USD ;08/12/2026;30303M102
TRD003718;Buy ;200;409.9100;$;2026-08-06;68389X105
TRD001193;Buy ;2,200;462.69;$;20260818;478160104
TRD002397;SELL;4900;448.7200;USD;11-Aug-2026;92826C839
TRD004658; bought;2900;284.36;$;08/21/2026;92826C839
TRD001416; bought;4,200;420.44;USD;2026-08-18;594918104
TRD004592;Sell ;600;472.55;USD;08/20/2026;46625H100
TRD003150;Buy ;4400;94.3000;$;2026-08-05;023135106
TRD001133;sell;1400;333.19;USD ;2026-08-21;91324P102
TRD002483;Buy ;1600;33.90;USD ;08/11/2026;91324P102
TRD004361;SELL;1000;67.59;USD;20-Aug-2026;91324P102
TRD003648; bought;3,800;126.3900;USD ;2026-08-10;88160R101
TRD000794;sell;200;43.1500;usd;06-Aug-2026;46625H100
TRD005879;Buy ;4,600;467.52;US Dollar;20260817;594918104
CUS000159;Buy ;3,500;188.23;US Dollar;08/10/2026;68389X105
TRD004060;S;3800;370.60;USD ;20260813;68389X105
TRD001958;B;2100;50.48;USD ;08/20/2026;68389X105
TRD003378;S;1,000;53.00;USD ;21-Aug-2026;037833100
TRD003744;B;300;399.12;$;08/15/2026;91324P102
TRD002897;Buy ;4,000;259.14;usd;20-Aug-2026;023135106
TRD003466;S;1,000;308.1700;USD;20260821;91324P102
TRD003640;Buy ;1,200;468.4300;USD;2026-08-15;478160104
TRD003965;buy;2000;489.33;USD ;20260820;037833100
TRD005423;S;1600;414.5700;$;20260815;92826C839
TRD001440;Buy ;800;456.09;USD;20260804;594918104
TRD000548; bought;4800;269.0200;US Dollar;20260821;92826C839
TRD003427; bought;1700;399.73;USD ;2026-08-20;023135106
TRD002901;Sell ;800;407.4600;USD;20260812;30303M102
TRD005218;S;3500;47.4800;US Dollar;08/07/2026;023135106
TRD005066; sold;2800;178.45;usd;2026-08-06;91324P102
TRD000680; sold;700;138.97;US Dollar;20260810;30303M102
TRD005532;BUY;2200;160.0500;US Dollar;20260806;478160104
TRD004928;BUY;100;373.1800;US Dollar;20260812;68389X105
TRD002619;B;4,600;303.27;USD;09-Aug-2026;91324P102
CUS000156;Buy ;1,700;79.63;usd;2026-08-10;30303M102
TRD005688;Buy ;500;86.85;USD;17-Aug-2026;92826C839
TRD002985;buy;2,600;246.9500;usd;18-Aug-2026;68389X105
TRD001182;buy;4,500;310.2900;usd;08/12/2026;46625H100
TRD004720; bought;500;432.64;USD;2026-08-09;88160R101
TRD002846; bought;1,200;31.59;USD ;20260813;594918104
TRD001122; bought;4,200;205.53;$;2026-08-15;91324P102
TRD002779;SELL;900;353.6300;usd;08/04/2026;037833100
TRD004659;Sell ;400;58.49;US Dollar;2026-08-11;037833100
TRD002048;B;4900;429.6500;USD ;2026-08-20;88160R101
TRD003238;SELL;5,000;242.0200;usd;2026-08-14;68389X105
TRD004142;SELL;2,900;64.34;US Dollar;20260820;30303M102
TRD001315; bought;2,200;414.0600;usd;08/04/2026;46625H100
TRD001604;S;4,600;227.26;$;2026-08-16;478160104
TRD001422; sold;1000;173.4500;US Dollar;20260807;88160R101
TRD000426;Sell ;3100;249.1800;usd;20260809;30303M102
CUS000276; bought;3,500;173.46;US Dollar;10-Aug-2026;594918104
TRD004736;SELL;1,200;48.6300;USD;2026-08-08;68389X105
TRD002793; bought;4800;418.9200;US Dollar;20260821;023135106
TRD003012;Sell ;3,100;158.2700;usd;2026-08-21;037833100
TRD004431;Sell ;400;194.37;usd;2026-08-23;594918104
TRD002496;sell;3,200;40.30;USD ;12-Aug-2026;30303M102
TRD002973;Sell ;1,300;92.33;usd;08/13/2026;478160104
TRD005231;Sell ;1,700;264.1200;USD;20260821;46625H100
TRD000346;S;2400;482.22;$;2026-08-19;30303M102
TRD003957; bought;3,900;240.37;USD ;03-Aug-2026;91324P102
TRD001608;Buy ;600;148.5700;USD;2026-08-16;478160104
TRD002802;B;100;306.3800;USD;18-Aug-2026;88160R101
TRD004260;SELL;4,400;404.48;USD ;15-Aug-2026;91324P102
TRD000786;B;800;212.26;usd;2026-08-21;30303M102
CUS000038;Buy ;2,400;269.7400;US Dollar;08/10/2026;594918104
TRD000083;Sell ;1700;105.71;US Dollar;20260811;037833100
TRD002010;Buy ;3000;177.70;US Dollar;14-Aug-2026;594918104
TRD002095;BUY;900;107.3000;$;16-Aug-2026;88160R101
TRD005890;B;2,200;404.74;usd;2026-08-06;30303M102
TRD005026;S;1,200;139.1300;USD;2026-08-21;46625H100
TRD004893;Buy ;1000;209.9200;$;20260813;023135106
TRD005715;SELL;2,000;261.0000;usd;2026-08-05;30303M102
TRD004323;BUY;4,700;71.35;USD;20-Aug-2026;037833100
TRD000768;SELL;4300;192.0800;USD ;12-Aug-2026;68389X105
TRD001829;SELL;1600;362.5200;USD ;20260817;68389X105
TRD003994;Buy ;4200;87.61;USD;20260821;91324P102
CUS000213; bought;5,000;389.79;$;20260810;68389X105
TRD001069;sell;1300;67.82;US Dollar;08/09/2026;594918104
TRD001066;sell;3,200;387.5500;USD ;20260807;92826C839
TRD001817;S;4,600;400.33;USD ;20260815;92826C839
TRD003939;B;3600;60.13;usd;08/12/2026;023135106
TRD003605; bought;800;427.0800;usd;2026-08-08;91324P102
TRD005129;S;2900;94.00;usd;20260815;594918104
TRD002037;B;100;45.02;usd;20260813;023135106
TRD002974;BUY;4800;82.6700;USD ;2026-08-18;88160R101
TRD003705;sell;700;371.75;usd;2026-08-13;92826C839
TRD003144;Sell ;700;24.9400;$;08-Aug-2026;92826C839
TRD001150; sold;2900;239.31;US Dollar;2026-08-04;023135106
TRD005836;B;100;61.9300;US Dollar;20260820;594918104
TRD004633;B;2,700;357.72;USD;2026-08-15;88160R101
TRD002769;Sell ;900;64.57;usd;08-Aug-2026;91324P102
TRD000414;B;2300;344.4200;US Dollar;20260811;92826C839
TRD002235;BUY;200;328.96;$;20260821;037833100
TRD000389;buy;1100;259.17;usd;2026-08-19;478160104
CUS000019;B;4900;78.7100;USD;2026-08-10;91324P102
TRD003501;sell;1700;301.8200;usd;20260806;46625H100
TRD003562;sell;2300;281.36;USD;08/07/2026;46625H100
CUS000204;BUY;4,900;301.62;US Dollar;20260810;68389X105
TRD001452;S;3600;366.6300;$;08/05/2026;88160R101
TRD001520;Buy ;2,500;168.45;USD ;14-Aug-2026;594918104
TRD005615;Sell ;4000;330.42;USD ;2026-08-22;023135106
TRD001402; bought;600;278.4400;usd;2026-08-17;594918104
TRD002730; sold;200;174.49;$;15-Aug-2026;88160R101
TRD003600;sell;4100;64.29;USD ;08/18/2026;92826C839
TRD003387;Sell ;2,700;457.16;USD;12-Aug-2026;30303M102
TRD000664;buy;3,000;68.92;US Dollar;2026-08-07;594918104
TRD001939;S;2,200;211.63;USD ;18-Aug-2026;88160R101
TRD004365;sell;3,100;256.64;USD;20260806;037833100
TRD005677;BUY;N/A;226.7000;US Dollar;22-Aug-2026;88160R101
TRD001052;S;3200;350.4400;US Dollar;2026-08-07;88160R101
TRD003521;Sell ;1,000;55.2800;$;08/17/2026;30303M102
TRD001176;Sell ;1200;483.8200;usd;08/21/2026;88160R101
TRD002570;S;1200;172.40;USD;20260803;68389X105
TRD002551;buy;4,800;497.8100;US Dollar;09-Aug-2026;478160104
TRD003542;S;1900;157.1700;$;2026-08-08;037833100
TRD000535;BUY;2,600;484.99;USD ;20260812;478160104
TRD001645;BUY;2200;383.38;$;08-Aug-2026;037833100
TRD000050;Buy ;4700;497.8000;$;2026-08-20;478160104
TRD000505; bought;2500;285.30;usd;04-Aug-2026;037833100
TRD001694;B;4,200;260.21;usd;08/07/2026;88160R101
TRD004671;BUY;2700;70.78;usd;08/03/2026;91324P102
TRD005736;Buy ;2,100;44.5400;$;2026-08-08;037833100
TRD003333;buy;1,700;22.06;$;2026-08-10;037833100
TRD001969;sell;2,300;310.9600;usd;08/19/2026;023135106
TRD001573;buy;1,700;105.4500;USD ;20260815;594918104
TRD002201;Buy ;1500;162.52;usd;2026-08-20;023135106
TRD002788;Buy ;2,400;468.6800;usd;08/05/2026;46625H100
TRD003895;B;2300;354.29;USD;2026-08-15;91324P102
CUS000188;Buy ;700;268.9800;USD;08/10/2026;91324P102
TRD003787;B;1,800;221.97;USD ;16-Aug-2026;594918104
TRD002539; sold;4800;438.24;$;20260818;023135106
TRD005105;SELL;1800;171.2300;$;20260818;92826C839
TRD004771;Buy ;1,200;451.4000;usd;08/14/2026;023135106
TRD005016; bought;400;184.6000;$;08/15/2026;023135106
TRD001237;Buy ;2,600;53.4100;USD ;20260806;92826C839
TRD001772;Sell ;3200;120.43;usd;08/05/2026;478160104
TRD001488;buy;2000;194.40;usd;16-Aug-2026;023135106
TRD004336;Buy ;900;129.48;usd;2026-08-08;594918104
TRD001266;BUY;4100;247.1200;USD ;2026-08-08;92826C839
TRD002220;Sell ;3,200;228.07;usd;08/17/2026;46625H100
CUS000018;BUY;1200;47.50;US Dollar;2026-08-10;68389X105
TRD000201;sell;1,600;322.9600;US Dollar;20260812;023135106
TRD001878;Sell ;800;204.72;usd;20260821;68389X105
TRD001751;S;3,600;432.18;$;08/16/2026;88160R101
TRD001277;buy;3100;164.66;US Dollar;20-Aug-2026;023135106
TRD003039;SELL;4,400;316.87;USD ;08/22/2026;594918104
TRD003075; sold;2,100;206.01;usd;08/15/2026;037833100
TRD000645;sell;2000;375.00;US Dollar;08/10/2026;478160104
TRD001276; sold;4900;413.37;USD;20260804;68389X105
TRD003081;BUY;2,400;265.22;$;08/08/2026;023135106
TRD000275;buy;N/A;164.6800;$;2026-08-09;68389X105
TRD004825;S;2,400;226.5500;US Dollar;20260808;594918104
TRD005122;sell;400;169.4000;usd;20260820;30303M102
TRD001065;sell;4,300;484.2400;usd;08/15/2026;023135106
TRD002492;B;3,500;115.2500;usd;20260808;91324P102
TRD005718;Buy ;4700;134.0200;USD ;20260810;30303M102
TRD002983;sell;1800;351.1800;US Dollar;20260810;594918104
TRD004116;sell;4,600;60.6200;US Dollar;20260822;92826C839
TRD003843;SELL;1,400;363.07;usd;20260806;023135106
TRD000843; sold;3800;251.81;usd;2026-08-19;68389X105
TRD004959;buy;4,000;367.70;$;06-Aug-2026;30303M102
TRD003453;B;3600;60.11;USD;19-Aug-2026;91324P102
TRD001885;BUY;600;329.31;USD;08/15/2026;46625H100
TRD004702;S;500;472.9900;$;2026-08-18;88160R101
TRD001024;Sell ;3000;322.90;USD;21-Aug-2026;46625H100
TRD000409;SELL;1600;35.15;usd;08/06/2026;023135106
TRD002426;Buy ;4,200;57.6500;usd;2026-08-05;023135106
TRD004263;Buy ;4200;63.0400;$;18-Aug-2026;478160104
TRD001004;sell;3,100;422.7100;US Dollar;20260806;478160104
TRD004725;sell;3,400;496.9500;USD ;20260821;023135106
TRD005283;buy;2,200;385.27;US Dollar;20260804;46625H100
TRD000591;Sell ;5000;64.69;USD ;20260819;30303M102
TRD001583;BUY;3100;164.19;$;2026-08-07;30303M102
TRD003129;SELL;4500;476.05;USD ;2026-08-11;46625H100
TRD000305; sold;600;168.6000;usd;2026-08-15;88160R101
TRD004299;Sell ;1200;104.2400;USD;2026-08-18;46625H100
TRD001067;Buy ;2700;327.6300;$;20260806;594918104
TRD003601; sold;1200;71.8800;usd;08/09/2026;30303M102
TRD003186;SELL;3,900;266.4900;USD ;13-Aug-2026;88160R101
TRD005813;B;1,800;499.6100;$;2026-08-09;92826C839
TRD001327;BUY;1,700;464.32;USD;04-Aug-2026;68389X105
TRD003850;B;500;245.62;US Dollar;08/18/2026;594918104
TRD000574;buy;3,700;34.81;US Dollar;10-Aug-2026;30303M102
TRD001321;sell;3800;50.70;$;06-Aug-2026;594918104
TRD002209;BUY;100;453.7500;usd;2026-08-21;92826C839
TRD001916;Sell ;2000;419.53;USD ;20-Aug-2026;478160104
TRD001337;BUY;800;402.3700;$;20260818;478160104
TRD001531;BUY;1100;145.4000;USD;20260807;92826C839
TRD000776; bought;400;438.0100;$;2026-08-07;68389X105
TRD003152;buy;1200;127.2400;$;08/21/2026;478160104
TRD005053;B;N/A;244.90;US Dollar;08/07/2026;46625H100
TRD005869;buy;1,400;174.90;usd;20260807;478160104
TRD004403; bought;3,700;111.96;$;2026-08-17;91324P102
TRD001454;sell;2900;128.42;USD ;08/16/2026;30303M102
CUS000158;Buy ;3,500;138.9100;$;2026-08-10;594918104
CUS000234;buy;5000;99.1300;US Dollar;08/10/2026;478160104
TRD005003;Buy ;5000;96.9500;$;04-Aug-2026;023135106
TRD001445;SELL;500;67.5700;US Dollar;21-Aug-2026;037833100
TRD000347;S;4700;223.76;usd;2026-08-16;92826C839
CUS000238;BUY;3900;332.70;usd;08/10/2026;478160104
TRD004225;buy;800;97.5300;usd;08-Aug-2026;478160104
CUS000230;Buy ;2000;494.19;US Dollar;08/10/2026;68389X105
TRD004869; sold;3,700;36.11;USD ;08/04/2026;68389X105
TRD005270;B;2,400;152.4800;USD ;2026-08-05;88160R101
TRD000910; bought;4,200;311.18;USD;2026-08-11;68389X105
CUS000061;buy;4,500;222.85;$;20260810;88160R101
TRD005196;SELL;4300;309.26;US Dollar;2026-08-13;594918104
TRD003802; bought;1,400;373.74;US Dollar;2026-08-19;92826C839
TRD004080;Buy ;3,600;122.60;usd;2026-08-12;91324P102
TRD001936; sold;2200;93.3000;$;08/09/2026;023135106
TRD004787;sell;3,700;117.51;US Dollar;2026-08-17;88160R101
TRD000580;sell;300;235.8700;$;08/14/2026;594918104
TRD003578;S;4100;88.9500;USD;14-Aug-2026;023135106
CUS000134;BUY;1,100;390.11;US Dollar;2026-08-10;68389X105
TRD001873;buy;3000;155.9500;$;20260820;92826C839
TRD005924; bought;4900;165.82;usd;08/11/2026;88160R101
TRD001674;sell;1,100;359.4600;US Dollar;21-Aug-2026;30303M102
TRD000785;S;N/A;372.13;$;20260810;88160R101
TRD001290;B;4,300;386.6500;USD ;21-Aug-2026;68389X105
CUS000227;buy;4300;450.2800;USD;08/10/2026;594918104
TRD004949;Sell ;2500;312.9300;USD;21-Aug-2026;92826C839
CUS000293;Buy ;4,700;181.8400;$;2026-08-10;30303M102
TRD004160;Sell ;3,700;368.60;usd;18-Aug-2026;023135106
TRD002239;SELL;2,600;58.29;US Dollar;08/13/2026;478160104
TRD000692;B;2000;174.85;USD;20260808;46625H100
TRD000269;buy;2100;392.8800;USD ;2026-08-21;92826C839
TRD001008;SELL;4200;278.45;usd;20260812;88160R101
TRD003981; sold;3,600;313.29;USD ;12-Aug-2026;037833100
TRD000767;buy;4,700;126.73;$;20260820;478160104
TRD000513;B;4900;356.33;USD;2026-08-05;91324P102
TRD003100;buy;800;61.33;$;20260810;478160104
TRD001701; bought;4,500;79.03;USD ;08/07/2026;91324P102
TRD002639;BUY;2,700;119.43;usd;16-Aug-2026;68389X105
TRD005813;B;1,800;499.6100;US Dollar;2026-08-09;92826C839
TRD003652;buy;4000;173.8100;$;20260818;30303M102
TRD005366;SELL;700;430.50;USD;08/05/2026;478160104
TRD003608;S;3800;281.4100;USD;20260816;46625H100
TRD001732;buy;1600;480.23;US Dollar;20260804;88160R101
TRD002062; sold;2400;175.7900;USD;2026-08-20;30303M102
TRD004750;BUY;1,300;120.1700;$;08/16/2026;478160104
TRD005570;Buy ;3300;160.39;USD ;13-Aug-2026;68389X105
TRD000014;buy;4100;350.3200;US Dollar;10-Aug-2026;88160R101
TRD004761;Sell ;4,600;221.5000;$;2026-08-15;88160R101
TRD001325;S;3800;103.25;USD;20260805;594918104
TRD005516;B;4200;370.9500;USD;08/07/2026;037833100
TRD002769;Sell ;900;64.57;usd;08-Aug-2026;91324P102
TRD001425;buy;4,100;112.28;usd;08/06/2026;92826C839
TRD005871;Sell ;100;38.07;USD;08/21/2026;92826C839
TRD001242;Sell ;4400;166.18;US Dollar;2026-08-16;88160R101
TRD001365;SELL;2,200;261.1000;US Dollar;12-Aug-2026;46625H100
TRD000808;Buy ;800;65.60;USD ;05-Aug-2026;037833100
TRD000037;Sell ;400;129.8900;usd;04-Aug-2026;88160R101
CUS000151; bought;4200;372.7000;$;2026-08-10;92826C839
TRD005937;Buy ;100;154.7200;$;08/17/2026;92826C839
TRD002554;S;300;330.66;USD;18-Aug-2026;46625H100
TRD002035;S;2,000;72.8300;US Dollar;20260814;30303M102
TRD002084;BUY;1,500;31.52;US Dollar;08/17/2026;46625H100
TRD001808; bought;3,400;25.3000;USD ;20260813;46625H100
TRD004592;Sell ;600;472.55;USD ;08/20/2026;46625H100
CUS000222;B;1600;109.71;USD ;10-Aug-2026;023135106
TRD004149;buy;2,100;215.2300;USD;08/09/2026;478160104
TRD004868;SELL;4,600;64.29;USD;2026-08-14;91324P102
TRD005095;Buy ;2500;402.83;USD ;2026-08-13;92826C839
TRD001894;BUY;N/A;357.9400;USD;09-Aug-2026;478160104
TRD002664;Buy ;1,600;99.9000;USD ;08/18/2026;594918104
TRD003420;Buy ;3600;27.89;usd;08/05/2026;594918104
TRD004510;sell;3700;217.6500;usd;2026-08-04;46625H100
TRD003087;SELL;2000;193.25;USD ;2026-08-04;023135106
TRD002031;BUY;900;201.99;US Dollar;20260811;023135106
TRD000853;SELL;3,800;293.91;usd;08/16/2026;91324P102
CUS000008;BUY;4,000;41.7300;USD;20260810;88160R101
TRD002006;sell;800;159.2300;$;18-Aug-2026;30303M102
TRD004252;Sell ;N/A;358.7900;$;08/20/2026;30303M102
TRD000131;sell;3700;395.6600;USD ;08/14/2026;91324P102
TRD000482;Buy ;2,200;165.53;US Dollar;03-Aug-2026;023135106
TRD000884;sell;N/A;31.4000;USD ;13-Aug-2026;037833100
TRD004000;S;300;93.79;USD ;20260820;92826C839
TRD002040;Buy ;100;347.82;USD ;08/07/2026;88160R101
TRD001006;S;1,700;185.19;USD;16-Aug-2026;594918104
TRD002650;buy;3800;95.03;USD ;08/14/2026;92826C839
TRD001532;Sell ;2,100;236.72;US Dollar;2026-08-07;30303M102
TRD002545; bought;3,400;172.15;usd;2026-08-05;92826C839
CUS000287;B;1,700;255.8500;$;20260810;037833100
TRD004617;sell;400;243.0300;USD;08/08/2026;023135106
TRD002170;SELL;900;324.4600;USD;2026-08-21;594918104
TRD003314;buy;2600;111.91;USD;2026-08-05;037833100
TRD002331;BUY;700;480.36;usd;20260818;88160R101
TRD004351;Buy ;N/A;290.9900;usd;20260822;037833100
TRD001433; bought;2000;351.70;USD;20260807;478160104
TRD003526; bought;4,800;42.2500;USD;20260806;594918104
TRD001985;B;2300;356.2200;$;12-Aug-2026;91324P102
TRD002117; sold;3,400;201.2300;US Dollar;20260807;023135106
TRD002059;BUY;1,600;160.0800;USD;08/07/2026;30303M102
TRD003042;Buy ;1,400;449.73;US Dollar;20260810;88160R101
TRD003072;buy;1,700;129.15;$;08/04/2026;91324P102
TRD000453;Sell ;2,000;367.1700;usd;20260815;30303M102
CUS000262;Buy ;3,700;352.09;USD;08/10/2026;91324P102
TRD002321;Buy ;4400;327.04;US Dollar;07-Aug-2026;30303M102
TRD002091;Sell ;1700;409.15;USD ;05-Aug-2026;037833100
CUS000009;BUY;500;227.6900;usd;20260810;037833100
TRD004115;Sell ;2,700;90.8100;USD ;2026-08-10;30303M102
TRD002790;Buy ;3500;231.4000;US Dollar;08/22/2026;037833100
TRD000726; sold;3400;404.22;USD ;20260822;68389X105
CUS000250; bought;800;452.8200;$;08/10/2026;91324P102
TRD002638;Sell ;300;310.2200;$;2026-08-09;30303M102
TRD001578;buy;2,900;445.00;usd;18-Aug-2026;30303M102
TRD005875; sold;4,000;298.1100;USD ;17-Aug-2026;037833100
TRD002431; sold;2,400;130.83;USD ;20260813;594918104
TRD002414;BUY;3,400;433.07;USD ;21-Aug-2026;88160R101
TRD005828;BUY;4,900;464.35;US Dollar;20260816;46625H100
TRD003571;sell;2,500;50.0500;USD ;20260804;594918104
TRD002630;BUY;2,100;198.94;$;2026-08-07;92826C839
TRD002386; sold;1,600;272.89;usd;11-Aug-2026;88160R101
TRD002179; bought;1900;425.6400;US Dollar;08/16/2026;30303M102
TRD005285; sold;4,300;115.0000;$;2026-08-05;88160R101
TRD004518;S;5,000;417.9200;USD;08/09/2026;30303M102
TRD001124; sold;1200;115.46;$;20260817;91324P102
TRD000261;B;1000;335.23;US Dollar;2026-08-10;594918104
TRD003461;SELL;4,200;301.20;usd;05-Aug-2026;023135106
TRD003643;S;1,800;398.98;USD;08/10/2026;023135106
TRD004588; sold;600;204.5500;USD ;2026-08-07;023135106
TRD002009;Sell ;4000;427.2100;USD ;20260805;88160R101
TRD004311;BUY;4,100;335.81;US Dollar;20260808;92826C839
TRD005165;S;600;266.4700;$;2026-08-16;30303M102
TRD003375;SELL;3500;162.66;USD;20-Aug-2026;30303M102
TRD002112;buy;2,200;233.1100;USD;03-Aug-2026;30303M102
TRD001346;sell;400;447.4300;US Dollar;20260808;023135106
TRD004669;Sell ;2900;270.8400;USD;2026-08-03;478160104
CUS000249; bought;1300;374.9600;US Dollar;08/10/2026;594918104
TRD002695;B;1800;312.15;US Dollar;06-Aug-2026;023135106
TRD005684;BUY;200;50.4500;$;20260807;88160R101
TRD003918;Sell ;4,500;51.66;USD;08/22/2026;92826C839
TRD003716;Sell ;1400;255.36;USD ;2026-08-13;68389X105
TRD004187;buy;4300;54.43;US Dollar;08/15/2026;68389X105
TRD002101; bought;200;117.57;$;03-Aug-2026;88160R101
TRD001011;S;2200;222.47;$;22-Aug-2026;92826C839
CUS000241;B;3500;470.0500;usd;2026-08-10;46625H100
TRD000947;SELL;3100;398.9900;usd;15-Aug-2026;88160R101
CUS000211; bought;4,400;420.2500;USD;20260810;68389X105
TRD005182;S;1,500;246.33;usd;08/21/2026;037833100
TRD001896;B;4,800;107.71;$;10-Aug-2026;30303M102
TRD002030;S;1,300;496.4200;USD;20260821;68389X105
CUS000098;buy;2000;59.1800;USD ;20260810;88160R101
TRD005392;B;N/A;333.6400;US Dollar;15-Aug-2026;88160R101
TRD003679;SELL;800;403.67;US Dollar;08/13/2026;594918104
TRD001869;Buy ;3,100;231.86;USD;2026-08-19;92826C839
CUS000257;buy;3,000;276.98;USD ;2026-08-10;68389X105
TRD005037;Buy ;900;31.1900;usd;20260811;88160R101
TRD005814;S;1000;457.1700;US Dollar;2026-08-13;594918104
TRD002469;B;3,600;337.3400;USD;08/04/2026;037833100
TRD005174;S;2,500;213.37;usd;2026-08-21;023135106
TRD002766;SELL;2,900;79.09;US Dollar;20260815;037833100
TRD000363;Sell ;2,100;340.5600;usd;20260805;91324P102
TRD002358; bought;4000;451.88;USD;20260807;594918104
CUS000101;BUY;1300;26.02;$;10-Aug-2026;46625H100
TRD004164;S;1300;448.9400;usd;08/22/2026;92826C839
TRD003634;buy;3,700;114.15;USD;04-Aug-2026;91324P102
TRD003019;B;1100;51.03;usd;08/05/2026;478160104
TRD004125;Sell ;2,400;484.1900;USD ;2026-08-16;88160R101
TRD003479; bought;400;148.5500;US Dollar;20260804;594918104
TRD004925;B;1700;146.9600;usd;20260809;88160R101
TRD005265;Sell ;3,600;175.22;$;2026-08-08;88160R101
TRD003616;Buy ;1,000;371.6000;USD ;08/19/2026;68389X105
TRD002153;buy;2,200;50.95;US Dollar;20260813;92826C839
TRD005371;Sell ;3,000;428.52;usd;12-Aug-2026;88160R101
TRD005399;SELL;400;342.71;USD ;2026-08-06;478160104
TRD002599;Sell ;1000;348.66;usd;08/14/2026;037833100
TRD002743; sold;2,900;378.69;$;2026-08-09;68389X105
TRD003781;B;4,600;226.15;USD ;20260811;478160104
TRD000748; bought;3,000;44.27;usd;08/14/2026;023135106
TRD000134;Sell ;2,800;104.55;usd;20260819;30303M102
CUS000069;BUY;2,900;491.2800;usd;2026-08-10;92826C839
TRD004595; bought;1500;139.54;USD ;20260806;594918104
TRD001236;Sell ;3,000;176.1800;usd;08/06/2026;478160104
TRD000111;B;2800;206.95;$;20260821;037833100
CUS000160;Buy ;4100;122.4600;US Dollar;08/10/2026;88160R101
TRD005651;Sell ;3,200;187.8000;$;2026-08-18;037833100
TRD005595;Sell ;3,100;293.66;US Dollar;2026-08-11;46625H100
TRD001666;Buy ;2000;446.75;usd;08/09/2026;68389X105
TRD003798;B;800;410.5600;usd;15-Aug-2026;92826C839
TRD001298; sold;1,400;314.7000;usd;20260807;478160104
TRD002532; bought;4100;288.39;usd;10-Aug-2026;88160R101
TRD001822;Sell ;2,700;496.3500;usd;08/20/2026;594918104
TRD005034;Buy ;100;319.45;$;08/21/2026;594918104
TRD002499; bought;4800;440.7800;usd;08/05/2026;594918104
TRD002835;B;4,100;70.4900;US Dollar;08/12/2026;30303M102
TRD002698;sell;2200;274.10;usd;11-Aug-2026;91324P102
TRD002531;Buy ;400;319.9900;usd;2026-08-22;68389X105
TRD001462;BUY;3,900;476.07;usd;2026-08-18;91324P102
TRD000372;sell;400;419.07;$;2026-08-19;68389X105
TRD001825;B;500;326.6600;USD ;2026-08-17;46625H100
TRD004319;B;1,600;242.3700;USD;07-Aug-2026;46625H100
TRD000255;Buy ;700;170.02;USD;2026-08-13;30303M102
CUS000077;BUY;2900;163.7100;usd;2026-08-10;91324P102
TRD002980;buy;1,200;159.0800;USD ;06-Aug-2026;91324P102
TRD000442;Sell ;4600;405.1000;usd;20260806;30303M102
TRD004069;S;4700;22.0500;USD;2026-08-14;92826C839
TRD005994;SELL;1100;89.97;$;2026-08-04;478160104
TRD005131;BUY;2,600;83.56;US Dollar;08/06/2026;46625H100
TRD005159;sell;300;404.69;usd;08/05/2026;88160R101
TRD000617; bought;3900;54.09;usd;08/03/2026;88160R101
TRD004262;Sell ;1,800;203.09;usd;21-Aug-2026;037833100
TRD002306;buy;2200;406.10;USD;2026-08-07;023135106
TRD000725; bought;2600;453.33;usd;04-Aug-2026;91324P102
TRD000226;B;4,100;471.3400;USD;08/06/2026;023135106
TRD000603;S;4,600;65.6900;USD ;2026-08-09;478160104
TRD002908;BUY;3400;63.66;US Dollar;08/13/2026;91324P102
TRD002416;Buy ;2,300;279.41;$;20260804;92826C839
TRD004135; bought;4,300;477.76;$;20-Aug-2026;92826C839
TRD001861; sold;3,400;174.39;$;2026-08-18;037833100
TRD002618; sold;2500;437.75;USD;08/05/2026;68389X105
TRD003231;sell;3,600;44.03;USD ;2026-08-05;91324P102
TRD004850;buy;1800;57.3300;$;2026-08-18;68389X105
TRD004271;SELL;1,400;118.12;$;20260803;023135106
TRD004037;SELL;2,300;186.1300;USD ;10-Aug-2026;88160R101
TRD001388;sell;4600;276.95;usd;2026-08-08;68389X105
TRD002313;SELL;4100;455.2900;$;2026-08-10;92826C839
TRD003392; sold;4800;42.3500;usd;2026-08-05;46625H100
TRD002297;Sell ;2,000;253.68;usd;08/05/2026;30303M102
TRD001301;Sell ;100;467.79;usd;20260815;30303M102
TRD005604; sold;2100;61.29;$;03-Aug-2026;91324P102
TRD000923;Buy ;4,200;175.5500;US Dollar;08/19/2026;30303M102
TRD005982;B;1,000;46.4400;US Dollar;2026-08-12;594918104
TRD000840;buy;4100;421.98;US Dollar;20260821;594918104
TRD003405;sell;1,800;97.0200;USD;2026-08-11;478160104
TRD003450;buy;4200;298.72;USD ;2026-08-08;037833100
CUS000271;Buy ;4600;115.10;USD ;10-Aug-2026;91324P102
TRD003338;Sell ;3300;469.93;US Dollar;09-Aug-2026;91324P102
TRD004175;BUY;4900;146.07;USD ;2026-08-07;023135106
TRD004851;buy;2300;225.63;USD ;20260814;023135106
TRD004578; bought;300;262.0000;US Dollar;06-Aug-2026;023135106
TRD004479;SELL;200;363.0700;USD;2026-08-17;037833100
TRD000982;S;1200;248.7500;US Dollar;14-Aug-2026;023135106
TRD002437;B;800;61.48;USD ;16-Aug-2026;91324P102
TRD005769; sold;3400;249.3600;US Dollar;08/13/2026;037833100
TRD005760;buy;4,900;72.86;usd;08/21/2026;594918104
TRD000250;S;500;80.57;$;2026-08-22;92826C839
TRD002094;BUY;2800;499.8200;US Dollar;20260811;68389X105
TRD004443;SELL;1300;24.6300;usd;08/20/2026;46625H100
TRD004941;Buy ;1,300;481.15;usd;08/10/2026;46625H100
TRD004043;SELL;4,500;346.50;$;2026-08-10;023135106
TRD000674;B;1800;203.85;usd;2026-08-16;023135106
CUS000042;B;3400;26.19;usd;10-Aug-2026;68389X105
TRD001534;Buy ;2500;107.31;usd;2026-08-15;92826C839
TRD001556;Buy ;1100;171.46;USD ;2026-08-18;68389X105
TRD001280;SELL;3,400;347.78;US Dollar;04-Aug-2026;594918104
TRD001391;B;2,400;108.5600;USD ;08/20/2026;037833100
TRD003398;Buy ;1,300;437.58;usd;20260810;478160104
TRD002324;sell;800;269.51;USD ;2026-08-10;023135106
TRD002445;Sell ;300;55.4000;USD ;08/14/2026;478160104
TRD005672;B;2600;418.3400;US Dollar;08/19/2026;88160R101
TRD000646;BUY;3,200;498.9400;USD ;08/09/2026;91324P102
TRD002296;Sell ;3,400;484.0000;USD ;2026-08-22;91324P102
TRD005443;Buy ;3,000;155.26;$;08/21/2026;037833100
TRD003431; sold;1,800;20.04;USD ;20260814;88160R101
CUS000113;BUY;4300;331.68;USD;10-Aug-2026;88160R101
TRD001081;sell;3300;182.0100;usd;08-Aug-2026;91324P102
TRD004880; bought;1,400;271.59;US Dollar;20260813;92826C839
TRD005388; bought;3800;495.40;US Dollar;2026-08-13;46625H100
TRD004172;BUY;3,600;345.33;$;2026-08-08;594918104
TRD003518;B;1,900;128.4100;USD ;08/15/2026;91324P102
CUS000191;buy;1000;465.1100;usd;20260810;91324P102
TRD000906;S;2100;480.1600;US Dollar;2026-08-08;037833100
TRD002884;BUY;4,900;192.0100;usd;08/06/2026;594918104
TRD001778;B;1,300;237.00;US Dollar;10-Aug-2026;46625H100
TRD003473;B;1000;402.90;USD;20260819;023135106
TRD003866;sell;3,500;381.3000;USD ;08/20/2026;46625H100
CUS000181;Buy ;3,900;141.8100;US Dollar;2026-08-10;46625H100
TRD001552;SELL;900;63.03;$;19-Aug-2026;46625H100
TRD002694; bought;500;184.34;USD ;2026-08-12;023135106
TRD003691;buy;2,500;374.3800;US Dollar;2026-08-05;91324P102
TRD000696; bought;100;475.4200;$;08/21/2026;46625H100
TRD001335;S;700;317.0800;USD ;20-Aug-2026;91324P102
CUS000253;buy;4,200;314.4500;US Dollar;08/10/2026;92826C839
TRD001275;sell;1100;121.2100;USD ;2026-08-14;037833100
TRD002025;Sell ;2200;226.2400;US Dollar;2026-08-22;037833100
TRD002370;S;2,700;307.11;usd;2026-08-22;594918104
TRD002123;BUY;1,100;279.95;USD ;2026-08-05;023135106
TRD002200;S;4100;323.12;$;14-Aug-2026;68389X105
TRD005988;sell;4200;409.07;$;20260814;46625H100
TRD000985;BUY;1600;400.37;$;14-Aug-2026;68389X105
TRD000810;Sell ;4000;148.7900;USD;05-Aug-2026;88160R101
TRD005700;Sell ;2100;382.7800;usd;10-Aug-2026;478160104
TRD005669;buy;3300;115.34;usd;20260811;91324P102
CUS000085;BUY;4,100;309.94;USD;20260810;68389X105
TRD004366;BUY;4100;367.21;usd;08/21/2026;68389X105
TRD004931; bought;1,600;24.30;US Dollar;20260820;30303M102
TRD001351;BUY;1,900;309.7500;$;08/22/2026;68389X105
TRD000979;BUY;1,500;344.92;US Dollar;20260810;88160R101
CUS000157;Buy ;500;294.43;$;20260810;91324P102
TRD002369; bought;3,700;454.08;USD;04-Aug-2026;88160R101
TRD005592;S;3,900;238.74;usd;21-Aug-2026;023135106
TRD004059; bought;3700;450.47;usd;20260805;68389X105
CUS000064;buy;2,300;112.8000;USD;08/10/2026;478160104
TRD002276;B;500;99.99;USD;13-Aug-2026;478160104
TRD002215;B;4500;471.1300;$;11-Aug-2026;30303M102
TRD003869;B;100;43.59;USD;20260822;92826C839
TRD005222; sold;2800;477.8100;usd;2026-08-03;594918104
TRD005383;SELL;100;86.6900;USD ;08/14/2026;30303M102
TRD003574;Buy ;500;190.0900;usd;2026-08-04;92826C839
TRD000233;S;4000;215.9000;$;12-Aug-2026;037833100
TRD000851; sold;4200;488.09;$;20260808;91324P102
TRD000297; sold;2900;69.68;$;08/13/2026;594918104
TRD001756;BUY;100;326.6100;US Dollar;08/10/2026;478160104
TRD005473;sell;3,200;225.4000;USD;20260816;46625H100
TRD005190;BUY;3200;309.2100;$;20260820;92826C839
TRD004385;buy;3,900;404.9500;USD;20260812;594918104
TRD001423;Buy ;1,800;193.3600;$;14-Aug-2026;037833100
TRD003548;buy;3700;139.1400;US Dollar;13-Aug-2026;92826C839
TRD001787;buy;500;192.9100;USD;08/20/2026;023135106
TRD004899;SELL;2300;407.7200;USD;2026-08-22;46625H100
TRD000847;Buy ;2200;485.84;usd;20260817;68389X105
TRD005081;sell;1,700;350.60;$;2026-08-03;594918104
TRD002447;Sell ;4,500;80.3800;US Dollar;08/09/2026;92826C839
TRD004642; bought;800;92.39;$;13-Aug-2026;46625H100
TRD002125;buy;300;135.36;US Dollar;2026-08-05;92826C839
TRD004641; bought;2,000;368.5100;usd;15-Aug-2026;91324P102
TRD002763;SELL;2,100;437.87;$;2026-08-10;023135106
TRD005603;sell;4,300;45.5700;usd;12-Aug-2026;46625H100
TRD003676;sell;200;85.3400;US Dollar;20260803;037833100
TRD000948;sell;4,800;455.7700;usd;08/21/2026;594918104
TRD002787;BUY;3900;366.8100;USD ;08-Aug-2026;68389X105
TRD002924;Sell ;1,500;198.4600;USD;08/15/2026;037833100
TRD000325; bought;1,900;460.35;usd;18-Aug-2026;68389X105
TRD000211;B;2500;429.6000;US Dollar;20260806;023135106
TRD002417;Buy ;700;57.1900;$;20260817;594918104
TRD001765;SELL;2000;238.9800;$;08/14/2026;88160R101
TRD004866;buy;2,700;427.56;usd;20260807;46625H100
TRD000675;S;3,400;139.59;usd;20260820;037833100
TRD000445;sell;3,100;383.53;$;09-Aug-2026;023135106
TRD003140; bought;3200;384.3400;usd;2026-08-05;478160104
TRD004282; bought;2400;48.0800;$;08/16/2026;30303M102
TRD005337;S;N/A;297.51;usd;20260808;46625H100
CUS000117;Buy ;4200;448.25;USD ;2026-08-10;68389X105
TRD003257;BUY;2700;480.62;$;08/10/2026;68389X105
TRD002322;SELL;4700;494.80;US Dollar;08/03/2026;478160104
TRD005619;Sell ;4,400;324.89;USD;20260819;594918104
TRD002099; sold;1,500;204.62;USD;20260821;46625H100
TRD003938;sell;3600;461.38;USD ;08/18/2026;46625H100
TRD003896;B;3600;195.7000;USD ;2026-08-08;88160R101
TRD001492; bought;2,200;151.2200;USD;2026-08-21;91324P102
TRD000618;Sell ;900;205.6800;USD;2026-08-21;46625H100
TRD002100; sold;5,000;352.88;$;10-Aug-2026;594918104
TRD002855;buy;4,600;240.36;US Dollar;2026-08-13;478160104
TRD005544; sold;3,900;37.8600;$;2026-08-17;594918104
TRD001463;B;5,000;238.2200;USD ;20260806;30303M102
TRD005837;sell;2,000;165.66;$;08/08/2026;30303M102
TRD002130;Buy ;4800;261.72;USD;20260819;68389X105
TRD001716; bought;1,400;492.45;$;20260815;594918104
TRD002455; sold;3,700;442.20;US Dollar;20260813;594918104
TRD000253;S;4200;441.3000;USD ;20-Aug-2026;023135106
TRD002684;sell;200;126.0900;usd;14-Aug-2026;92826C839
TRD002434;Sell ;2900;397.43;$;2026-08-10;92826C839
TRD003626;buy;2900;320.5100;US Dollar;2026-08-19;478160104
CUS000286;buy;3,900;72.6200;USD ;08/10/2026;92826C839
TRD000556;sell;3,600;96.8700;$;2026-08-20;46625H100
TRD000895;S;3600;87.8600;$;20260804;037833100
TRD005045;Sell ;2,200;128.06;US Dollar;2026-08-05;594918104
TRD001923; bought;2,200;200.96;US Dollar;15-Aug-2026;91324P102
CUS000296; bought;100;363.59;USD;10-Aug-2026;46625H100
TRD001131; sold;4400;129.17;USD ;2026-08-10;92826C839
TRD005638;B;3800;300.1900;$;08/13/2026;92826C839
TRD005237;buy;100;475.19;USD ;08-Aug-2026;594918104
TRD001147;S;1,600;225.23;USD ;2026-08-04;92826C839
CUS000171;Buy ;700;324.52;USD ;2026-08-10;023135106
TRD003337;SELL;4,700;401.42;USD ;12-Aug-2026;92826C839
TRD000610;sell;2900;432.78;usd;2026-08-05;594918104
TRD004911;buy;2900;391.86;USD;08/06/2026;478160104
TRD003619; sold;5000;347.29;US Dollar;20260810;46625H100
TRD005714;sell;5,000;274.89;$;20-Aug-2026;91324P102
CUS000137;BUY;1200;60.59;USD;2026-08-10;30303M102
TRD003788;B;2,200;320.88;usd;20260803;594918104
TRD003098; sold;2100;88.08;US Dollar;17-Aug-2026;023135106
TRD005263;sell;3200;348.9500;USD;2026-08-15;30303M102
CUS000125;buy;3600;309.17;USD ;2026-08-10;478160104
CUS000080;buy;1800;171.68;$;2026-08-10;68389X105
TRD005705;sell;1,700;443.83;US Dollar;08/08/2026;46625H100
TRD001684;B;5000;63.0200;US Dollar;20260812;46625H100
TRD005635; sold;4500;113.4600;USD ;20260815;594918104
TRD005114;SELL;3800;357.87;USD;20260820;594918104
CUS000294;BUY;1,300;149.6700;usd;2026-08-10;30303M102
TRD001614;SELL;N/A;302.5600;US Dollar;20260812;594918104
TRD003795; bought;3800;162.8600;usd;20260822;478160104
TRD005432;Buy ;300;59.84;usd;08/13/2026;68389X105
TRD005491; sold;4300;285.8000;USD ;08/18/2026;46625H100
CUS000223;B;4800;413.3800;USD ;10-Aug-2026;478160104
TRD000903;buy;4,200;132.5800;US Dollar;12-Aug-2026;92826C839
TRD003630; sold;2,900;151.9500;US Dollar;20260805;92826C839
TRD004306;SELL;3,400;259.5700;usd;22-Aug-2026;92826C839
TRD001181;BUY;3800;370.27;USD;2026-08-19;594918104
TRD003159; bought;1,600;455.1800;USD ;08/07/2026;594918104
TRD005212;Buy ;1,800;146.4400;usd;12-Aug-2026;88160R101
TRD004882;BUY;2,000;346.27;usd;20260808;91324P102
TRD004137;Sell ;2000;122.4800;$;20260804;478160104
TRD003486;S;N/A;340.15;usd;20260812;46625H100
TRD005794;S;2,300;278.78;$;2026-08-06;91324P102
TRD000689; sold;2,100;50.53;US Dollar;20260807;92826C839
TRD004512;SELL;1200;262.72;US Dollar;08/11/2026;92826C839
TRD005372;buy;3,200;468.2700;$;2026-08-06;92826C839
TRD005628; sold;700;214.66;USD;08/18/2026;46625H100
TRD000447;Buy ;4,600;193.66;USD ;21-Aug-2026;594918104
TRD003033;BUY;2,000;418.29;$;2026-08-20;30303M102
CUS000272;Buy ;1800;480.7100;usd;20260810;023135106
TRD003089;B;1,200;432.97;USD ;08/09/2026;478160104
TRD000554;BUY;300;408.89;usd;06-Aug-2026;037833100
TRD001129;SELL;1,800;128.2800;usd;2026-08-13;46625H100
TRD004596;sell;1600;477.48;$;05-Aug-2026;594918104
TRD000118; sold;200;60.2900;USD;2026-08-16;68389X105
TRD000571;S;2,300;476.88;USD ;20260818;68389X105
TRD005149;Sell ;100;300.2600;usd;20260816;594918104
TRD001886; sold;600;268.90;USD;20260809;46625H100
TRD004645;Sell ;1800;404.49;$;20260805;594918104
TRD002058;B;1,800;285.0300;USD;2026-08-08;023135106
TRD000240;BUY;1500;177.71;$;08/07/2026;92826C839
TRD001363;Sell ;2600;108.77;USD;14-Aug-2026;478160104
TRD000604;buy;3800;128.5700;usd;08/17/2026;037833100
TRD005798;Buy ;3,000;490.91;$;2026-08-14;88160R101
TRD003494;BUY;2000;226.06;US Dollar;2026-08-11;30303M102
TRD005336; sold;2900;199.9700;US Dollar;13-Aug-2026;30303M102
TRD004093;B;2,600;453.48;usd;2026-08-06;92826C839
TRD004433; sold;4,100;123.12;USD ;08/07/2026;30303M102
TRD004284;SELL;4500;257.69;$;2026-08-11;46625H100
TRD005607;Sell ;4,500;368.24;USD;10-Aug-2026;88160R101
TRD002478;Sell ;3,500;250.86;$;20260806;023135106
TRD001771;buy;4,100;401.8900;USD;07-Aug-2026;91324P102
TRD003573;Buy ;1300;410.87;US Dollar;08/13/2026;037833100
TRD002637;S;2800;151.90;USD;20260808;30303M102
TRD000880;B;1,900;451.18;usd;09-Aug-2026;88160R101
TRD005450;sell;2,600;108.23;USD ;08/22/2026;92826C839
TRD004221;BUY;1,200;482.1900;US Dollar;20260817;594918104
TRD005799;buy;N/A;377.5300;$;2026-08-16;594918104
TRD000271; sold;1,800;232.6900;USD;2026-08-16;478160104
TRD001818;SELL;1200;219.2300;US Dollar;08/08/2026;92826C839
TRD001191; bought;100;74.64;USD ;13-Aug-2026;88160R101
TRD001594;B;3100;240.88;$;2026-08-15;92826C839
TRD000461;Sell ;4900;30.91;USD;20260812;478160104
TRD000576; sold;5,000;387.64;$;2026-08-20;91324P102
TRD004209;buy;200;477.8300;USD ;08/21/2026;88160R101
TRD004605;S;1,800;442.9900;usd;08/03/2026;68389X105
CUS000139;Buy ;4300;157.61;USD;20260810;037833100
CUS000290;B;300;421.5400;usd;2026-08-10;594918104
TRD003032; bought;1,800;181.91;USD;03-Aug-2026;478160104
TRD002596; sold;3,000;199.58;US Dollar;2026-08-17;037833100
TRD002713;S;1,600;183.7500;usd;2026-08-20;91324P102
TRD000104;Buy ;4,900;447.88;$;2026-08-22;91324P102
TRD005995;Sell ;1800;288.2500;USD ;2026-08-22;478160104
TRD001934;S;4500;79.26;usd;21-Aug-2026;478160104
TRD000304;S;4500;337.8200;usd;2026-08-07;92826C839
TRD003008;BUY;4800;464.7500;usd;2026-08-08;594918104
TRD002407;sell;2,100;421.2800;USD;08-Aug-2026;478160104
TRD004357;Buy ;800;443.97;USD;20260820;46625H100
TRD000417;buy;2400;289.03;USD ;08/11/2026;30303M102
TRD001992;S;3000;261.0700;US Dollar;08/11/2026;46625H100
TRD000796; bought;4,400;322.55;usd;12-Aug-2026;46625H100
TRD001647;S;3300;69.36;US Dollar;2026-08-04;88160R101
TRD004337;sell;4600;466.4800;USD ;08/07/2026;68389X105
TRD000358;Buy ;2100;331.7900;USD ;20260810;594918104
TRD005048;Sell ;1900;385.80;USD;20260815;46625H100
TRD002372; bought;3200;263.65;US Dollar;08/15/2026;46625H100
TRD005201;Sell ;400;238.25;US Dollar;2026-08-07;023135106
TRD001711; bought;5000;409.70;US Dollar;08/03/2026;594918104
TRD004192;Buy ;2800;489.1300;usd;2026-08-11;594918104
TRD004836;Buy ;1,200;115.94;usd;2026-08-16;594918104
TRD005187;B;2100;117.2100;USD ;08/19/2026;594918104
TRD000220; sold;1200;116.38;$;20260820;88160R101
CUS000196;B;3700;198.97;usd;2026-08-10;037833100
TRD001882;SELL;2400;322.86;USD ;2026-08-03;68389X105
TRD001586;B;3,000;320.35;USD;2026-08-21;30303M102
TRD000149;Sell ;700;419.66;$;20260812;023135106
TRD003401;SELL;1,400;218.4300;$;20260812;68389X105
TRD005227;buy;2600;481.63;usd;09-Aug-2026;037833100
TRD002467;Buy ;4800;266.1700;USD ;20260805;88160R101
TRD001706;B;100;342.9000;US Dollar;08/16/2026;91324P102
TRD005637; sold;4600;278.1300;$;22-Aug-2026;037833100
TRD002641;buy;200;360.3200;$;10-Aug-2026;594918104
TRD005648;S;300;46.9200;US Dollar;2026-08-14;037833100
TRD005405;SELL;2,000;33.5700;usd;08/11/2026;594918104
TRD004141;S;1,000;467.3200;US Dollar;2026-08-05;88160R101
TRD004136;B;1,200;471.66;USD;08/07/2026;30303M102
TRD002943; bought;1,300;452.7500;US Dollar;08/04/2026;46625H100
TRD005492;B;500;443.54;usd;08/13/2026;023135106
TRD002533; sold;1300;151.8000;US Dollar;2026-08-16;92826C839
TRD005876;B;700;239.64;$;08/03/2026;46625H100
TRD001055; sold;4500;277.4500;$;20260806;68389X105
TRD004176;Sell ;1400;491.4300;USD;20260807;68389X105
TRD003029;sell;2,100;203.1000;usd;08/07/2026;46625H100
TRD004042;S;3100;146.13;US Dollar;2026-08-10;478160104
TRD003206;Buy ;1,600;316.7900;USD ;08/21/2026;30303M102
TRD001027;Buy ;2,000;26.0700;usd;2026-08-19;68389X105
TRD002754; sold;4,800;96.78;USD ;08/13/2026;594918104
TRD002728;sell;1,000;487.9900;$;11-Aug-2026;037833100
TRD000307;SELL;2800;264.07;USD;2026-08-03;88160R101
TRD001167;SELL;1,700;25.8600;USD ;2026-08-18;478160104
TRD001498;sell;3500;387.88;$;16-Aug-2026;92826C839
TRD002329;BUY;4800;335.58;USD ;2026-08-08;91324P102
TRD005506;SELL;4,900;234.71;USD ;08/16/2026;478160104
TRD005416;Sell ;700;466.3200;US Dollar;20260811;30303M102
TRD000029;B;800;465.9700;USD;20260813;023135106
CUS000288;B;2600;360.63;US Dollar;20260810;478160104
TRD002590;B;4400;212.55;usd;20260804;023135106
TRD002308;Buy ;3700;465.02;USD ;2026-08-18;91324P102
TRD002376;B;2,800;283.78;US Dollar;08/06/2026;478160104
TRD002819;Buy ;3400;486.56;usd;2026-08-18;478160104
TRD000481;buy;4,900;302.0400;US Dollar;20-Aug-2026;023135106
TRD003973;SELL;500;235.6500;$;08/11/2026;88160R101
TRD001197;sell;2,100;286.49;USD;08/03/2026;023135106
TRD001361;buy;4,300;166.3200;USD;2026-08-17;92826C839
TRD001427; bought;4,500;350.4100;usd;08/06/2026;91324P102
TRD004189; sold;4,700;247.2900;USD ;2026-08-15;46625H100
TRD004358;Buy ;3,000;70.2800;$;2026-08-16;91324P102
TRD001918;BUY;1,400;101.81;$;08/05/2026;594918104
TRD004699;S;1000;255.48;USD ;2026-08-21;46625H100
TRD000223;B;500;91.06;USD ;20260810;46625H100
TRD005683;sell;3800;171.0700;USD ;08/14/2026;037833100
TRD002950;B;700;348.4700;USD;2026-08-03;46625H100
TRD004989;B;500;393.1500;usd;2026-08-22;594918104
CUS000089;BUY;2400;383.49;USD ;08/10/2026;30303M102
TRD002859; sold;1300;64.81;USD;08/23/2026;46625H100
TRD003657;B;300;61.2800;USD;14-Aug-2026;023135106
TRD001095;S;300;370.7800;USD;08/21/2026;46625H100
TRD002868; sold;4,100;296.22;US Dollar;08/15/2026;30303M102
TRD002914;S;300;110.28;USD ;05-Aug-2026;30303M102
TRD000741;B;3,200;431.9500;USD ;2026-08-06;023135106
TRD004332;SELL;1200;293.61;USD;2026-08-19;478160104
TRD002138; sold;3,200;66.7500;USD;08/03/2026;68389X105
TRD001610;Sell ;200;97.44;$;2026-08-09;478160104
TRD004420; bought;600;485.34;USD;2026-08-12;88160R101
TRD000288;S;4200;56.17;USD;20260818;478160104
TRD000898;Buy ;4,200;428.7000;usd;08/07/2026;68389X105
TRD002873;SELL;800;407.48;$;2026-08-22;023135106
TRD005758; sold;200;401.34;$;20260820;92826C839
TRD000869;BUY;4100;315.49;USD;2026-08-12;478160104
TRD004565;buy;300;83.0800;USD ;08/06/2026;92826C839
TRD004119;sell;1200;446.7000;$;04-Aug-2026;88160R101
TRD001909;Buy ;4400;336.26;US Dollar;2026-08-18;91324P102
TRD002814;Sell ;3400;272.0200;USD ;20260820;88160R101
TRD000887;Buy ;2,600;227.8500;USD ;20260803;46625H100
TRD003316;Sell ;2600;396.1900;USD ;13-Aug-2026;478160104
TRD005474;buy;2,300;104.8600;US Dollar;2026-08-18;46625H100
TRD001180;S;3400;120.73;usd;2026-08-09;92826C839
TRD000638;BUY;1000;110.14;US Dollar;2026-08-04;91324P102
TRD002532; bought;4100;288.39;USD;10-Aug-2026;88160R101
CUS000004;buy;3600;165.1300;US Dollar;10-Aug-2026;88160R101
TRD003124;Buy ;4700;421.51;$;20260814;91324P102
TRD000251;S;2,100;202.8300;USD;22-Aug-2026;91324P102
TRD002611;buy;4400;268.33;usd;08/06/2026;478160104
TRD004532;S;400;318.2600;usd;08/22/2026;30303M102
TRD004734;S;3,400;144.6400;USD ;20260808;478160104
TRD005851;SELL;1200;136.09;USD ;20260816;46625H100
TRD001746;sell;2900;109.24;USD ;20260807;037833100
TRD004388;SELL;700;498.6800;USD;08/12/2026;92826C839
TRD000038;B;1600;153.6700;usd;18-Aug-2026;023135106
TRD000434;BUY;3000;331.18;US Dollar;08-Aug-2026;037833100
TRD002318; sold;3,700;238.5400;usd;13-Aug-2026;037833100
TRD004205;sell;4500;296.85;$;08/19/2026;91324P102
TRD004655;SELL;400;169.2600;USD;19-Aug-2026;46625H100
TRD002937;Buy ;700;73.4800;$;08/04/2026;46625H100
TRD003845;buy;1,600;41.02;USD ;2026-08-11;88160R101
TRD003055;sell;1,900;139.15;usd;08/15/2026;46625H100
TRD001336;B;5100;320.7000;usd;20260809;30303M102
TRD005735;SELL;4700;58.8700;$;2026-08-09;037833100
TRD003803; sold;3800;292.8600;US Dollar;20260806;92826C839
TRD005280;Sell ;1100;323.03;USD ;20260803;478160104
TRD003226;SELL;2800;62.94;$;20260811;88160R101
TRD005588; bought;2200;39.3400;$;2026-08-06;037833100
TRD001634;Buy ;5000;24.7800;$;19-Aug-2026;594918104
TRD002384;Buy ;3500;118.81;USD;2026-08-14;023135106
TRD005625;buy;3300;159.3000;usd;08/07/2026;594918104
TRD004455;SELL;3,600;183.34;US Dollar;08/10/2026;92826C839
TRD003308;B;3,000;91.39;USD ;2026-08-07;037833100
TRD003302; sold;1,900;86.54;usd;08/17/2026;92826C839
TRD004227;sell;4000;159.1900;US Dollar;19-Aug-2026;92826C839
TRD001757;sell;1600;238.2200;USD ;2026-08-13;46625H100
CUS000172;buy;2200;475.92;USD;20260810;68389X105
TRD003300;Buy ;1,300;398.98;usd;15-Aug-2026;478160104
TRD003266;BUY;400;404.5900;$;08/21/2026;594918104
TRD001762;S;4,700;103.66;usd;20-Aug-2026;023135106
CUS000197;BUY;4600;241.5500;usd;10-Aug-2026;92826C839
TRD000285;SELL;1,100;56.6600;$;08/06/2026;91324P102
TRD002284;BUY;2,300;164.54;USD;20260813;91324P102
TRD005454;Sell ;3,800;104.5200;usd;2026-08-15;46625H100
TRD004198;B;1,100;340.0000;$;08/05/2026;92826C839
TRD002673;SELL;500;395.8600;US Dollar;12-Aug-2026;91324P102
TRD004745;B;1800;108.5000;USD ;2026-08-15;30303M102
TRD005658; sold;200;204.5300;USD;08/04/2026;037833100
TRD001455;sell;2800;110.62;USD ;2026-08-05;478160104
TRD005343;SELL;4,500;457.3000;USD ;20260812;92826C839
TRD005820;Buy ;1400;367.20;US Dollar;2026-08-20;30303M102
TRD000951; sold;200;297.4300;$;08/06/2026;91324P102
TRD000717;Buy ;900;168.0100;USD;20260815;478160104
CUS000130; bought;3,300;44.8600;$;2026-08-10;92826C839
TRD003692;Buy ;1,700;254.9800;USD ;2026-08-09;91324P102
TRD002054;BUY;3,300;204.39;US Dollar;20260815;46625H100
TRD001141;buy;4,400;32.5200;US Dollar;20260805;478160104
TRD002398;buy;200;183.6500;US Dollar;20260822;46625H100
TRD000926;buy;1500;267.86;US Dollar;14-Aug-2026;88160R101
TRD002151;BUY;3000;328.39;usd;20260817;594918104
CUS000081;buy;500;474.69;$;08/10/2026;30303M102
TRD001807;buy;1900;336.5900;USD;20260805;478160104
CUS000093;Buy ;4,200;66.2500;US Dollar;2026-08-10;30303M102
TRD001144;buy;2700;386.98;USD;2026-08-03;30303M102
TRD005489;BUY;4,400;320.6600;$;08/16/2026;46625H100
TRD002636; sold;400;199.63;USD;2026-08-18;023135106
CUS000054;Buy ;900;67.2600;USD;10-Aug-2026;037833100
TRD001026;S;600;232.0900;usd;08/14/2026;46625H100
TRD002311;BUY;3000;221.84;US Dollar;16-Aug-2026;478160104
TRD005204;SELL;3900;453.0200;usd;04-Aug-2026;023135106
TRD004730; sold;5,000;24.2400;$;08/09/2026;88160R101
TRD005605;sell;1,800;120.07;USD ;2026-08-07;478160104
TRD000738; sold;4400;352.96;USD;2026-08-04;46625H100
TRD005833;S;1800;65.1500;usd;22-Aug-2026;91324P102
TRD004485;S;2100;416.6500;USD;08/06/2026;91324P102
TRD001629;sell;100;137.75;$;20260818;88160R101
TRD002808;S;2,800;328.3000;usd;08/20/2026;68389X105
TRD004863;buy;3,000;249.3700;US Dollar;2026-08-19;30303M102
TRD001493;B;1400;186.7100;USD ;06-Aug-2026;30303M102
TRD001855;B;1,400;328.1800;USD;2026-08-11;92826C839
TRD002146; bought;4000;476.9800;US Dollar;2026-08-14;594918104
TRD003172;SELL;2,400;470.0500;usd;08/11/2026;46625H100
TRD002267; bought;2,600;104.79;usd;20260811;91324P102
CUS000206; bought;2,700;205.9300;USD;10-Aug-2026;023135106
TRD004632; sold;1,200;209.2400;$;04-Aug-2026;91324P102
TRD000596;B;1,900;182.12;$;21-Aug-2026;68389X105
TRD000735; sold;800;397.16;US Dollar;2026-08-20;88160R101
TRD002369; bought;3,700;454.08;US Dollar;04-Aug-2026;88160R101
TRD005404;Buy ;1,000;272.48;USD ;20260814;92826C839
TRD005215;Sell ;4200;400.7700;US Dollar;04-Aug-2026;023135106
TRD003792;Sell ;4600;322.92;USD ;2026-08-11;92826C839
TRD005307;B;3,700;284.0700;USD;14-Aug-2026;68389X105
TRD000449;SELL;1100;177.5000;usd;2026-08-19;478160104
TRD005576; bought;4000;420.4200;USD;2026-08-16;594918104
TRD005455; sold;3,100;432.0500;USD;03-Aug-2026;46625H100
TRD001400;sell;2900;191.5500;$;13-Aug-2026;037833100
TRD002566;buy;1,300;350.5800;usd;2026-08-17;68389X105
TRD002314; sold;900;318.03;$;20260821;30303M102
TRD002871;S;900;174.40;usd;2026-08-10;91324P102
TRD005170;BUY;5,000;125.50;$;20260816;037833100
TRD003406;Sell ;200;394.88;USD ;18-Aug-2026;46625H100
TRD001967; sold;3400;454.22;US Dollar;2026-08-12;91324P102
TRD004708;B;3,000;244.91;$;04-Aug-2026;88160R101
TRD003980; bought;900;153.65;USD;08/18/2026;68389X105
TRD003173;B;2800;40.6000;$;13-Aug-2026;46625H100
TRD000435; sold;1900;292.5300;USD;09-Aug-2026;68389X105
TRD002116; sold;4,600;129.1100;usd;08-Aug-2026;30303M102
TRD005634; sold;2900;267.07;$;2026-08-19;037833100
TRD002246;buy;2,000;56.0200;usd;13-Aug-2026;92826C839
TRD000590;buy;4,100;218.8300;usd;17-Aug-2026;594918104
TRD000298;Sell ;1200;38.79;usd;17-Aug-2026;478160104
TRD000117;SELL;3500;32.94;$;20260816;92826C839
TRD005581;B;1,800;27.72;$;23-Aug-2026;88160R101
TRD002752;sell;4000;332.0800;$;20260809;594918104
TRD004627;BUY;200;71.3900;usd;20260805;88160R101
TRD005032; bought;2,800;418.0300;USD ;20260814;037833100
TRD003251;Buy ;2,700;203.63;USD;12-Aug-2026;88160R101
TRD003791;buy;5000;448.31;US Dollar;20260805;92826C839
TRD001206;Buy ;3,100;371.5700;USD;20260819;30303M102
TRD003818;buy;300;221.02;USD ;08/13/2026;478160104
TRD002154;BUY;4500;375.8200;USD ;20260806;30303M102
TRD000315;sell;2,000;483.49;US Dollar;08/18/2026;023135106
CUS000104;Buy ;4200;23.60;usd;2026-08-10;88160R101
TRD000077; sold;2,200;395.5500;USD;16-Aug-2026;023135106
TRD003259;buy;2,500;445.7800;usd;16-Aug-2026;594918104
TRD003643;S;1,800;398.98;usd;08/10/2026;023135106
TRD000287;Buy ;1700;114.69;usd;22-Aug-2026;68389X105
TRD004169;Sell ;2,500;311.42;usd;20260806;91324P102
TRD000480;Buy ;4400;310.39;usd;08/04/2026;594918104
TRD000988;sell;3,200;451.1000;USD;08/21/2026;30303M102
TRD002212;S;800;112.57;usd;03-Aug-2026;91324P102
TRD005056;B;1300;346.8300;$;08/05/2026;478160104
TRD000200; sold;4,900;254.2100;$;08/21/2026;037833100
TRD003559;Sell ;1,900;417.4500;US Dollar;2026-08-14;46625H100
TRD000141;BUY;1300;61.0900;usd;08/16/2026;478160104
TRD001130; sold;600;370.3500;usd;20260819;92826C839
TRD004244;Buy ;100;40.6000;USD ;2026-08-11;92826C839
TRD001152;Buy ;4900;322.7100;$;04-Aug-2026;023135106
TRD001308; bought;3,000;385.02;USD;2026-08-12;023135106
TRD001637; bought;4,100;490.42;US Dollar;19-Aug-2026;30303M102
TRD005380;B;3,900;338.46;US Dollar;08-Aug-2026;46625H100
TRD004375;Sell ;900;175.36;$;2026-08-09;30303M102
TRD004473; sold;3200;420.4600;usd;20260805;30303M102
CUS000280;BUY;3900;147.53;US Dollar;10-Aug-2026;92826C839
TRD003415;Sell ;4700;386.80;US Dollar;12-Aug-2026;30303M102
TRD002114;sell;3,300;96.97;US Dollar;08/15/2026;46625H100
TRD001569; sold;100;178.12;$;2026-08-04;92826C839
TRD004936;BUY;4,900;223.9600;USD ;20260819;594918104
TRD000993; bought;4500;24.04;USD;08/09/2026;46625H100
TRD002892;B;4,200;323.8400;usd;2026-08-13;478160104
TRD004242;buy;3,400;186.92;US Dollar;12-Aug-2026;46625H100
TRD001581;SELL;3,000;344.69;USD;2026-08-07;478160104
TRD000896;Sell ;2,600;277.8300;US Dollar;2026-08-05;30303M102
TRD003701;B;3000;349.9900;US Dollar;2026-08-09;478160104
TRD005791;buy;1,900;299.18;US Dollar;08/17/2026;92826C839
CUS000007;Buy ;700;103.52;USD;10-Aug-2026;023135106
TRD000824;sell;500;380.6900;USD;13-Aug-2026;023135106
TRD004641; bought;2,000;368.5100;USD ;15-Aug-2026;91324P102
TRD004223;sell;2500;126.92;USD;08/09/2026;037833100
TRD000832;sell;1,500;425.2700;$;08/14/2026;91324P102
TRD003745;buy;2,300;432.7300;$;2026-08-21;88160R101
TRD005147;Sell ;4,800;276.6400;USD;08/03/2026;92826C839
TRD004738;Sell ;2,400;332.6000;USD ;2026-08-18;46625H100
TRD003120; sold;1400;415.85;USD ;08/15/2026;594918104
TRD001309; bought;300;484.41;USD ;20260809;30303M102
TRD003001; bought;1,900;148.00;USD ;20260817;594918104
TRD000585;Buy ;4,600;160.46;USD ;20260821;30303M102
TRD005777; bought;1,700;196.0600;$;15-Aug-2026;91324P102
TRD004742;sell;300;199.9000;US Dollar;07-Aug-2026;46625H100
TRD002999;B;3,300;429.7400;US Dollar;08/16/2026;46625H100
TRD004180;SELL;2,300;203.69;US Dollar;08/15/2026;68389X105
TRD004068;buy;3,400;397.12;$;20260819;92826C839
TRD005164;S;3000;194.04;US Dollar;20260814;594918104
TRD004460;SELL;4,400;315.23;$;17-Aug-2026;92826C839
TRD000720; sold;3,000;146.43;USD;08/11/2026;92826C839
TRD000176;SELL;2,600;410.51;US Dollar;20260820;037833100
TRD004797;B;2100;65.16;USD ;20260809;68389X105
TRD000508;B;4,500;446.0300;USD ;2026-08-18;30303M102
TRD003309;BUY;3800;440.0700;USD ;08/08/2026;594918104
TRD004554;Sell ;100;238.30;USD;20260812;023135106
TRD002891; bought;1,200;145.04;$;08/09/2026;023135106
TRD001963;B;2,100;79.06;usd;07-Aug-2026;92826C839
TRD005425;SELL;3200;396.4400;$;21-Aug-2026;92826C839
TRD003085;B;300;205.9800;USD;20260806;023135106
TRD001564;SELL;100;272.4900;usd;2026-08-21;68389X105
TRD001998;S;900;250.2300;USD ;2026-08-19;91324P102
TRD005370;S;600;158.88;USD;06-Aug-2026;68389X105
TRD004074;B;400;380.20;usd;08/13/2026;023135106
TRD001872;SELL;3,600;368.7900;USD ;2026-08-11;46625H100
TRD004144;buy;3,300;402.81;USD ;2026-08-11;30303M102
TRD001760;B;1300;323.04;USD;20260814;037833100
TRD003893; sold;2800;56.5500;USD ;2026-08-06;68389X105
TRD004286;BUY;2,400;327.11;USD;08/10/2026;91324P102
TRD001928;buy;3,800;277.09;USD;15-Aug-2026;46625H100
TRD000483;SELL;4,900;76.31;US Dollar;20260818;023135106
TRD002543;sell;2,100;165.2300;$;06-Aug-2026;023135106
TRD001630;B;1100;57.8600;USD ;20260814;46625H100
TRD000983;sell;1800;107.7400;US Dollar;08/09/2026;478160104
TRD000868; bought;1000;39.17;US Dollar;20260813;92826C839
TRD003801; bought;1800;139.1600;usd;20260808;88160R101
TRD002944;buy;1,900;262.6900;$;20260810;68389X105
TRD005203; sold;N/A;127.47;USD;08/19/2026;46625H100
TRD001331; sold;1400;88.6800;US Dollar;11-Aug-2026;91324P102
TRD000889;SELL;3800;41.85;$;08/05/2026;88160R101
TRD003086;Buy ;3,700;373.14;USD;12-Aug-2026;023135106
TRD000706; bought;300;161.56;USD;2026-08-13;30303M102
TRD001539;S;2800;391.2100;usd;20260818;478160104
TRD001648;Buy ;3,300;190.15;US Dollar;2026-08-04;594918104
TRD003926;buy;2900;360.77;USD ;20260811;46625H100
TRD003985;S;500;48.28;$;14-Aug-2026;91324P102
TRD000041;Buy ;2,800;190.06;USD;16-Aug-2026;478160104
TRD005308;SELL;1500;190.9800;usd;08/05/2026;88160R101
TRD002614;S;4,400;238.2500;usd;08/18/2026;46625H100
TRD002771;Buy ;3200;375.5100;USD;08/15/2026;88160R101
TRD005110;S;2100;26.8200;USD ;08/12/2026;92826C839
TRD003430; sold;700;62.5800;usd;21-Aug-2026;023135106
TRD004215;sell;4900;228.92;USD ;15-Aug-2026;30303M102
TRD004775;B;4600;347.82;usd;08/04/2026;023135106
TRD000064;sell;4000;492.25;US Dollar;19-Aug-2026;037833100
TRD000252;buy;3300;310.60;USD;2026-08-06;594918104
TRD002872;Sell ;700;490.89;USD;20260819;478160104
TRD004737;sell;1,000;251.43;USD ;08/06/2026;594918104
TRD000190; sold;3200;435.3300;usd;20260817;91324P102
TRD000518; bought;3,800;337.1200;US Dollar;05-Aug-2026;92826C839
CUS000029;B;1,600;274.53;$;08/10/2026;30303M102
TRD001752;Buy ;1,400;327.4700;US Dollar;09-Aug-2026;594918104
TRD005330;buy;200;258.6100;USD ;2026-08-09;478160104
TRD005838;sell;3600;438.8600;usd;20260811;68389X105
TRD001255;B;1,200;223.89;USD ;20260803;92826C839
TRD001919;Buy ;4,600;34.03;USD;2026-08-13;46625H100
TRD002152;Buy ;4700;72.01;usd;08/15/2026;46625H100
TRD003543; sold;2900;496.1100;US Dollar;2026-08-21;68389X105
TRD000448;Buy ;3600;453.39;USD ;08/09/2026;92826C839
TRD001103;BUY;3100;294.29;USD ;2026-08-04;91324P102
TRD003728; bought;1000;328.6000;$;20260808;92826C839
TRD002238; bought;2700;367.1600;$;2026-08-11;88160R101
TRD002938;Buy ;4900;352.94;US Dollar;08/05/2026;023135106
TRD005545;BUY;3900;273.02;US Dollar;08/20/2026;023135106
TRD004438; bought;3,500;34.5400;US Dollar;2026-08-09;594918104
TRD004874; sold;2,900;148.1600;usd;2026-08-16;92826C839
TRD002909; sold;4,500;275.32;$;15-Aug-2026;91324P102
TRD000489; bought;3600;468.68;USD;08/21/2026;46625H100
TRD001083;S;2,100;425.53;$;16-Aug-2026;46625H100
TRD002395;Buy ;1200;336.76;USD ;2026-08-20;037833100
CUS000199;B;800;86.6100;USD;08/10/2026;91324P102
TRD000154;B;500;212.3400;US Dollar;05-Aug-2026;92826C839
TRD004482;sell;600;25.01;usd;20260820;68389X105
TRD004780; bought;4800;375.40;US Dollar;20260810;594918104
TRD005205;SELL;300;221.9500;$;08/13/2026;478160104
TRD001785;SELL;2300;452.71;$;2026-08-12;91324P102
TRD000766; sold;3,800;359.87;USD;2026-08-21;023135106
TRD001811;Sell ;2,000;227.4600;USD ;08/18/2026;68389X105
TRD001314;sell;2,900;483.9600;USD;08/03/2026;037833100
TRD003107; sold;1,300;138.02;US Dollar;20260817;037833100
TRD001972;sell;1,400;304.0600;USD ;20260811;68389X105
TRD003932;BUY;1,100;472.9800;US Dollar;08/22/2026;023135106
TRD001955; bought;3,700;493.9300;USD;18-Aug-2026;30303M102
TRD001123;S;700;453.86;usd;20260818;92826C839
TRD004419; sold;1500;276.5000;usd;08/13/2026;037833100
TRD005556;B;2600;336.5400;US Dollar;06-Aug-2026;478160104
TRD000599;Buy ;2800;117.1100;$;20260807;30303M102
CUS000126;B;3200;254.26;USD ;20260810;30303M102
TRD000164;S;4100;303.1000;$;08/09/2026;46625H100
TRD002388; sold;4,000;253.38;$;05-Aug-2026;023135106
TRD001253;S;4500;310.1300;$;08/16/2026;92826C839
TRD002517; sold;3,500;259.9100;USD ;08/10/2026;88160R101
TRD003622;Sell ;3900;366.1400;USD;10-Aug-2026;91324P102
TRD004432;Buy ;3,000;167.48;usd;08/18/2026;023135106
TRD005646; sold;2,300;436.3500;US Dollar;14-Aug-2026;594918104
TRD003656;buy;1300;270.34;USD;20260813;92826C839
TRD002679; sold;1000;458.2300;usd;08/18/2026;023135106
TRD003322;Buy ;5000;24.43;USD;20260814;88160R101
TRD003902;B;N/A;94.00;USD ;17-Aug-2026;30303M102
TRD005566; sold;100;276.8800;usd;2026-08-21;478160104
TRD004519; sold;3800;261.8600;usd;19-Aug-2026;594918104
TRD003826;buy;2,300;225.03;usd;08/18/2026;91324P102
TRD002825; bought;2,300;51.1700;usd;08/11/2026;68389X105
TRD004848;sell;1,300;102.7700;US Dollar;20260808;037833100
TRD003056;Sell ;100;163.1200;usd;20260809;68389X105
TRD001991;sell;2700;359.26;US Dollar;20260808;478160104
TRD003617;BUY;3700;86.60;usd;2026-08-21;46625H100
TRD001039; sold;1500;63.2900;USD;03-Aug-2026;478160104
CUS000184;buy;300;225.8600;US Dollar;10-Aug-2026;478160104
TRD004028;sell;3,000;305.58;usd;20260804;88160R101
TRD004841; bought;1900;75.8300;usd;2026-08-09;478160104
TRD001794;SELL;3,600;383.6600;US Dollar;2026-08-18;88160R101
TRD005243;S;900;303.9200;$;07-Aug-2026;91324P102
TRD005448; sold;600;174.6400;$;08/20/2026;68389X105
TRD001282;Sell ;1,800;180.7800;USD;08/12/2026;594918104
TRD005323;Buy ;4300;157.58;USD;08/20/2026;88160R101
TRD004501;B;1700;143.08;US Dollar;16-Aug-2026;594918104
TRD003960;BUY;200;198.0800;US Dollar;21-Aug-2026;46625H100
CUS000149;B;2400;88.81;USD;08/10/2026;88160R101
TRD004346;buy;1,400;379.04;USD;20260820;88160R101
TRD004338;buy;1200;28.2100;USD ;2026-08-05;037833100
TRD005059;SELL;3700;51.67;USD;07-Aug-2026;68389X105
TRD002257;SELL;4,200;93.92;usd;19-Aug-2026;594918104
TRD002792;buy;3500;195.48;US Dollar;20260822;594918104
TRD003037;B;1600;269.01;usd;20260818;023135106
TRD004814;SELL;2,400;166.47;usd;09-Aug-2026;88160R101
TRD001208; sold;900;118.4900;$;08/05/2026;478160104
TRD003436;BUY;2900;128.3000;USD ;08/07/2026;037833100
TRD002904;SELL;3,000;465.73;USD;08/20/2026;46625H100
TRD003557;Buy ;4,300;309.15;$;2026-08-14;023135106
TRD005908; sold;4,800;453.0400;USD ;20260817;023135106
TRD003189;Sell ;4300;336.37;USD ;20260822;68389X105
TRD000870; sold;3600;191.8800;USD ;2026-08-13;91324P102
TRD001862;B;N/A;53.5900;USD;08/09/2026;037833100
TRD005113;buy;2,500;65.2600;$;20260806;68389X105
TRD002817;sell;4,900;363.72;$;20260820;92826C839
TRD004340;B;3,200;470.08;USD ;08/21/2026;594918104
TRD003265;buy;4,000;240.9400;$;22-Aug-2026;88160R101
TRD000825;B;1,800;44.17;usd;20260810;91324P102
TRD000522;buy;1800;69.07;USD ;08/05/2026;68389X105
TRD005985;BUY;400;449.6800;$;08/19/2026;68389X105
TRD004052;SELL;2,700;422.69;US Dollar;08/04/2026;88160R101
TRD001340; bought;4800;45.1800;usd;2026-08-20;68389X105
CUS000118;buy;3900;260.12;usd;2026-08-10;92826C839
TRD001947;SELL;2800;328.8200;$;20260808;037833100
TRD002433;B;3,600;262.71;USD ;2026-08-14;478160104
TRD002455; sold;3,700;442.20;usd;20260813;594918104
TRD002139;sell;2,000;282.63;USD ;20260805;478160104
TRD004290;buy;3,500;155.2400;USD;2026-08-11;91324P102
TRD004363;Sell ;4700;430.9500;US Dollar;2026-08-19;478160104
TRD003550;SELL;1300;477.58;USD;2026-08-09;594918104
TRD002789;Sell ;900;484.99;USD ;08/17/2026;46625H100
TRD005006;BUY;3,900;354.9500;$;20260805;46625H100
TRD002936;S;3,200;116.38;USD ;19-Aug-2026;037833100
TRD005870;buy;300;144.1300;USD ;06-Aug-2026;91324P102
TRD002600;buy;2300;67.9600;usd;20260820;46625H100
TRD001080;sell;2800;443.7600;USD ;08/09/2026;68389X105
TRD005064;sell;600;384.07;$;20260820;92826C839
TRD005742;B;4,500;240.43;$;20260814;30303M102
TRD001139; sold;700;83.1400;USD ;08/03/2026;92826C839
TRD000026;SELL;3300;458.06;US Dollar;08/13/2026;91324P102
TRD000063;Sell ;2,400;156.79;USD;20260817;91324P102
TRD002849;buy;500;175.77;$;2026-08-11;68389X105
TRD004275;S;4,000;312.78;USD ;2026-08-13;023135106
TRD002254;Sell ;400;121.9900;US Dollar;20260809;478160104
TRD004654;Sell ;1,200;138.62;usd;08/03/2026;594918104
TRD003065;S;2,100;291.5000;US Dollar;21-Aug-2026;037833100
TRD004939;sell;800;189.0900;usd;20260821;478160104
TRD002567;S;N/A;169.3600;USD ;20-Aug-2026;88160R101
TRD000909;BUY;2300;391.8900;USD ;2026-08-18;91324P102
TRD002118;Buy ;400;125.08;US Dollar;08-Aug-2026;91324P102
TRD005979;SELL;4,600;227.44;usd;08/12/2026;88160R101
TRD002081;buy;3100;94.17;US Dollar;08/04/2026;91324P102
TRD000272;SELL;2,700;151.12;$;2026-08-19;594918104
TRD003796;S;2,600;396.0000;USD ;08/19/2026;478160104
TRD002241;Sell ;800;424.6800;US Dollar;20260822;594918104
TRD000121;BUY;2,700;141.0900;US Dollar;20260805;478160104
TRD002323;sell;1300;75.06;usd;20260803;68389X105
TRD004990; sold;4100;36.3800;USD ;08/20/2026;88160R101
TRD004514;SELL;4,600;133.82;USD;13-Aug-2026;91324P102
TRD005389;BUY;4300;460.1700;$;09-Aug-2026;88160R101
TRD001409;B;3,800;307.01;USD ;20260807;023135106
CUS000036;B;600;209.3500;usd;08/10/2026;023135106
TRD004344;B;1500;440.09;$;08/16/2026;46625H100
TRD000818;BUY;4300;170.8300;USD;20260819;92826C839
TRD005022;Sell ;4,400;390.84;US Dollar;20260809;594918104
TRD001468;SELL;3000;121.61;US Dollar;20260818;478160104
TRD003953;S;3800;149.05;$;2026-08-22;478160104
TRD003621; sold;900;425.8300;US Dollar;04-Aug-2026;88160R101
TRD000042;SELL;400;343.21;US Dollar;2026-08-07;037833100
TRD002457;buy;1,100;158.47;$;20260811;92826C839
TRD004774;Buy ;400;74.4900;$;10-Aug-2026;88160R101
TRD003783;Sell ;5000;116.1800;$;15-Aug-2026;68389X105
TRD001235; sold;4,600;295.6100;usd;08/18/2026;594918104
TRD004769;S;2400;392.7800;USD;2026-08-12;023135106
TRD001938;Sell ;2000;512.21;usd;2026-08-08;037833100
TRD000110;Buy ;2,700;169.8800;USD ;20260817;46625H100
TRD000209;BUY;1100;55.4500;$;20260814;92826C839
TRD003458;SELL;2,100;241.23;usd;2026-08-11;88160R101
TRD001238;sell;2500;177.16;US Dollar;08/04/2026;594918104
TRD001777;SELL;4100;462.1700;usd;20260821;037833100
TRD000969;SELL;1800;394.24;$;08/14/2026;46625H100
TRD004964;Buy ;N/A;279.27;USD;2026-08-13;46625H100
TRD000306; sold;4,300;357.3600;US Dollar;20260819;594918104
CUS000015;B;3,900;21.7800;USD;08/10/2026;91324P102
TRD002113;Buy ;400;442.9600;USD;20260804;92826C839
TRD002854;B;3200;326.95;USD;20260815;023135106
TRD000719; bought;2,500;197.31;USD;08/17/2026;037833100
TRD003437;buy;4700;118.0000;US Dollar;13-Aug-2026;46625H100
TRD003174;Buy ;4,300;368.7200;USD ;20260814;46625H100
TRD002513;Buy ;3100;257.6700;US Dollar;20260821;023135106
TRD002874;sell;4,600;357.03;$;20-Aug-2026;023135106
TRD002371;Sell ;3,100;474.3700;USD;20260811;037833100
TRD003816; sold;1500;294.12;US Dollar;20260817;91324P102
TRD004774;Buy ;400;74.4900;US Dollar;10-Aug-2026;88160R101
TRD004521;Sell ;1,500;371.50;usd;08/10/2026;46625H100
TRD002356;sell;500;183.54;USD ;20260819;478160104
TRD002677;sell;700;90.0700;USD;11-Aug-2026;92826C839
TRD002135;buy;900;182.73;USD;08/14/2026;92826C839
TRD005835;SELL;1700;108.7200;USD ;20260810;46625H100
TRD004697;Sell ;600;21.5100;US Dollar;2026-08-03;594918104
TRD002737;SELL;800;246.4800;US Dollar;2026-08-05;88160R101
TRD002373;B;N/A;30.2900;$;2026-08-04;037833100
TRD000332;S;N/A;293.92;USD;20260808;594918104
TRD004875; sold;1,400;32.98;USD;2026-08-18;478160104
TRD000498;Sell ;4300;254.1700;US Dollar;03-Aug-2026;91324P102
TRD001060; sold;2100;371.5500;$;20260811;92826C839
TRD001560; bought;N/A;494.6300;$;2026-08-20;478160104
TRD005327; sold;4900;282.2600;USD;2026-08-05;46625H100
TRD003664; bought;2,500;315.5500;$;08/07/2026;92826C839
TRD004091; bought;100;347.4500;usd;08/04/2026;88160R101
TRD001496;S;3,600;106.6900;usd;03-Aug-2026;91324P102
TRD002947;Buy ;1100;88.8100;US Dollar;2026-08-13;037833100
TRD004318; bought;3,800;172.5200;US Dollar;08/21/2026;46625H100
CUS000239;B;2500;221.22;US Dollar;10-Aug-2026;023135106
TRD004937;Sell ;N/A;399.09;usd;2026-08-11;037833100
TRD003381;buy;1,100;108.8600;USD ;08/22/2026;594918104
TRD002466;S;2,100;95.23;US Dollar;13-Aug-2026;30303M102
TRD001527;Sell ;N/A;51.86;USD;16-Aug-2026;92826C839
TRD001145;SELL;1,500;376.34;US Dollar;20260809;023135106
TRD000802;BUY;1,400;350.3400;usd;08/18/2026;88160R101
TRD003547;sell;1,900;89.6900;US Dollar;2026-08-14;92826C839
TRD005906; bought;500;343.6500;USD;2026-08-07;023135106
TRD001513;Buy ;3,800;373.87;USD ;20260810;46625H100
TRD005996; sold;1,700;406.4300;US Dollar;20260820;478160104
TRD000463;Buy ;2,300;94.46;US Dollar;20260809;594918104
TRD004220;B;3,800;389.7700;USD;20260811;92826C839
TRD001743; bought;1300;71.8400;usd;2026-08-03;92826C839
TRD001999;SELL;2,600;26.67;USD;09-Aug-2026;037833100
TRD001443;BUY;4,800;472.0900;USD;21-Aug-2026;88160R101
TRD004103;Sell ;300;203.92;USD;2026-08-15;68389X105
TRD005743;Sell ;3,500;375.72;$;2026-08-07;023135106
TRD000402;SELL;2,000;304.99;US Dollar;08/19/2026;91324P102
TRD001040;BUY;2700;169.5600;usd;18-Aug-2026;88160R101
TRD004765; sold;3500;228.73;USD ;2026-08-03;46625H100
CUS000105;Buy ;2,900;354.92;USD ;20260810;91324P102
TRD002585;Sell ;100;96.2000;US Dollar;20260818;88160R101
TRD000030;buy;3700;474.5400;USD;08/05/2026;478160104
TRD005932; sold;2,600;436.9000;US Dollar;05-Aug-2026;594918104
TRD002631;S;4100;409.9900;$;2026-08-06;46625H100
TRD004023;B;2,700;384.58;USD ;2026-08-04;594918104
TRD002044; bought;4200;412.36;USD;09-Aug-2026;478160104
TRD005125; bought;4800;490.1800;USD ;2026-08-22;91324P102
TRD001615;S;900;103.18;$;20260808;92826C839
TRD004393;S;400;28.68;US Dollar;08/20/2026;68389X105
TRD003665;Sell ;3600;48.87;$;08/07/2026;478160104
TRD003294;SELL;600;68.3200;USD;2026-08-05;037833100
TRD002435; sold;900;464.34;USD;20260810;46625H100
TRD004768;sell;1,100;317.83;$;08/08/2026;68389X105
TRD004932;S;2600;415.0000;US Dollar;20260804;023135106
TRD005255;buy;2100;91.8700;USD;20260812;30303M102
TRD001857;BUY;4200;397.7500;USD ;2026-08-04;91324P102
TRD005954;Buy ;3,200;249.95;USD;20260806;023135106
TRD002676; bought;4600;465.1500;usd;17-Aug-2026;46625H100
TRD004278;Sell ;3200;101.90;US Dollar;20260803;023135106
TRD000043; bought;2,200;404.2800;USD ;20260806;023135106
TRD000683;Buy ;2100;386.6300;usd;2026-08-14;92826C839
TRD004589; bought;3,200;116.74;usd;17-Aug-2026;92826C839
TRD002283;Sell ;1700;338.44;USD ;11-Aug-2026;88160R101
TRD001225;SELL;1000;433.3300;USD ;08/22/2026;30303M102
TRD005040;Sell ;1,200;485.20;usd;04-Aug-2026;037833100
TRD002571;SELL;1,400;326.21;US Dollar;2026-08-17;594918104
TRD005332;sell;1800;277.4300;USD;08/16/2026;478160104
TRD003946;B;4,900;214.05;$;08/08/2026;037833100
TRD003324;sell;3,300;116.82;usd;20260807;88160R101
TRD004349;buy;3,400;451.5900;USD ;08/20/2026;037833100
TRD005304;buy;3,800;265.7600;USD ;08/16/2026;023135106
TRD002450; bought;3,300;366.82;USD ;2026-08-11;594918104
TRD000512; bought;3,700;140.85;US Dollar;08/15/2026;91324P102
TRD004494;Buy ;2200;433.1700;USD ;20260815;023135106
TRD004158;Buy ;4,000;186.0100;US Dollar;08/07/2026;91324P102
TRD003847; bought;1800;380.2300;US Dollar;08/18/2026;68389X105
TRD000885;buy;400;105.4400;USD ;20260811;91324P102
TRD005523;B;4900;122.01;US Dollar;20260817;92826C839
TRD001450;Buy ;3300;129.23;US Dollar;2026-08-07;88160R101
TRD005069;buy;3,000;43.6000;usd;2026-08-08;023135106
TRD002519;buy;500;200.33;usd;2026-08-03;68389X105
TRD003155; bought;3200;196.00;USD;08/16/2026;037833100
TRD003758;B;900;80.71;$;20260812;91324P102
CUS000166;B;3400;158.78;USD;2026-08-10;478160104
TRD004995;sell;4700;373.5700;USD;06-Aug-2026;88160R101
TRD005259;Buy ;2,500;410.51;USD ;20260806;91324P102
TRD002885;sell;3,400;218.5800;$;20260808;023135106
TRD001311;buy;4,100;230.23;usd;20260809;68389X105
TRD004752;Sell ;2900;96.76;USD ;20260811;478160104
TRD001356;sell;100;220.5300;$;2026-08-04;037833100
TRD002411;sell;2,900;106.31;USD ;20260811;30303M102
TRD003242;BUY;900;136.1200;USD;2026-08-22;88160R101
TRD003221;Sell ;1400;124.6100;$;2026-08-14;46625H100
TRD003531;sell;5,000;124.9300;$;13-Aug-2026;88160R101
TRD002474;buy;4000;120.10;$;2026-08-08;037833100
TRD002984;Sell ;1000;456.4100;USD ;08/06/2026;037833100
TRD002742;S;4,500;361.47;USD ;13-Aug-2026;88160R101
TRD005854;SELL;600;292.97;$;20260805;594918104
TRD001901;buy;100;339.3500;usd;2026-08-05;594918104
TRD003713;SELL;3,800;230.6200;USD ;2026-08-08;92826C839
TRD001799;Sell ;2,700;386.1600;USD ;08/20/2026;30303M102
TRD004792; bought;700;450.7000;US Dollar;07-Aug-2026;037833100
TRD002025;Sell ;2200;226.2400;usd;2026-08-22;037833100
TRD004298;B;2300;105.54;USD ;08/13/2026;594918104
TRD005713;BUY;700;474.87;USD ;2026-08-09;30303M102
TRD002832;Sell ;2800;300.79;US Dollar;20260818;30303M102
CUS000192;buy;500;335.4900;US Dollar;08/10/2026;30303M102
TRD004019; sold;2,600;364.2000;usd;20260814;023135106
TRD004228;sell;3700;386.4600;usd;08/22/2026;46625H100
TRD001734; bought;700;320.17;usd;2026-08-22;594918104
TRD002710;Sell ;4100;314.92;US Dollar;08/17/2026;037833100
TRD000978;SELL;200;261.4000;$;20260811;594918104
TRD005030;B;2500;268.13;USD ;08/04/2026;88160R101
TRD002197;SELL;1,400;64.76;usd;2026-08-03;46625H100
TRD002374; sold;1,300;276.41;USD;08/15/2026;037833100
TRD001016;Buy ;1600;351.28;$;2026-08-05;023135106
TRD001468;SELL;3000;121.61;usd;20260818;478160104
TRD005413;Buy ;900;464.7800;$;08/03/2026;594918104
TRD002796; sold;700;139.89;USD ;2026-08-11;68389X105
TRD004950;S;1,000;302.23;$;2026-08-22;91324P102
TRD005043;sell;4,100;303.4600;$;2026-08-07;037833100
CUS000256;buy;1,100;346.6500;usd;20260810;037833100
TRD001134;Sell ;1300;434.04;USD ;12-Aug-2026;91324P102
TRD003739; sold;3400;384.78;USD;20260810;023135106
TRD005549;BUY;4,800;362.1500;USD;08/09/2026;023135106
TRD000653;Buy ;900;325.86;USD;15-Aug-2026;594918104
TRD003635;BUY;3400;20.3100;US Dollar;08-Aug-2026;023135106
TRD000369;S;3,700;55.40;US Dollar;13-Aug-2026;594918104
TRD005333; sold;4,600;29.1700;USD ;2026-08-07;46625H100
TRD000008; sold;2,500;57.82;USD ;08/12/2026;92826C839
TRD000605;buy;2200;391.6000;US Dollar;2026-08-16;68389X105
TRD000318;Sell ;900;439.0400;US Dollar;20260804;478160104
TRD005785;Buy ;4,800;469.59;usd;08/07/2026;92826C839
TRD001902;BUY;100;200.32;$;19-Aug-2026;30303M102
TRD004201;Buy ;3,500;291.9300;$;20260817;46625H100
TRD003092;S;4,300;431.5300;USD ;10-Aug-2026;594918104
TRD001410; bought;3400;493.5900;USD;08/05/2026;92826C839
TRD001750;Sell ;4400;89.4100;USD ;2026-08-10;91324P102
TRD002290;sell;4,100;345.8200;USD ;2026-08-18;91324P102
TRD003714;Buy ;500;97.8000;USD ;20260813;023135106
TRD004046;buy;100;124.6200;USD;20260814;037833100
TRD001030;B;100;283.1400;USD ;2026-08-09;46625H100
TRD001420;SELL;3100;487.6400;usd;2026-08-06;88160R101
TRD004662; sold;4900;333.0700;USD ;2026-08-16;037833100
TRD005656;sell;3,900;185.4200;USD;08-Aug-2026;68389X105
TRD003502;Sell ;1000;406.8600;USD ;20260805;594918104
TRD001554;Sell ;1800;378.96;USD;2026-08-16;30303M102
TRD000856; bought;1,100;492.1000;US Dollar;08/11/2026;68389X105
TRD005038;B;1300;368.9300;USD ;08/17/2026;88160R101
TRD002573;Buy ;2500;340.9000;USD ;08-Aug-2026;30303M102
TRD004435;SELL;3000;77.1600;$;2026-08-21;30303M102
TRD004246;sell;1500;291.96;USD;08/03/2026;68389X105
TRD001294;sell;500;145.44;US Dollar;04-Aug-2026;46625H100
TRD000459;Buy ;4,300;439.79;$;2026-08-07;88160R101
TRD003071; sold;600;410.89;USD;20260817;68389X105
CUS000298; bought;1,400;186.21;$;20260810;30303M102
TRD004753;BUY;1600;459.6200;USD ;08/03/2026;91324P102
TRD002997;BUY;3,700;29.22;$;08/15/2026;023135106
TRD000289;sell;4,900;298.14;US Dollar;21-Aug-2026;92826C839
TRD005394;sell;600;161.1500;USD;11-Aug-2026;594918104
TRD001389;sell;4,500;454.2600;US Dollar;08/07/2026;68389X105
CUS000143;BUY;900;302.94;USD ;08/10/2026;478160104
TRD000495;Buy ;500;473.69;$;20260804;037833100
TRD004026;BUY;4000;183.10;US Dollar;2026-08-17;30303M102
TRD001480;B;2300;496.1300;usd;08/16/2026;88160R101
TRD005846;B;4,100;84.4300;USD ;08/13/2026;594918104
TRD005221;sell;200;459.19;$;10-Aug-2026;46625H100
TRD004507;B;900;468.1400;USD;2026-08-19;594918104
CUS000167;B;500;254.6700;USD ;08/10/2026;023135106
TRD005682;SELL;4,500;232.15;USD;2026-08-10;478160104
CUS000120; bought;2400;35.3700;USD ;2026-08-10;478160104
TRD004258;BUY;1,400;334.89;USD ;2026-08-03;30303M102
TRD004038;SELL;2,200;90.32;USD;08/14/2026;46625H100
TRD000182; bought;4100;312.26;$;10-Aug-2026;68389X105
TRD000279;SELL;300;229.3900;US Dollar;2026-08-17;594918104
TRD005921; sold;1,400;48.51;USD;20260821;037833100
TRD004485;S;2100;416.6500;USD ;08/06/2026;91324P102
TRD000877; sold;4400;445.1200;USD;2026-08-15;594918104
CUS000140;buy;700;103.74;$;10-Aug-2026;594918104
TRD005127;buy;2,900;319.30;USD ;2026-08-21;46625H100
TRD004631;B;2100;383.2900;usd;08/07/2026;478160104
TRD004294;Sell ;3,300;40.1400;$;08/14/2026;91324P102
TRD002723;SELL;2800;394.28;USD;08/11/2026;023135106
TRD004252;Sell ;N/A;358.7900;US Dollar;08/20/2026;30303M102
TRD005873; sold;1900;374.99;usd;20260822;46625H100
TRD000565;Buy ;4,400;358.8700;USD;2026-08-12;92826C839
CUS000133;Buy ;4,000;331.0900;USD ;08/10/2026;037833100
TRD003783;Sell ;5000;116.1800;usd;15-Aug-2026;68389X105
TRD003480;sell;1,700;420.7500;USD;20260806;91324P102
TRD002870;BUY;1,600;173.67;$;14-Aug-2026;594918104
TRD001394;Sell ;5000;89.78;USD;08/18/2026;88160R101
TRD000740;S;2,400;29.7100;$;12-Aug-2026;30303M102
TRD000685;B;1300;421.6100;US Dollar;20260818;91324P102
TRD004638;Sell ;2400;27.22;$;2026-08-16;594918104
TRD002368;Buy ;4700;178.21;$;04-Aug-2026;023135106
TRD001204;buy;300;393.3400;USD;05-Aug-2026;478160104
TRD003059;S;3600;95.35;usd;2026-08-17;88160R101
TRD000444;B;4,800;494.6400;US Dollar;20260814;46625H100
TRD004953;BUY;N/A;228.24;USD;2026-08-12;594918104
TRD004683;buy;2,900;347.48;USD ;08/14/2026;594918104
TRD005520;buy;100;74.16;$;2026-08-07;68389X105
TRD005351;SELL;1400;479.3600;US Dollar;20260811;91324P102
TRD000208;BUY;4,300;24.51;US Dollar;20260817;30303M102
TRD003456;sell;1,500;355.4100;US Dollar;2026-08-05;91324P102
TRD004064; sold;200;353.55;USD ;20260808;037833100
TRD005185;SELL;3,600;154.67;usd;20260817;478160104
CUS000144; bought;3800;342.6700;USD ;2026-08-10;92826C839
TRD000700;buy;2,100;100.5900;usd;2026-08-05;88160R101
TRD001371;buy;2,200;134.5400;$;06-Aug-2026;478160104
TRD005009;Buy ;1,300;310.35;$;20260817;30303M102
TRD000712;SELL;4700;464.2800;US Dollar;20-Aug-2026;30303M102
TRD002929; sold;1,300;412.03;US Dollar;2026-08-18;30303M102
TRD003750;BUY;200;392.6500;$;20260810;478160104
TRD000658;Buy ;2,100;223.7400;USD;20260820;88160R101
TRD002158;BUY;200;477.2700;$;16-Aug-2026;30303M102
TRD002959;sell;2,800;406.62;USD ;07-Aug-2026;037833100
TRD004483;S;3100;167.54;US Dollar;08/14/2026;88160R101
TRD005981;S;700;87.85;US Dollar;08/22/2026;92826C839
TRD001019; bought;1000;60.47;USD;15-Aug-2026;30303M102
CUS000208;BUY;200;208.92;usd;10-Aug-2026;30303M102
TRD005681;BUY;1300;154.5700;US Dollar;20260822;023135106
TRD004853; sold;100;99.44;US Dollar;20260812;91324P102
TRD001712;buy;1300;233.4000;$;20260810;037833100
TRD001179;buy;900;78.5700;$;20260812;88160R101
TRD002718; sold;4900;131.27;USD ;2026-08-12;91324P102
TRD005580;S;2,500;271.53;usd;10-Aug-2026;023135106
TRD001749;B;2,200;159.71;USD ;08/03/2026;91324P102
TRD005169;SELL;1800;70.89;$;16-Aug-2026;68389X105
TRD004389;sell;1700;159.21;US Dollar;03-Aug-2026;92826C839
TRD004222;BUY;4100;291.41;USD ;14-Aug-2026;68389X105
TRD004123;sell;5000;369.3300;$;08/21/2026;30303M102
TRD000431; bought;3700;309.34;usd;13-Aug-2026;30303M102
TRD000661;B;2100;91.2000;$;08/10/2026;88160R101
TRD005609;S;1,300;409.6800;USD;2026-08-05;037833100
TRD002420;Buy ;2100;323.79;US Dollar;15-Aug-2026;88160R101
TRD002236;sell;1,900;82.9100;US Dollar;15-Aug-2026;037833100
TRD002046; bought;3,100;495.0300;US Dollar;2026-08-09;91324P102
TRD001247;Sell ;4600;203.74;US Dollar;20260815;46625H100
TRD000213; sold;4,300;209.9900;$;20260803;92826C839
TRD003904;Sell ;600;236.3600;USD;08/15/2026;023135106
TRD004916;sell;4200;437.66;US Dollar;12-Aug-2026;30303M102
TRD005488;S;500;119.45;USD;20260811;46625H100
TRD005029;Buy ;3200;389.7100;US Dollar;08/17/2026;037833100
TRD002377;buy;4100;491.6200;$;20260814;88160R101
CUS000031;Buy ;1,700;390.31;$;10-Aug-2026;30303M102
TRD001553; bought;800;170.3700;USD;2026-08-07;478160104
TRD003015; sold;500;110.3400;usd;08/13/2026;023135106
TRD004218;sell;300;143.3300;$;08/14/2026;037833100
TRD003076;Sell ;1,900;256.27;usd;20260816;91324P102
TRD000371;SELL;1200;388.54;US Dollar;08/07/2026;46625H100
TRD000090;Buy ;2700;176.57;$;12-Aug-2026;91324P102
TRD000242; sold;800;337.3100;USD;08/03/2026;68389X105
TRD002687; sold;4500;81.71;USD ;08/22/2026;30303M102
TRD002574; bought;2,100;218.71;USD ;2026-08-09;30303M102
TRD003757;Sell ;600;226.9900;USD ;08/21/2026;037833100
TRD002945;SELL;2200;335.85;USD;08/17/2026;037833100
TRD004714; bought;500;423.4600;USD;20260820;88160R101
TRD000450;B;1,400;364.12;usd;2026-08-18;594918104
TRD004343;S;3300;355.19;USD ;06-Aug-2026;91324P102
TRD003639;B;3,500;104.4400;usd;13-Aug-2026;88160R101
TRD004695; sold;4,600;159.5800;usd;10-Aug-2026;023135106
TRD003108; sold;300;439.29;$;2026-08-17;91324P102
TRD005806;buy;4,500;113.3500;$;06-Aug-2026;023135106
TRD005823;B;4300;373.70;US Dollar;08/22/2026;037833100
TRD005819;Buy ;3,700;307.1500;USD ;2026-08-14;30303M102
TRD002581;Sell ;1400;143.9400;USD;2026-08-17;30303M102
TRD000892;S;200;247.51;USD ;20260820;023135106
CUS000279;Buy ;2800;439.09;usd;08/10/2026;92826C839
TRD001813;B;100;470.9300;USD ;17-Aug-2026;594918104
TRD000784;SELL;4900;419.95;USD;09-Aug-2026;037833100
TRD003760;SELL;4,400;323.2300;USD ;2026-08-03;023135106
TRD002852;Buy ;4000;278.35;USD;10-Aug-2026;88160R101
TRD004472;SELL;800;392.1700;usd;20260821;023135106
TRD001964;BUY;1,100;59.04;US Dollar;08/11/2026;037833100
TRD001835; bought;2000;233.11;USD;2026-08-22;037833100
CUS000027;Buy ;4,600;399.91;usd;10-Aug-2026;594918104
TRD001431;BUY;3400;426.11;USD;2026-08-20;594918104
TRD001566;SELL;200;156.4600;USD;08/06/2026;46625H100
TRD005449;sell;1500;42.1200;US Dollar;08/03/2026;68389X105
TRD003454;buy;1700;179.4000;USD ;2026-08-07;68389X105
TRD004416;Sell ;1700;259.47;US Dollar;08/18/2026;46625H100
TRD002500;buy;4700;357.67;US Dollar;16-Aug-2026;037833100
TRD002432; sold;2,900;371.74;usd;2026-08-16;88160R101
TRD005808; sold;4900;426.98;US Dollar;08/12/2026;92826C839
TRD004796;S;500;189.8400;$;10-Aug-2026;88160R101
TRD004812;sell;3,100;84.79;usd;2026-08-08;037833100
TRD001056;Buy ;2100;491.2000;usd;20260814;478160104
CUS000273;Buy ;1600;292.7000;USD ;08/10/2026;88160R101
TRD005296;B;900;334.4100;USD;08/06/2026;92826C839
TRD002264;buy;2,800;121.79;US Dollar;20260815;91324P102
TRD000739;SELL;2,200;351.4500;US Dollar;04-Aug-2026;478160104
TRD005670;B;2,000;289.55;$;2026-08-10;88160R101
TRD003179;S;300;197.3700;usd;08/16/2026;30303M102
TRD000585;Buy ;4,600;160.46;USD ;20260821;30303M102
TRD000456; sold;3,100;35.23;USD;2026-08-16;68389X105
TRD003772;BUY;N/A;40.46;US Dollar;20260803;91324P102
TRD002506;buy;2,000;455.68;US Dollar;08/20/2026;91324P102
TRD005452;S;900;32.69;USD ;20260805;46625H100
TRD005051;B;1600;485.3600;$;08/16/2026;594918104
TRD000954;BUY;3500;223.31;$;20260814;92826C839
TRD000777;SELL;2,200;216.41;USD;21-Aug-2026;478160104
TRD000788;S;3,900;271.58;usd;16-Aug-2026;68389X105
TRD005864; sold;900;286.1500;USD;2026-08-13;037833100
TRD002580;buy;3,300;284.77;USD;11-Aug-2026;594918104
TRD001487; sold;1400;181.26;USD;20260819;88160R101
TRD005708;S;600;309.68;usd;20260816;023135106
TRD000566;Sell ;4,400;84.29;$;20260806;023135106
TRD003004;B;1,000;294.52;usd;08/10/2026;594918104
TRD000601;Buy ;4300;471.97;usd;20260808;037833100
TRD003891;BUY;100;466.87;USD ;2026-08-11;478160104
TRD002134;Sell ;4,700;312.19;USD ;08/19/2026;88160R101
TRD003923;Sell ;2,800;494.32;$;2026-08-19;91324P102
TRD002851;sell;5000;411.4300;$;20260818;594918104
TRD004058;S;3,700;287.11;$;2026-08-20;478160104
TRD005062;Sell ;2,400;122.6200;USD ;13-Aug-2026;478160104
TRD000357; bought;4,900;56.91;US Dollar;20260807;91324P102
TRD005633;S;1,200;304.22;USD;08/08/2026;46625H100
TRD005861;Buy ;4800;272.87;USD;08/16/2026;92826C839
TRD005367;BUY;1000;395.69;US Dollar;08/06/2026;92826C839
TRD002126;S;3700;493.52;$;08/18/2026;037833100
TRD002836; sold;4100;263.7600;usd;20260816;30303M102
TRD002325;buy;200;419.71;USD;18-Aug-2026;46625H100
TRD000820;S;4,500;316.7500;$;20260816;023135106
TRD005417;buy;2700;403.94;usd;20260812;68389X105
CUS000285; bought;3,000;440.21;USD;08/10/2026;037833100
TRD000308;Buy ;1400;184.0300;US Dollar;18-Aug-2026;023135106
TRD002498;Buy ;800;410.2400;$;2026-08-15;46625H100
TRD003136;S;4400;255.84;US Dollar;2026-08-04;478160104
TRD004159;SELL;1200;455.1100;USD;20260803;92826C839
TRD005796;B;1,400;323.2800;usd;13-Aug-2026;46625H100
TRD003079;sell;3,300;451.32;$;08/08/2026;46625H100
TRD005947;BUY;2,000;236.5100;$;08/10/2026;023135106
TRD004085;sell;4,800;321.1100;USD ;20260803;68389X105
TRD002086; bought;800;127.77;USD ;20260812;88160R101
TRD000900;BUY;3,700;429.08;USD ;2026-08-20;478160104
CUS000011;B;1000;127.7500;USD ;2026-08-10;037833100
TRD001506;buy;1,900;336.1600;USD ;08/08/2026;037833100
TRD005613;buy;4200;491.5500;usd;20260810;88160R101
CUS000116;BUY;2,500;304.55;$;20260810;68389X105
TRD003114;B;4400;380.8000;$;08/18/2026;91324P102
TRD002659;sell;1,200;201.4300;USD ;03-Aug-2026;91324P102
TRD004191;buy;1700;292.9600;$;08/08/2026;594918104
TRD004950;S;1,000;302.23;USD;2026-08-22;91324P102
CUS000006; bought;3,600;460.82;$;2026-08-10;46625H100
TRD002540; bought;1,500;494.76;USD ;20260805;92826C839
TRD001844; bought;3,000;119.37;$;11-Aug-2026;92826C839
TRD002440; sold;4600;466.4600;$;08/06/2026;68389X105
CUS000001;buy;3,100;385.64;USD ;08/10/2026;91324P102
TRD001932;B;3,000;90.76;usd;08/12/2026;68389X105
CUS000102;buy;4200;182.3500;usd;2026-08-10;92826C839
TRD004450; sold;2600;302.6500;US Dollar;2026-08-05;30303M102
TRD005939;sell;4600;314.7700;USD;14-Aug-2026;68389X105
TRD000416;sell;2000;390.1600;$;2026-08-09;478160104
TRD004886;SELL;4,500;238.60;US Dollar;2026-08-11;91324P102
TRD000817; sold;800;446.0500;US Dollar;17-Aug-2026;037833100
TRD001043;Buy ;1,700;412.28;$;2026-08-03;594918104
TRD001091;buy;900;147.19;USD ;20260821;023135106
TRD005090;B;1,000;108.47;USD;08/16/2026;68389X105
TRD002972; sold;4,400;290.4100;USD ;08/07/2026;46625H100
TRD004030;sell;500;43.1100;USD ;08/15/2026;30303M102
TRD005884;Buy ;1400;485.44;US Dollar;20260814;92826C839
TRD001672;SELL;4300;319.3200;US Dollar;2026-08-15;023135106
TRD002827;BUY;1,000;342.6700;US Dollar;08/13/2026;037833100
TRD004533;B;4100;463.3300;USD ;07-Aug-2026;30303M102
TRD005620;BUY;4900;294.6000;usd;2026-08-17;30303M102
CUS000033; bought;3,400;233.80;$;10-Aug-2026;91324P102
TRD000943;Sell ;3500;261.60;$;08/06/2026;594918104
TRD001895; bought;800;236.3200;$;2026-08-09;68389X105
TRD004124;B;N/A;212.66;usd;08/11/2026;88160R101
TRD002734; sold;300;394.99;USD;20260815;478160104
TRD001550; sold;900;484.67;$;2026-08-20;037833100
TRD005597;sell;4,400;419.24;USD ;2026-08-08;037833100
CUS000000;B;1800;161.41;usd;20260810;92826C839
TRD001385;Buy ;3700;83.34;USD;12-Aug-2026;68389X105
TRD003859;S;3,600;231.37;$;19-Aug-2026;46625H100
TRD000486;Buy ;2,400;266.15;US Dollar;20260818;478160104
TRD003318;S;4900;291.9500;USD ;08/08/2026;037833100
TRD004354;buy;3,600;496.61;USD ;08/09/2026;91324P102
TRD002822;sell;500;46.0100;$;16-Aug-2026;68389X105
TRD000762;Sell ;4200;163.42;usd;20260807;91324P102
TRD005106;buy;3400;464.15;$;20260821;92826C839
TRD001075;buy;300;372.4600;USD;20260812;594918104
TRD004474; sold;2200;296.69;USD;08/03/2026;92826C839
TRD003500;buy;1,400;120.2900;USD;08/14/2026;023135106
TRD002643;Buy ;3900;177.8000;usd;08/15/2026;478160104
TRD003883;B;4,900;403.13;$;08/16/2026;478160104
TRD002363;S;500;438.7700;usd;08-Aug-2026;30303M102
TRD001698;buy;3,100;151.1900;US Dollar;11-Aug-2026;46625H100
TRD000497;BUY;3,000;199.14;$;08/22/2026;92826C839
TRD005733; sold;2,300;85.72;usd;2026-08-19;478160104
TRD005329;BUY;3,300;334.7700;US Dollar;08/17/2026;594918104
TRD005155;S;100;295.0600;USD;08/18/2026;023135106
TRD003625;Sell ;4000;265.8600;USD;08/06/2026;594918104
TRD002360;BUY;3,400;163.1500;$;2026-08-06;478160104
TRD000359;Buy ;1200;259.5400;usd;20260815;91324P102
TRD003612;sell;2500;279.5000;usd;2026-08-05;68389X105
TRD005234;Buy ;800;185.78;$;08/21/2026;88160R101
TRD004762;SELL;3,000;434.2500;USD ;20-Aug-2026;30303M102
TRD001263;sell;3,100;237.94;US Dollar;18-Aug-2026;92826C839
TRD002810;sell;900;439.19;US Dollar;08/12/2026;478160104
TRD003879;sell;4100;108.4800;US Dollar;08/16/2026;88160R101
TRD004800; sold;1700;243.75;USD;07-Aug-2026;88160R101
TRD003091; sold;1100;461.99;usd;20260818;91324P102
TRD001038;buy;700;155.41;USD ;08/07/2026;478160104
TRD003832; sold;2,800;30.68;usd;08/17/2026;91324P102
TRD000139;BUY;N/A;197.93;USD;20260811;88160R101
TRD001221;BUY;2,200;412.37;$;08/20/2026;594918104
TRD003999;BUY;5000;368.1700;US Dollar;08/05/2026;037833100
CUS000052;buy;700;325.01;usd;10-Aug-2026;88160R101
TRD000248;Buy ;3,100;426.7000;USD;2026-08-16;594918104
TRD005374;Buy ;1900;432.8900;USD ;20260809;92826C839
TRD003301;Buy ;3800;159.8900;$;20260819;594918104
TRD005761;Sell ;4200;165.89;$;08/11/2026;88160R101
TRD003254;Sell ;4800;87.13;USD ;20260812;46625H100
TRD004273; bought;4,500;78.97;usd;2026-08-16;478160104
TRD001486;S;2100;294.82;$;18-Aug-2026;594918104
CUS000002; bought;3100;466.95;$;10-Aug-2026;91324P102
TRD000465; bought;700;305.09;USD ;2026-08-17;92826C839
TRD005352;sell;1,900;41.8800;usd;2026-08-21;91324P102
TRD001670;BUY;900;262.29;$;2026-08-17;478160104
TRD002357;B;1400;293.78;usd;08/18/2026;91324P102
TRD005314;B;N/A;355.0300;USD;20260808;30303M102
TRD004465;Sell ;3900;336.9600;usd;08/05/2026;68389X105
TRD005071;Sell ;1600;430.6600;$;20260806;92826C839
TRD002110;Sell ;2700;91.8600;US Dollar;08-Aug-2026;478160104
TRD005088;S;1,300;284.5300;USD ;08/10/2026;594918104
TRD003341;SELL;600;177.81;USD ;2026-08-10;478160104
TRD002033; sold;2500;215.5000;usd;2026-08-12;023135106
TRD000931; sold;3,100;344.1100;usd;20260818;023135106
TRD000129;Buy ;4600;115.2000;USD ;21-Aug-2026;023135106
TRD003125;S;3,400;335.3100;usd;08/15/2026;023135106
TRD002260; bought;2800;98.81;USD;12-Aug-2026;92826C839
TRD001702;sell;2800;121.21;US Dollar;08/19/2026;88160R101
TRD004721; bought;3600;484.11;US Dollar;08/15/2026;478160104
TRD000536;S;1600;176.4300;$;2026-08-11;46625H100
TRD003285;B;1,500;442.76;US Dollar;10-Aug-2026;478160104
TRD001517;Sell ;1,800;442.13;$;2026-08-07;88160R101
TRD000777;SELL;2,200;216.41;US Dollar;21-Aug-2026;478160104
TRD003608;S;3800;281.4100;USD ;20260816;46625H100
TRD000205; bought;N/A;291.65;$;2026-08-08;68389X105
TRD003689;buy;500;80.6200;USD ;08/22/2026;68389X105
TRD004597;Sell ;N/A;172.80;USD ;22-Aug-2026;91324P102
TRD002706;Buy ;4,100;55.0700;USD;2026-08-18;594918104
TRD002038;buy;1,800;456.07;usd;08/06/2026;46625H100
TRD002077; bought;5000;60.1300;USD;2026-08-07;92826C839
TRD005341; bought;2600;413.92;usd;20260811;91324P102
TRD003135;Buy ;4,000;303.05;usd;20260818;92826C839
TRD005150;sell;3100;306.26;US Dollar;21-Aug-2026;478160104
TRD005730;Buy ;4,000;94.70;US Dollar;06-Aug-2026;92826C839
TRD002799;buy;2400;337.38;usd;08/21/2026;037833100
TRD001094;Buy ;4,500;357.3700;USD;06-Aug-2026;92826C839
CUS000161; bought;100;111.9300;USD;10-Aug-2026;92826C839
TRD002654;S;3,700;158.89;usd;08-Aug-2026;46625H100
TRD005158;BUY;4600;316.16;usd;20260811;68389X105
TRD004837;buy;2,800;336.34;US Dollar;08/10/2026;594918104
TRD005928;Buy ;200;430.6200;USD ;2026-08-21;594918104
TRD003602; sold;2700;102.38;USD;20260820;88160R101
TRD003873;Buy ;2700;44.0000;$;2026-08-16;30303M102
TRD005132;buy;2,100;371.5800;US Dollar;08/19/2026;46625H100
TRD002608;buy;1,400;164.93;US Dollar;20260805;88160R101
TRD003021;SELL;4,600;234.05;usd;20260805;88160R101
TRD005594;buy;600;308.0600;USD;06-Aug-2026;30303M102
TRD004317; sold;800;54.24;US Dollar;16-Aug-2026;023135106
TRD005456;Buy ;900;413.32;$;08/04/2026;023135106
TRD005900;S;3,300;432.6300;USD;08/07/2026;478160104
TRD001364;S;N/A;432.98;$;20260805;46625H100
TRD002910;Sell ;1900;173.75;$;2026-08-17;023135106
TRD003139; bought;4,400;255.35;$;08/03/2026;46625H100
TRD001644;sell;1900;122.59;USD;20260819;91324P102
TRD004865;Sell ;2900;424.7600;usd;14-Aug-2026;46625H100
TRD002586;B;700;109.8100;USD ;2026-08-14;30303M102
TRD002085;Buy ;4,200;164.00;usd;08/15/2026;594918104
TRD002696;BUY;3000;293.32;usd;08/03/2026;91324P102
TRD002142;B;5000;241.16;$;20260818;30303M102
TRD003319;Sell ;1100;478.06;USD;16-Aug-2026;594918104
TRD002300;Buy ;900;188.10;USD ;2026-08-12;91324P102
TRD004948;SELL;3700;300.0400;USD;20260808;023135106
TRD004308;Buy ;2400;314.65;usd;2026-08-15;91324P102
TRD002923;B;1,600;336.61;$;13-Aug-2026;68389X105
TRD004330;B;1700;287.01;usd;2026-08-04;46625H100
TRD000755;SELL;4,200;103.14;USD ;03-Aug-2026;023135106
TRD003028; bought;4,900;380.2700;usd;2026-08-16;037833100
CUS000299;Buy ;800;428.67;US Dollar;10-Aug-2026;88160R101
TRD001128;B;400;320.3800;USD ;08/15/2026;037833100
TRD000874;Buy ;4,900;316.7700;USD;2026-08-18;91324P102
TRD004326;SELL;1200;395.4100;$;2026-08-14;30303M102
TRD004134;SELL;1,800;107.1600;USD;2026-08-06;30303M102
CUS000145;BUY;4,100;324.2400;USD;10-Aug-2026;92826C839
CUS000240; bought;3,600;389.54;USD;2026-08-10;92826C839
TRD005608;SELL;4200;433.77;$;2026-08-15;92826C839
TRD000073;B;2,000;195.0300;$;08/04/2026;88160R101
TRD001029;buy;5000;226.6100;usd;20260813;92826C839
TRD000027;S;1000;189.51;$;2026-08-08;91324P102
TRD004967;S;1,500;181.68;$;2026-08-10;037833100
TRD005868;Buy ;2800;407.2000;USD;08/22/2026;46625H100
TRD003539;B;2,400;314.9600;usd;2026-08-06;037833100
TRD004010;BUY;N/A;464.9700;usd;20260804;46625H100
TRD001194;sell;4200;85.1600;usd;08/07/2026;478160104
TRD004927;buy;3400;346.62;USD;2026-08-18;037833100
TRD001058;BUY;300;252.9500;USD ;2026-08-17;91324P102
TRD005507;sell;1500;375.05;usd;2026-08-03;92826C839
CUS000210;Buy ;300;298.4100;USD;10-Aug-2026;92826C839
TRD002725;buy;2,200;368.8200;$;08/13/2026;478160104
TRD004640; sold;1,000;132.94;usd;08/11/2026;023135106
TRD005434;Buy ;3800;451.48;US Dollar;04-Aug-2026;68389X105
TRD000846; sold;2700;509.77;USD ;11-Aug-2026;30303M102
TRD000324;buy;700;422.8000;US Dollar;08/13/2026;68389X105
TRD004112;sell;1800;357.0100;US Dollar;2026-08-06;91324P102
TRD004929;Buy ;4,300;440.91;USD ;09-Aug-2026;46625H100
CUS000079;buy;4300;442.3800;$;08/10/2026;478160104
TRD002982;S;2,700;95.97;USD ;08/20/2026;478160104
TRD003447;BUY;2,500;390.83;USD;2026-08-17;594918104
TRD000423; bought;3,400;128.3200;$;08/10/2026;037833100
TRD003491;Buy ;4900;199.36;US Dollar;12-Aug-2026;037833100
TRD001696;sell;N/A;236.8400;US Dollar;20260803;478160104
TRD000707;sell;500;184.0700;USD ;20260815;68389X105
TRD001564;SELL;100;272.4900;usd;2026-08-21;68389X105
TRD005807;buy;4,000;433.2700;$;13-Aug-2026;30303M102
TRD000959;B;4500;475.64;$;08/06/2026;023135106
TRD002188;S;2,700;343.18;USD;20260803;46625H100
TRD002593;B;2,000;445.5700;$;20260819;023135106
TRD003812;SELL;3500;261.75;USD ;2026-08-21;30303M102
TRD001251;sell;1,000;366.2400;USD;2026-08-18;46625H100
TRD003443;sell;3800;492.5200;$;17-Aug-2026;68389X105
TRD002504; bought;1,300;67.85;US Dollar;21-Aug-2026;478160104
TRD000124;S;1300;422.8300;USD ;20260822;68389X105
TRD000136;Sell ;3800;148.8300;usd;10-Aug-2026;594918104
TRD004934;SELL;1,900;136.30;usd;20260813;68389X105
TRD005260;Buy ;3,200;380.77;usd;20260815;023135106
TRD002102;S;N/A;462.0300;USD ;2026-08-04;88160R101
TRD005724;Sell ;1100;338.95;USD;20260821;478160104
TRD003782;BUY;800;289.40;usd;13-Aug-2026;023135106
TRD002697;S;4,800;117.21;usd;08/04/2026;46625H100
TRD001529; sold;4200;327.9600;USD;17-Aug-2026;68389X105
TRD001730; sold;N/A;33.3800;usd;20260816;037833100
TRD000944;BUY;900;452.95;$;08/20/2026;037833100
TRD004889;BUY;400;386.02;US Dollar;20260815;68389X105
TRD000503;Buy ;2600;240.32;USD ;10-Aug-2026;023135106
TRD001287;BUY;1,900;140.9100;US Dollar;08/04/2026;037833100
TRD001155;SELL;3,000;418.3500;usd;2026-08-17;594918104
TRD001562; bought;1400;436.7200;US Dollar;20260808;68389X105
TRD005664;BUY;4300;481.29;USD ;2026-08-14;46625H100
TRD002273;Buy ;1400;186.86;USD;20260812;92826C839
TRD004382;S;3,600;395.2900;US Dollar;08/17/2026;30303M102
TRD002494;Buy ;1400;285.42;usd;10-Aug-2026;037833100
TRD003305;S;4,300;98.1500;USD ;18-Aug-2026;478160104
TRD002893;Sell ;3,400;143.7300;US Dollar;2026-08-22;037833100
TRD003145;sell;5000;33.55;USD ;2026-08-19;478160104
TRD002541; bought;1100;248.2200;$;03-Aug-2026;88160R101
TRD005617;sell;1,600;389.7500;$;08/15/2026;68389X105
TRD002439;S;100;100.0500;USD ;2026-08-16;30303M102
TRD002905;SELL;800;340.98;$;08/05/2026;88160R101
TRD001272;BUY;3400;433.7700;$;2026-08-13;594918104
TRD002001;SELL;4300;476.42;US Dollar;20260819;92826C839
TRD003477; bought;3900;430.8900;USD ;08/20/2026;478160104
TRD001580;SELL;2800;322.73;US Dollar;2026-08-05;037833100
TRD002700; bought;3400;139.0300;$;20260811;68389X105
TRD000609;B;1400;321.4800;$;2026-08-07;46625H100
TRD000386;B;1,600;243.91;US Dollar;2026-08-11;478160104
TRD002347;S;1200;369.5200;USD ;08/15/2026;46625H100
TRD002403; sold;1800;403.80;US Dollar;2026-08-11;594918104
TRD004077;Sell ;3100;469.6800;US Dollar;2026-08-20;30303M102
TRD005490; sold;900;461.7300;USD;2026-08-20;30303M102
TRD001292; sold;500;326.61;USD ;20260811;46625H100
TRD004744; bought;1200;378.50;US Dollar;20260821;91324P102
TRD002863; sold;1700;283.0300;US Dollar;08/12/2026;037833100
TRD004154;BUY;1,200;164.8200;USD;20260809;594918104
TRD001170;BUY;3900;24.09;USD ;20-Aug-2026;30303M102
TRD004288;BUY;500;106.34;USD;20260813;92826C839
TRD002132;BUY;4,400;242.2900;USD ;2026-08-05;023135106
TRD000335;Buy ;2500;490.9000;$;2026-08-11;037833100
TRD001567;B;800;421.7500;USD ;20260807;037833100
TRD003765;S;5,000;474.1100;$;08/14/2026;30303M102
TRD000855;B;1000;45.47;usd;20260804;023135106
TRD005747; bought;400;68.2600;USD;12-Aug-2026;68389X105
TRD005902;sell;2500;177.2200;usd;20260807;037833100
TRD004040; sold;100;329.1800;usd;15-Aug-2026;92826C839
TRD004202; bought;3,500;247.7900;$;2026-08-05;68389X105
CUS000012;B;4200;289.51;USD;08/10/2026;46625H100
CUS000297;B;5000;298.53;USD;2026-08-10;594918104
TRD003051; sold;2,100;190.9600;USD ;08/22/2026;478160104
TRD002002; sold;2900;483.0300;US Dollar;20260819;023135106
TRD000992;SELL;5,000;103.90;$;20260806;91324P102
TRD000365; sold;800;492.86;usd;2026-08-07;023135106
TRD001114; bought;4500;406.05;$;08/12/2026;478160104
CUS000291;BUY;3000;202.59;$;10-Aug-2026;92826C839
TRD002354;buy;200;321.9800;USD;20260806;023135106
TRD004139;BUY;4,400;453.7600;USD ;03-Aug-2026;91324P102
TRD000012;buy;1400;341.68;$;08/05/2026;92826C839
TRD002226;SELL;2300;143.26;$;2026-08-09;88160R101
TRD000715;BUY;1,900;415.4700;USD ;2026-08-22;478160104
TRD002222;SELL;2,800;115.8700;$;20260815;88160R101
TRD001085;buy;5000;284.11;usd;08/11/2026;88160R101
TRD001224;S;4,600;387.92;USD;20260818;023135106
TRD001682;B;3,400;172.3400;$;2026-08-11;594918104
TRD001003;Buy ;700;351.46;usd;04-Aug-2026;023135106
TRD004551;Buy ;1,200;77.5800;$;11-Aug-2026;88160R101
TRD002475;sell;1700;314.42;US Dollar;08/21/2026;023135106
TRD000078;Buy ;4500;71.8900;USD;04-Aug-2026;478160104
TRD003158;BUY;600;146.1300;$;15-Aug-2026;478160104
TRD001609;BUY;4,000;470.7000;USD ;2026-08-14;478160104
TRD000180;SELL;4900;44.7700;usd;08/11/2026;91324P102
TRD003147;Sell ;3,500;333.78;$;20260804;30303M102
TRD005818; sold;2,600;409.3300;$;06-Aug-2026;91324P102
TRD004556;Sell ;900;108.16;usd;08/07/2026;594918104
TRD004764;SELL;3,800;199.34;US Dollar;20260817;037833100
TRD002244;Buy ;4700;453.0900;$;15-Aug-2026;91324P102
TRD002145; bought;4000;460.23;$;07-Aug-2026;478160104
TRD002686; sold;N/A;362.2800;USD ;20260812;68389X105
TRD005092;buy;500;218.80;USD;19-Aug-2026;037833100
TRD001510;buy;4800;260.1200;USD;20260806;91324P102
TRD002916; sold;4900;43.02;US Dollar;08/03/2026;037833100
TRD000408;S;4,000;391.81;USD ;2026-08-15;68389X105
TRD000754;Sell ;3,400;29.6300;USD;20260803;478160104
TRD000673;Buy ;1,900;259.47;USD ;20260820;478160104
TRD002960;sell;4,600;460.0000;USD ;10-Aug-2026;46625H100
TRD005037;Buy ;900;31.1900;$;20260811;88160R101
CUS000268;buy;4,200;301.8100;$;20260810;88160R101
TRD002071;buy;3,000;108.81;USD ;2026-08-08;023135106
TRD003952;B;2900;279.99;USD ;06-Aug-2026;46625H100
TRD001793; bought;4,800;120.7400;USD;2026-08-10;91324P102
TRD004550; sold;4,800;264.47;USD;20260805;46625H100
TRD004132;Sell ;1200;74.16;usd;2026-08-10;037833100
TRD000361;SELL;1900;353.1100;usd;08/18/2026;023135106
TRD005771;SELL;2,000;162.62;USD ;08/15/2026;46625H100
TRD005244; bought;4300;325.72;USD;20260810;023135106
TRD001102;BUY;1,900;397.46;usd;20260807;68389X105
TRD004162;sell;4,300;361.70;US Dollar;08/10/2026;68389X105
TRD000313;S;300;225.90;usd;08/10/2026;478160104
TRD001063; sold;3,300;201.9400;$;20260808;037833100
TRD003084;Sell ;4200;342.49;USD;08/15/2026;023135106
TRD004687;BUY;100;124.44;USD;14-Aug-2026;037833100
TRD003891;BUY;100;466.87;$;2026-08-11;478160104
TRD002027;BUY;1,000;370.04;usd;08/08/2026;023135106
TRD005349;Buy ;4,900;59.0300;$;2026-08-10;023135106
TRD005252; sold;3500;39.02;US Dollar;09-Aug-2026;478160104
TRD005197;SELL;3,500;67.89;US Dollar;08/21/2026;91324P102
TRD004199;Sell ;3,200;66.13;USD ;05-Aug-2026;68389X105
TRD001713;sell;4400;439.16;USD ;08/14/2026;023135106
TRD002807;sell;2,200;386.37;USD ;11-Aug-2026;594918104
TRD003468; bought;4,900;158.7100;usd;22-Aug-2026;037833100
TRD005913; sold;1,700;396.1100;usd;08/14/2026;92826C839
TRD004790; bought;2,600;81.49;$;08/16/2026;30303M102
TRD000551;Sell ;600;75.71;$;20260807;88160R101
TRD001780; sold;2400;142.17;$;2026-08-05;68389X105
TRD001377; sold;3000;61.91;USD;20260815;68389X105
TRD002387; sold;3,300;70.10;USD ;08/14/2026;46625H100
TRD005148;S;1900;378.4200;$;20260809;30303M102
CUS000174;Buy ;5,000;430.82;USD;2026-08-10;023135106
TRD004956;SELL;1,300;488.50;usd;20260822;594918104
TRD005451; bought;1100;67.6200;USD;20260812;68389X105
TRD003340;Sell ;2200;105.07;$;2026-08-09;037833100
TRD001100;B;4,500;125.9800;$;04-Aug-2026;46625H100
TRD004476;BUY;3700;42.56;$;08/13/2026;68389X105
TRD002915;S;4,800;452.1300;$;20260820;68389X105
TRD000362;B;500;236.9800;$;2026-08-17;594918104
TRD002635;BUY;2,000;315.48;usd;2026-08-20;023135106
TRD005034;Buy ;100;319.45;$;08/21/2026;594918104
TRD004829;buy;1,100;162.98;$;17-Aug-2026;594918104
TRD004689;BUY;1400;357.3500;USD ;20260806;92826C839
TRD000343;SELL;400;435.58;$;08/13/2026;30303M102
TRD005844;BUY;3,200;188.75;USD ;08/22/2026;91324P102
TRD003970; sold;4200;284.6800;USD ;20260811;594918104
TRD000814;buy;3,800;251.68;US Dollar;20260821;478160104
TRD003909;sell;1600;433.4900;USD;08/11/2026;88160R101
CUS000119; bought;400;228.6100;US Dollar;20260810;91324P102
TRD001217;S;1,200;54.2000;usd;2026-08-22;88160R101
TRD005943;S;3,200;222.95;USD ;12-Aug-2026;037833100
TRD004259;BUY;N/A;362.82;$;08/16/2026;91324P102
TRD004442;sell;3600;52.79;US Dollar;2026-08-08;478160104
TRD005915;Sell ;1,000;301.97;$;08/09/2026;478160104
TRD004690;S;1500;297.3900;$;20260812;91324P102
TRD000682;Sell ;2500;190.31;$;20260808;68389X105
TRD000655;Buy ;2100;464.50;US Dollar;08/15/2026;88160R101
TRD001077;BUY;1300;272.5700;USD;10-Aug-2026;92826C839
TRD001109; bought;2300;305.0600;USD;20260803;30303M102
CUS000187; bought;1,000;323.4000;USD ;08/10/2026;46625H100
TRD005331;buy;400;246.3300;USD ;20260808;037833100
TRD003844;B;4700;215.66;USD ;08/03/2026;88160R101
TRD002344;S;2600;52.43;USD ;2026-08-03;68389X105
TRD003025;Buy ;4,800;115.79;US Dollar;20260821;68389X105
CUS000111;B;1300;420.6700;USD;2026-08-10;30303M102
TRD002949; sold;1100;367.5600;usd;08/13/2026;88160R101
TRD005980;sell;2000;77.4500;$;20260820;68389X105
TRD004011;Buy ;4000;181.07;US Dollar;05-Aug-2026;88160R101
TRD001390;B;300;497.0100;usd;21-Aug-2026;68389X105
TRD004454;Sell ;200;350.9600;US Dollar;2026-08-06;037833100
TRD004600;SELL;4,300;24.49;$;08/14/2026;023135106
CUS000214;B;3900;172.09;$;2026-08-10;594918104
TRD000478;B;1400;178.5300;USD;08/05/2026;478160104
TRD004307;Sell ;100;150.0600;USD;20260803;68389X105
TRD003421;sell;900;131.0300;$;08/04/2026;023135106
CUS000163;BUY;4,400;282.02;USD ;08/10/2026;023135106
TRD001434;Sell ;3,900;271.1000;USD ;08/13/2026;68389X105
TRD001031;S;2,800;209.4800;usd;20260808;46625H100
TRD004598;S;4500;144.3900;USD ;19-Aug-2026;68389X105
TRD001347;sell;3000;105.4700;usd;08/14/2026;68389X105
TRD001747; bought;2000;300.5700;$;08/20/2026;88160R101
TRD002428;Sell ;3,400;403.14;USD ;20260822;478160104
TRD004238;SELL;3500;328.4200;USD;20260819;92826C839
TRD002709;BUY;800;365.5900;USD;17-Aug-2026;023135106
CUS000247;BUY;2800;332.3500;$;20260810;91324P102
TRD000613;Sell ;1,600;285.63;US Dollar;22-Aug-2026;92826C839
CUS000221; bought;3,000;162.6500;US Dollar;20260810;037833100
TRD004065; sold;800;63.6000;$;20260814;68389X105
TRD001239;buy;900;445.89;usd;20260803;68389X105
TRD000792;BUY;4200;400.2200;USD ;15-Aug-2026;30303M102
CUS000277;Buy ;3700;129.0000;US Dollar;2026-08-10;594918104
TRD003286;Sell ;700;354.74;$;20260819;88160R101
TRD000533;BUY;2,800;411.4300;US Dollar;20260822;68389X105
TRD005904; sold;1,400;321.8600;US Dollar;08/11/2026;46625H100
TRD003695; sold;3,100;242.85;USD ;20260811;88160R101
TRD004071;B;2400;179.51;$;2026-08-20;594918104
TRD002991;B;600;197.87;USD;20260818;037833100
CUS000095;buy;1900;225.0800;USD ;10-Aug-2026;46625H100
CUS000168; bought;4100;259.4300;USD ;2026-08-10;91324P102
TRD002303; bought;300;247.13;$;08/14/2026;023135106
TRD001641; sold;4000;332.98;usd;08/14/2026;46625H100
TRD004146; bought;1,300;341.6900;US Dollar;08/08/2026;037833100
TRD001072;Sell ;500;26.28;$;09-Aug-2026;478160104
TRD001975;Sell ;4500;88.7600;USD ;20260809;594918104
TRD005284;sell;4200;422.17;USD;08/07/2026;46625H100
TRD004423; sold;500;466.06;US Dollar;2026-08-18;023135106
TRD003153;BUY;2900;408.04;USD;2026-08-06;594918104
TRD005286;SELL;1200;359.23;US Dollar;2026-08-09;037833100
TRD002047;Sell ;400;81.36;USD;08/16/2026;91324P102
TRD001479;SELL;3800;32.9100;usd;13-Aug-2026;46625H100
CUS000075;BUY;1,300;344.02;$;08/10/2026;68389X105
TRD003463;B;4100;360.3100;usd;2026-08-22;037833100
TRD001557;SELL;4,300;325.5900;US Dollar;20260817;037833100
TRD005448; sold;600;174.6400;US Dollar;08/20/2026;68389X105
TRD002603; bought;2100;451.05;$;20260816;92826C839
TRD004834;SELL;900;207.6400;USD;20260809;91324P102
TRD002020;S;1,800;77.0200;USD;18-Aug-2026;91324P102
TRD005663;BUY;4500;64.17;USD ;08/11/2026;30303M102
TRD000915;B;5000;303.0100;usd;20260812;68389X105
TRD004084;buy;2,400;297.09;US Dollar;08/10/2026;037833100
TRD005899; sold;4000;331.2900;USD;03-Aug-2026;30303M102
TRD002805; sold;2200;498.41;$;20260808;30303M102
TRD002023;Buy ;700;400.5000;$;20260807;68389X105
TRD003159; bought;1,600;455.1800;$;08/07/2026;594918104
TRD002177;sell;2200;74.4200;$;20260808;478160104
TRD003352;S;4000;406.1000;USD;05-Aug-2026;594918104
TRD003101;Sell ;3,800;353.56;US Dollar;08/11/2026;30303M102
TRD005493;SELL;900;39.80;US Dollar;2026-08-06;30303M102
TRD005800;B;2,000;312.2300;USD;2026-08-09;478160104
TRD003698;S;5,000;430.3400;USD ;08/17/2026;46625H100
TRD004982;SELL;4000;377.2200;$;08/21/2026;92826C839
TRD003362;sell;700;305.4300;USD ;08/20/2026;594918104
TRD004943;SELL;2700;156.1800;USD;05-Aug-2026;68389X105
TRD000100;B;1,000;334.9100;$;2026-08-03;594918104
TRD004812;sell;3,100;84.79;$;2026-08-08;037833100
TRD004885; sold;4,100;165.29;usd;07-Aug-2026;68389X105
TRD002495;buy;300;382.46;US Dollar;19-Aug-2026;594918104
TRD004341;Buy ;N/A;234.33;usd;08/16/2026;92826C839
TRD002756;Sell ;2,600;295.8700;USD;08/03/2026;92826C839
TRD003212;B;1,100;448.1000;USD;20260810;30303M102
TRD004067;buy;1,100;67.5100;usd;20260822;68389X105
TRD004608;SELL;1900;484.7100;US Dollar;20260807;46625H100
TRD002364;S;3700;135.87;$;19-Aug-2026;92826C839
TRD003808; sold;4300;321.33;USD;20260806;91324P102
CUS000138;buy;2800;440.0000;USD ;20260810;30303M102
TRD003941;BUY;2100;331.9400;$;05-Aug-2026;92826C839
TRD004417;BUY;1900;348.6700;$;20260813;88160R101
TRD003011; bought;1,400;359.9500;USD;18-Aug-2026;92826C839
TRD004696; sold;4000;412.30;USD ;10-Aug-2026;30303M102
TRD005104;sell;1,800;474.01;USD ;05-Aug-2026;30303M102
TRD000736; sold;1700;203.8600;USD ;08/18/2026;92826C839
CUS000014;B;2,500;102.7000;USD ;08/10/2026;478160104
TRD002479;BUY;4900;386.69;USD ;08/16/2026;478160104
TRD004405;S;3,100;458.7100;USD ;08/03/2026;594918104
TRD004599;SELL;2000;92.04;US Dollar;08/04/2026;023135106
TRD002652;Sell ;1,600;200.1400;$;20-Aug-2026;68389X105
TRD003790;buy;1,700;37.93;$;20260811;92826C839
TRD000390; bought;2,000;258.74;$;20260805;46625H100
TRD001044;S;4,600;139.5000;USD ;08/17/2026;023135106
TRD000246;sell;2900;261.8400;$;20260822;037833100
TRD002430;SELL;1,900;457.3100;$;20260813;023135106
TRD005031;Sell ;400;208.8200;USD;20260804;46625H100
TRD003885;SELL;2,500;33.3200;$;2026-08-05;68389X105
CUS000215; bought;1000;85.9600;USD ;10-Aug-2026;68389X105
TRD002219;B;5000;302.0400;US Dollar;08-Aug-2026;023135106
TRD001414;SELL;2000;420.60;USD;2026-08-13;478160104
CUS000243;B;5,000;250.79;$;20260810;46625H100
TRD004548;buy;3,000;62.95;US Dollar;08/04/2026;478160104
TRD000797;SELL;4300;269.7500;US Dollar;08/22/2026;92826C839
TRD005309;SELL;2500;491.2800;$;16-Aug-2026;88160R101
TRD001848;buy;4,100;354.23;USD ;2026-08-07;88160R101
TRD001131; sold;4400;129.17;US Dollar;2026-08-10;92826C839
TRD003823;Buy ;4,700;381.04;USD;20260821;478160104
TRD004732;sell;3200;361.1300;usd;14-Aug-2026;30303M102
TRD005585;S;4600;26.38;US Dollar;03-Aug-2026;88160R101
TRD002875;B;3,700;421.5700;$;20260817;92826C839
TRD003898;Sell ;4,500;380.5700;$;08/19/2026;88160R101
TRD001162;sell;2,500;284.1700;USD ;20260804;68389X105
CUS000078;B;4,100;70.25;$;08/10/2026;30303M102
TRD003192;BUY;4700;366.9200;US Dollar;08/12/2026;023135106
CUS000274; bought;100;389.28;USD ;20260810;478160104
TRD003068;B;4,600;132.81;USD;20260814;88160R101
TRD001890;SELL;5,000;402.82;US Dollar;2026-08-08;30303M102
TRD002876;BUY;3,800;229.37;USD;08/09/2026;037833100
TRD002380;BUY;100;456.7300;US Dollar;20260810;037833100
TRD000074;BUY;1,600;340.13;US Dollar;08/14/2026;91324P102
TRD001627;B;700;94.06;USD ;08/15/2026;88160R101
TRD000728;Sell ;900;40.48;$;05-Aug-2026;46625H100
TRD004237;Buy ;4,700;248.9700;$;2026-08-09;92826C839
TRD005752;BUY;1600;277.99;$;05-Aug-2026;478160104
TRD001779;B;2800;446.5800;$;20260821;68389X105
TRD002889;BUY;3,100;86.4800;USD ;08/13/2026;68389X105
CUS000269;BUY;3000;246.7300;US Dollar;10-Aug-2026;91324P102
TRD001795; sold;2,100;425.98;US Dollar;08/16/2026;46625H100
TRD001257;Buy ;3500;296.65;US Dollar;04-Aug-2026;037833100
TRD003448; sold;800;402.3700;USD;20260807;037833100
CUS000013;Buy ;3700;347.2100;US Dollar;20260810;88160R101
TRD005115;Sell ;700;178.1800;USD;08/12/2026;91324P102
CUS000201;BUY;2900;333.4200;$;2026-08-10;92826C839
TRD001168;Sell ;100;311.8300;USD;2026-08-18;023135106
TRD001689;S;3300;204.82;USD;06-Aug-2026;30303M102
TRD004566;sell;2,100;478.4400;$;2026-08-20;92826C839
TRD001584; sold;3400;225.3100;$;08/21/2026;037833100
TRD002610; bought;3100;36.7200;US Dollar;08/16/2026;68389X105
TRD004887;buy;4,500;387.1200;$;20260820;46625H100
TRD000514;sell;2,300;43.4800;$;2026-08-16;023135106
TRD003524;Buy ;4800;40.5700;USD ;08/14/2026;037833100
TRD005146;Sell ;400;107.34;US Dollar;08/13/2026;037833100
TRD004131;Buy ;2,400;296.3400;US Dollar;20260815;30303M102
TRD003267;sell;4900;254.01;USD;08/19/2026;037833100
TRD000001; bought;700;344.82;usd;20260821;594918104
TRD003763;sell;5000;327.1200;US Dollar;20260814;46625H100
TRD005528;Buy ;2,400;460.27;usd;20260811;92826C839
TRD000152; bought;100;307.3700;$;18-Aug-2026;478160104
TRD005538;BUY;1,400;420.15;USD ;08/09/2026;91324P102
TRD000924;sell;1700;309.6500;US Dollar;2026-08-21;68389X105
TRD004055;SELL;800;62.4300;USD;08/15/2026;478160104
TRD001491;Sell ;4000;376.59;USD ;08/05/2026;92826C839
TRD005235;Sell ;4200;59.52;US Dollar;08/18/2026;30303M102
CUS000122;B;1,400;414.9600;US Dollar;2026-08-10;68389X105
TRD002834;S;1,600;437.29;USD ;20260818;46625H100
TRD000649;buy;4300;200.6100;$;20260812;594918104
TRD005261;BUY;3800;395.50;US Dollar;2026-08-14;46625H100
TRD002733;BUY;3100;471.9200;usd;08/21/2026;478160104
TRD005590; bought;3,300;35.69;$;15-Aug-2026;88160R101
TRD002429;S;3,400;231.69;USD;20260811;023135106
TRD005510;S;1,200;90.7300;usd;09-Aug-2026;30303M102
TRD004606;S;3500;456.9200;USD ;19-Aug-2026;68389X105
TRD001904;buy;4,400;447.27;$;20260814;023135106
TRD001571;BUY;400;404.7500;US Dollar;08/12/2026;88160R101
TRD004520;Sell ;1400;283.22;usd;17-Aug-2026;88160R101
TRD002160; bought;2,000;439.4100;$;08/17/2026;46625H100
TRD002088;Sell ;1200;225.7400;$;13-Aug-2026;92826C839
TRD002210; sold;800;488.4400;$;08/14/2026;478160104
TRD002956;Buy ;4,100;238.3900;$;08/08/2026;478160104
TRD003367;Sell ;1000;154.7200;usd;16-Aug-2026;594918104
TRD000358;Buy ;2100;331.7900;USD;20260810;594918104
TRD005558;BUY;2200;278.9200;USD ;20260811;46625H100
TRD005192;Buy ;3700;120.85;USD ;20260811;91324P102
TRD004539; bought;2,000;203.6300;USD ;08/16/2026;594918104
TRD001761; sold;1300;114.9600;USD ;08/08/2026;023135106
CUS000022;buy;3,400;248.1000;USD ;08/10/2026;68389X105
TRD004929;Buy ;4,300;440.91;USD;09-Aug-2026;46625H100
TRD004651;S;2,600;214.47;usd;08/03/2026;88160R101
TRD002705;SELL;3100;242.85;$;21-Aug-2026;037833100
TRD004753;BUY;1600;459.6200;USD ;08/03/2026;91324P102
TRD002266;buy;4200;203.61;USD;20260816;023135106
TRD001597;buy;100;111.58;usd;20260803;023135106
TRD004922;BUY;3,100;214.9500;$;07-Aug-2026;037833100
TRD004591; bought;100;280.0500;$;20260813;30303M102
TRD001731;Sell ;4,100;468.8300;usd;08/11/2026;023135106
TRD002688;SELL;1700;325.65;USD;08/03/2026;023135106
CUS000169; bought;3,900;104.9700;$;10-Aug-2026;30303M102
TRD001171; sold;3600;413.6600;usd;09-Aug-2026;037833100
TRD003704; sold;3,700;456.63;usd;08/09/2026;46625H100
TRD001428;S;1000;26.1900;USD ;2026-08-19;30303M102
TRD001125;SELL;200;39.0800;$;08/19/2026;30303M102
TRD000567;BUY;1200;199.19;USD ;07-Aug-2026;91324P102
TRD005840; sold;4900;196.5700;USD ;22-Aug-2026;30303M102
TRD000476;sell;1,000;406.7700;US Dollar;04-Aug-2026;91324P102
TRD001057; sold;200;364.87;USD;20260814;68389X105
TRD000849;sell;3,600;411.48;$;20260820;023135106
TRD001986;B;700;450.3500;USD ;20260808;88160R101
TRD005896;SELL;1,300;175.0800;US Dollar;14-Aug-2026;023135106
TRD000059;buy;900;342.4100;$;12-Aug-2026;478160104
TRD004105; bought;3800;157.7300;USD ;2026-08-11;30303M102
TRD001260; bought;600;271.2100;USD;2026-08-22;594918104
TRD002692;S;2100;257.6400;USD ;2026-08-15;478160104
TRD001987;SELL;2500;106.7200;USD;20260820;91324P102
TRD004356;S;2700;452.06;US Dollar;05-Aug-2026;91324P102
TRD003516; sold;900;445.22;USD;08/05/2026;30303M102
TRD004758;buy;600;96.83;USD;21-Aug-2026;594918104
TRD004369;Sell ;900;241.11;usd;19-Aug-2026;594918104
TRD004277; bought;1,200;456.91;US Dollar;20260821;91324P102
TRD004984; bought;300;111.1400;usd;2026-08-08;30303M102
TRD000303;BUY;3,800;338.53;US Dollar;14-Aug-2026;30303M102
TRD004541;Sell ;2900;353.34;USD ;08/08/2026;037833100
TRD003282;Sell ;2,800;252.0300;USD;2026-08-13;91324P102
TRD000084;buy;2,800;185.9300;USD;2026-08-13;46625H100
TRD004268; bought;3000;380.7700;US Dollar;08-Aug-2026;023135106
TRD001368; sold;4400;194.72;USD ;20260804;594918104
TRD005721;buy;200;379.2700;$;11-Aug-2026;023135106
TRD005480;Buy ;3100;323.6500;USD;20260809;88160R101
TRD002375;SELL;400;205.82;USD;15-Aug-2026;68389X105
TRD002425;S;2,500;418.75;usd;2026-08-04;68389X105
TRD003940;Buy ;600;158.6100;US Dollar;08/10/2026;91324P102
TRD001013;buy;4,200;159.85;USD ;08/11/2026;92826C839
TRD005562;buy;2,500;226.4000;$;20260820;023135106
TRD004496;Buy ;1900;138.13;usd;20260822;037833100
TRD004327;S;800;361.3900;USD;20-Aug-2026;68389X105
CUS000025;B;3,200;45.89;US Dollar;08/10/2026;478160104
TRD004957;BUY;900;213.18;US Dollar;2026-08-03;037833100
TRD002661; bought;4200;220.6900;USD ;20260816;46625H100
TRD000670;S;2600;258.14;usd;08/15/2026;46625H100
TRD004051;Buy ;700;53.4800;usd;08/04/2026;92826C839
TRD005841;buy;2,300;356.7400;US Dollar;05-Aug-2026;594918104
TRD005568;SELL;4600;425.41;USD ;2026-08-18;478160104
TRD003400;Buy ;1,100;49.47;USD;20260804;478160104
TRD004184;S;2,600;348.1600;usd;18-Aug-2026;30303M102
TRD002477;SELL;1,900;340.63;USD;18-Aug-2026;46625H100
TRD003489;SELL;5,000;140.8900;US Dollar;20260817;037833100
TRD001405;Buy ;2800;197.4200;US Dollar;14-Aug-2026;037833100
TRD004898;SELL;2,000;363.79;US Dollar;20260822;037833100
TRD003165; sold;800;271.7900;$;11-Aug-2026;92826C839
CUS000255; bought;3900;398.74;USD ;20260810;88160R101
CUS000040;B;2700;93.0800;USD;10-Aug-2026;91324P102
TRD002446;SELL;4100;235.8800;USD;2026-08-16;30303M102
TRD003296; sold;100;246.1800;$;08/04/2026;68389X105
TRD005445; bought;1,100;197.08;US Dollar;08/04/2026;023135106
TRD002192;SELL;2,600;417.7000;usd;20260821;46625H100
TRD002762; sold;300;394.14;usd;08/20/2026;88160R101
TRD004440; bought;4200;270.1600;usd;2026-08-22;68389X105
TRD004204; bought;4200;206.91;usd;2026-08-03;478160104
TRD001620;buy;3600;127.5700;usd;20260811;88160R101
TRD002847;BUY;2,700;404.91;USD ;20260817;30303M102
TRD000492;SELL;3,200;483.9200;$;20260818;478160104
TRD000679;Buy ;3,100;274.13;US Dollar;21-Aug-2026;023135106
TRD004091; bought;100;347.4500;US Dollar;08/04/2026;88160R101
TRD004700;sell;800;173.63;USD ;08/10/2026;91324P102
TRD004383;sell;3,200;142.3600;USD ;20260814;92826C839
CUS000185; bought;2700;140.24;US Dollar;10-Aug-2026;91324P102
TRD001903;SELL;3,100;383.32;USD ;23-Aug-2026;46625H100
TRD002744;buy;1600;241.1900;usd;2026-08-13;023135106
TRD003955; bought;3,600;117.1100;USD ;20260820;68389X105
TRD004968;Sell ;N/A;496.80;USD;08/16/2026;92826C839
TRD004947;Sell ;100;204.24;USD;15-Aug-2026;594918104
TRD002211;S;3900;282.31;usd;08/08/2026;91324P102
TRD004050; bought;1,000;125.04;usd;2026-08-10;30303M102
TRD000428;BUY;4,900;367.1000;US Dollar;2026-08-04;68389X105
TRD004170;Sell ;1300;202.94;USD ;20260806;037833100
TRD005778; sold;2,500;304.71;USD;20260818;037833100
TRD003209; bought;4,000;26.95;USD;2026-08-08;594918104
TRD002393;Buy ;600;48.6700;usd;22-Aug-2026;46625H100
TRD004426; sold;3600;174.0700;usd;13-Aug-2026;91324P102
TRD005229; sold;1,500;128.7900;USD;08/12/2026;594918104
TRD003390;sell;3,700;108.49;usd;08/21/2026;594918104
TRD000598;Buy ;N/A;27.82;USD ;2026-08-08;478160104
TRD002075;buy;3,400;85.90;USD ;03-Aug-2026;92826C839
TRD004488;SELL;4500;401.6400;$;2026-08-19;478160104
TRD004391;Buy ;1,100;76.7700;US Dollar;20260804;68389X105
TRD000864; sold;3900;114.3100;$;10-Aug-2026;30303M102
TRD005930;S;4,300;193.60;US Dollar;2026-08-16;594918104
TRD003049;B;2,500;393.17;$;20260811;68389X105
TRD002757;Sell ;200;24.1000;USD;20260813;46625H100
TRD003115; bought;2,800;61.4900;USD ;11-Aug-2026;68389X105
TRD002912;Buy ;200;255.79;US Dollar;2026-08-14;91324P102
TRD001113;Sell ;1700;475.49;USD;20260807;30303M102
TRD003385;S;400;226.2700;usd;22-Aug-2026;46625H100
TRD001920;sell;1,500;365.20;US Dollar;20260818;594918104
CUS000128;B;5,000;470.78;$;20260810;68389X105
CUS000024;BUY;3600;396.84;USD;2026-08-10;92826C839
TRD002921; sold;3,200;119.2300;USD;2026-08-22;037833100
TRD001421;SELL;3700;28.42;USD;20260811;68389X105
TRD004331;Buy ;2,000;380.0400;$;03-Aug-2026;037833100
CUS000183;buy;1,300;213.1100;USD ;10-Aug-2026;594918104
TRD002492;B;3,500;115.2500;USD;20260808;91324P102
TRD004274; bought;100;218.52;USD;20260816;68389X105
TRD002816; bought;700;346.5900;USD ;20260822;023135106
TRD003572;S;4900;205.85;USD ;10-Aug-2026;594918104
TRD003662;BUY;4,000;147.5600;USD ;2026-08-07;594918104
TRD004491;S;1400;189.5500;$;22-Aug-2026;037833100
TRD003566;Sell ;2100;279.60;$;08/06/2026;30303M102
TRD004639; sold;2,100;260.29;usd;2026-08-18;30303M102
TRD000773;B;1,900;242.61;US Dollar;2026-08-06;478160104
TRD003948;buy;500;179.08;usd;20260804;46625H100
CUS000046;B;4900;26.63;$;2026-08-10;92826C839
TRD003933;S;3400;436.13;USD ;05-Aug-2026;92826C839
TRD002951;BUY;400;410.5800;USD ;20260821;594918104
CUS000020; bought;2,200;498.5000;$;10-Aug-2026;594918104
TRD000688;sell;1,300;407.0900;USD ;08/13/2026;68389X105
TRD005373;buy;2800;248.6900;US Dollar;20260819;88160R101
TRD002464; sold;3,200;146.27;$;08/07/2026;30303M102
TRD004624;sell;1,500;478.7500;US Dollar;11-Aug-2026;30303M102
TRD004210;Buy ;800;89.4700;USD;2026-08-08;594918104
TRD004300;sell;1600;125.7500;$;17-Aug-2026;68389X105
TRD001293;sell;4,300;389.54;USD ;20260813;30303M102
TRD003099;Buy ;4100;377.25;USD ;08/03/2026;478160104
TRD005812;S;3600;384.0800;USD;20260806;68389X105
TRD001021;Sell ;1100;33.71;usd;2026-08-14;88160R101
TRD002605;BUY;3900;109.74;USD ;2026-08-10;88160R101
TRD000637;BUY;100;137.38;USD ;20260818;88160R101
TRD000382;Buy ;4,400;214.9200;USD;20260817;594918104
TRD003161;SELL;3,500;199.1900;USD;11-Aug-2026;478160104
TRD005551;S;2200;485.43;usd;20260820;023135106
TRD001439;BUY;N/A;400.6700;usd;19-Aug-2026;92826C839
TRD003659;Buy ;2100;117.1000;USD;09-Aug-2026;68389X105
TRD002406;S;5,000;311.8400;USD ;2026-08-06;30303M102
TRD002613;SELL;100;97.2200;USD;07-Aug-2026;92826C839
TRD000798;sell;2,700;397.7700;USD;2026-08-06;91324P102
TRD004153;BUY;1,000;252.2500;USD;20260808;68389X105
TRD003661;Buy ;2,800;222.98;$;13-Aug-2026;037833100
TRD004803;Sell ;3500;399.78;US Dollar;08/21/2026;68389X105
TRD000747; bought;1,300;418.09;US Dollar;08/09/2026;037833100
TRD005208;sell;700;387.6500;US Dollar;09-Aug-2026;594918104
TRD001649;B;3,700;373.6900;US Dollar;17-Aug-2026;88160R101
TRD004821;buy;3,700;295.2300;USD;08/23/2026;037833100
TRD001559; bought;4600;244.22;USD;2026-08-06;478160104
TRD002522;B;3,600;220.7100;usd;2026-08-03;30303M102
TRD000353;SELL;4800;346.12;usd;08/03/2026;68389X105
TRD000998;buy;3700;349.29;usd;06-Aug-2026;30303M102
TRD002459;sell;3400;382.34;USD ;08/03/2026;92826C839
TRD004380;sell;2700;223.06;USD ;12-Aug-2026;594918104
TRD004679;Sell ;1,900;113.19;usd;08/07/2026;023135106
TRD002491; sold;3,600;50.46;USD ;20260804;91324P102
TRD000510; sold;300;106.09;usd;13-Aug-2026;037833100
TRD005015;Buy ;700;180.94;USD;2026-08-11;91324P102
CUS000254; bought;600;294.27;USD ;10-Aug-2026;92826C839
TRD000172;Buy ;5,000;104.0900;usd;08/19/2026;478160104
TRD003109;Sell ;3200;400.14;US Dollar;20260804;30303M102
TRD002970;sell;2,800;106.5500;US Dollar;20260817;037833100
TRD003961;Buy ;3,000;425.0700;usd;20260821;478160104
TRD004801;sell;1,700;432.7900;$;2026-08-08;594918104
TRD001412;B;3000;360.9200;US Dollar;08/07/2026;023135106
TRD000179;buy;1,300;268.8500;USD ;2026-08-22;478160104
TRD001494;Sell ;2,000;227.8000;usd;08/20/2026;88160R101
TRD001616;buy;2,700;472.67;$;20260818;30303M102
TRD001379;Sell ;3,200;92.24;$;20260809;91324P102
TRD001512; bought;600;134.28;usd;2026-08-06;88160R101
TRD003686;BUY;100;82.2700;$;2026-08-19;68389X105
TRD005734; bought;2900;328.8700;usd;08/14/2026;92826C839
TRD002738;SELL;4700;218.6100;USD;07-Aug-2026;68389X105
TRD001884;Buy ;3800;476.8500;$;08-Aug-2026;037833100
TRD001084;S;2,100;312.04;USD ;20260821;91324P102
TRD005216;Buy ;2,900;74.6400;$;2026-08-15;91324P102
TRD000086;Buy ;4,600;229.3100;US Dollar;2026-08-19;91324P102
TRD000815; bought;N/A;394.0000;USD;2026-08-22;037833100
TRD005220; bought;1900;146.4300;USD ;20260818;92826C839
TRD002005; sold;2200;458.7400;USD;2026-08-10;91324P102
TRD005245;sell;200;409.7200;USD;08/16/2026;88160R101
TRD005909; sold;2900;164.7000;USD ;08/14/2026;478160104
TRD003580;buy;1900;207.55;US Dollar;2026-08-04;478160104
TRD005318;S;5,100;296.76;usd;13-Aug-2026;023135106
TRD003774; bought;200;436.85;US Dollar;20260806;88160R101
CUS000092; bought;2,100;482.4900;USD ;08/10/2026;46625H100
TRD001306;Sell ;2,300;180.05;US Dollar;08/12/2026;46625H100
TRD000496; bought;4,100;131.09;$;20260807;037833100
TRD004560;SELL;2500;328.82;USD ;09-Aug-2026;68389X105
TRD000183;buy;100;285.08;US Dollar;20260805;023135106
TRD004421;SELL;1,400;68.78;$;2026-08-22;037833100
TRD003094;sell;1800;466.4800;USD ;20260812;478160104
TRD000625;S;4200;346.9100;USD ;20260805;30303M102
TRD000113;S;2,000;381.6700;$;2026-08-16;91324P102
TRD000591;Sell ;5000;64.69;USD ;20260819;30303M102
TRD000521;B;700;63.9300;usd;12-Aug-2026;478160104
TRD002824;Sell ;4200;221.1200;usd;08/21/2026;023135106
CUS000178;buy;4700;439.88;US Dollar;2026-08-10;037833100
TRD000860; sold;400;464.71;usd;15-Aug-2026;46625H100
TRD004809; sold;2,800;151.9700;$;19-Aug-2026;88160R101
TRD004776;S;3,800;262.06;USD;08/20/2026;91324P102
TRD004281;Buy ;1,100;479.65;US Dollar;08/07/2026;30303M102
TRD000519;B;1,600;362.29;USD;08/05/2026;30303M102
TRD003740;Sell ;4,800;370.25;USD ;04-Aug-2026;30303M102
TRD000538;sell;3,600;32.92;$;20260817;023135106
TRD005897;BUY;600;30.4300;usd;08/05/2026;68389X105
TRD003532;BUY;2,800;264.3600;USD;20260808;46625H100
TRD001146;Buy ;2,900;436.22;US Dollar;2026-08-18;88160R101
TRD003386;buy;3400;160.50;USD;08/07/2026;46625H100
TRD002799;buy;2400;337.38;$;08/21/2026;037833100
TRD001278; bought;4,600;207.23;usd;2026-08-11;68389X105
TRD002708; bought;3,200;163.9800;$;03-Aug-2026;92826C839
TRD003697; sold;300;176.2100;USD;22-Aug-2026;594918104
TRD004648;Sell ;2,900;132.0800;$;08/10/2026;88160R101
TRD003416;sell;4100;212.9400;US Dollar;2026-08-22;92826C839
TRD000340; bought;400;399.73;USD;2026-08-04;88160R101
TRD002547;SELL;3,600;231.9900;usd;11-Aug-2026;594918104
TRD002251;buy;4700;251.7000;US Dollar;05-Aug-2026;30303M102
TRD005007;buy;2,800;360.46;$;08/10/2026;023135106
TRD004111;buy;2,700;339.42;USD;20260813;91324P102
TRD003417;Sell ;700;202.36;usd;2026-08-22;023135106
TRD001458;Buy ;2,600;353.62;USD;08/06/2026;68389X105
TRD001073; sold;600;244.6700;USD;20260804;88160R101
TRD001707;Sell ;4600;254.7100;$;15-Aug-2026;91324P102
TRD001832; bought;4300;386.52;US Dollar;11-Aug-2026;68389X105
TRD002327;SELL;3,500;144.93;US Dollar;2026-08-22;478160104
TRD000526;SELL;4700;452.5500;usd;08/10/2026;92826C839
TRD003283; bought;4700;495.8300;US Dollar;04-Aug-2026;92826C839
TRD005901;Buy ;3,400;200.50;US Dollar;2026-08-18;037833100
TRD001856;S;2,900;374.8400;$;08/13/2026;68389X105
TRD000819; sold;1500;489.39;USD;20260813;91324P102
TRD002202;Sell ;2500;389.79;$;2026-08-04;30303M102
TRD002004;sell;2,800;257.8400;USD ;20260808;88160R101
TRD001148;Sell ;2500;365.70;$;08/16/2026;92826C839
TRD003934;S;1400;95.51;$;20260806;037833100
TRD005247;SELL;1,200;75.9600;USD;08/09/2026;46625H100
TRD002535; sold;4,200;336.5000;USD;08/05/2026;92826C839
TRD000848;BUY;3,900;356.01;usd;20260819;30303M102
TRD000936;S;4700;369.4300;US Dollar;20260812;594918104
TRD003996;Buy ;3900;143.4000;$;2026-08-18;594918104
TRD003871;BUY;1,900;461.84;USD ;20260815;30303M102
TRD003986; sold;4,900;475.4200;usd;2026-08-06;594918104
TRD003002;S;2,100;433.5100;USD ;20260806;037833100
TRD001739;Sell ;2,600;62.70;usd;08/16/2026;023135106
TRD005438;Sell ;1200;175.0900;usd;20260803;91324P102
TRD001887;buy;2,800;141.3800;usd;20260812;91324P102
TRD000520;B;4,600;396.2700;USD;20260807;46625H100
TRD002898; sold;700;438.6100;US Dollar;08/07/2026;92826C839
TRD005959;SELL;4500;77.09;US Dollar;08/20/2026;92826C839
TRD000407;BUY;400;300.0900;usd;20260808;91324P102
TRD002529;buy;500;496.7900;USD ;20260803;30303M102
TRD004727;Buy ;2300;398.34;USD;20260819;92826C839
TRD003709;BUY;900;254.77;USD ;08/17/2026;478160104
CUS000034;BUY;1,100;173.77;USD ;10-Aug-2026;46625H100
TRD005342;SELL;600;496.87;$;2026-08-06;68389X105
TRD000222; sold;1,900;378.35;USD ;08/14/2026;594918104
TRD005206; sold;2700;433.88;US Dollar;10-Aug-2026;023135106
TRD000036;Sell ;1,500;302.45;usd;08/03/2026;594918104
TRD002979;Sell ;2,100;300.06;$;2026-08-17;478160104
TRD005740;BUY;4900;210.3700;usd;08/10/2026;037833100
TRD001908;SELL;3400;154.14;USD;2026-08-10;88160R101
TRD003384;BUY;1,800;308.6800;USD ;2026-08-09;478160104
TRD005738;S;3600;314.2000;USD;09-Aug-2026;30303M102
TRD003604;Buy ;2800;435.96;usd;2026-08-10;91324P102
TRD003534;S;4200;453.1600;USD ;08/22/2026;023135106
TRD002287; sold;1000;191.4500;usd;03-Aug-2026;023135106
TRD005102; sold;100;424.53;US Dollar;08/10/2026;46625H100
TRD003332;buy;4200;429.0400;USD;08/10/2026;92826C839
TRD003329;Buy ;2,200;29.74;USD ;20260821;594918104
TRD004008;Sell ;2,500;462.15;$;20260812;46625H100
TRD003842;SELL;4700;139.18;USD;08/22/2026;68389X105
TRD000934;Buy ;3700;90.5000;USD;20260808;30303M102
TRD003395;B;1,400;234.60;US Dollar;07-Aug-2026;594918104
TRD000330;BUY;3200;318.6900;USD ;2026-08-03;91324P102
TRD000232;SELL;4700;94.17;USD;20260816;594918104
TRD005560;Sell ;5,000;117.15;US Dollar;08/07/2026;91324P102
TRD004333; bought;3,400;250.6100;USD;13-Aug-2026;91324P102
TRD001555;SELL;1700;314.2100;USD ;20260811;91324P102
TRD000974; sold;3,600;54.75;USD ;12-Aug-2026;88160R101
TRD005262;B;4,100;180.7300;USD ;2026-08-21;68389X105
TRD004309;sell;600;313.8000;USD ;20260813;023135106
TRD004842;BUY;3,100;336.08;usd;15-Aug-2026;91324P102
TRD004643;SELL;3,900;374.3600;USD;20260814;68389X105
TRD005578;BUY;4000;228.5600;$;08/15/2026;46625H100
TRD001271;S;2,400;407.7600;USD ;20260811;023135106
TRD002006;sell;800;159.2300;usd;18-Aug-2026;30303M102
TRD001783;BUY;2800;205.49;$;18-Aug-2026;88160R101
TRD001653;B;3800;112.43;US Dollar;08/14/2026;478160104
TRD005023;buy;500;158.8500;USD ;08/05/2026;92826C839
TRD000787;BUY;300;163.14;usd;20260812;478160104
TRD003040; sold;3,400;155.3100;USD ;14-Aug-2026;68389X105
CUS000198; bought;4600;145.72;$;10-Aug-2026;46625H100
TRD004575;BUY;2700;305.98;USD ;08/19/2026;023135106
TRD003380;SELL;1,700;96.23;$;20260820;023135106
TRD005645; bought;3,800;110.47;USD ;2026-08-05;68389X105
TRD005277;S;400;67.95;$;2026-08-20;478160104
TRD005224;S;3,300;337.7100;$;08/06/2026;88160R101
TRD002775;buy;2,000;421.5400;$;2026-08-16;30303M102
CUS000032;Buy ;4400;383.19;USD ;2026-08-10;88160R101
TRD005184;buy;4,700;280.23;$;20260817;037833100
TRD005143;sell;2100;413.8800;USD;08/04/2026;594918104
TRD003139; bought;4,400;255.35;USD;08/03/2026;46625H100
TRD000759; bought;3,300;499.7300;usd;08/15/2026;91324P102
TRD000885;buy;400;105.4400;$;20260811;91324P102
TRD002299;Buy ;2,000;22.4400;usd;20260814;037833100
TRD002703;sell;4700;418.73;usd;2026-08-05;68389X105
TRD004296; sold;3200;159.85;USD ;20260804;023135106
TRD003587;Sell ;2,100;191.78;$;2026-08-08;023135106
TRD001900;Buy ;4,400;385.0600;$;2026-08-03;037833100
TRD001017;Buy ;700;65.87;USD;08/18/2026;91324P102
TRD002082;S;4100;280.9300;$;20260803;037833100
TRD000922;S;2,400;206.28;US Dollar;18-Aug-2026;037833100
TRD002427;sell;3700;322.5600;US Dollar;2026-08-16;91324P102
TRD002584;sell;300;174.74;$;2026-08-06;88160R101
TRD003376; bought;2,600;396.3400;US Dollar;08/04/2026;30303M102
TRD004767;Buy ;100;339.25;usd;08/06/2026;92826C839
TRD005565;BUY;1,600;22.12;usd;20-Aug-2026;478160104
TRD003031;Sell ;1200;124.1600;US Dollar;20260803;46625H100
CUS000071;BUY;2,500;264.9500;USD;10-Aug-2026;88160R101
TRD004003;S;1700;181.9500;USD;07-Aug-2026;46625H100
CUS000016;BUY;1800;307.94;USD ;08/10/2026;88160R101
TRD001692;sell;3800;344.0500;$;2026-08-10;91324P102
TRD005614; sold;1800;50.95;USD;20260820;92826C839
TRD001310;sell;700;322.70;usd;20260814;478160104
TRD005916;sell;1,700;441.53;$;03-Aug-2026;023135106
TRD000337;Sell ;2200;84.0400;$;14-Aug-2026;91324P102
TRD002986; sold;3,800;350.30;USD;20260814;478160104
TRD000243;Buy ;1600;302.65;US Dollar;2026-08-03;68389X105
TRD004838; bought;1300;413.42;USD ;2026-08-06;037833100
TRD003261;buy;N/A;52.52;US Dollar;13-Aug-2026;023135106
CUS000035; bought;900;382.60;usd;10-Aug-2026;478160104
TRD000400;sell;3400;227.38;$;08/22/2026;91324P102
TRD002111;S;4,800;259.5200;usd;20260812;478160104
TRD004020;BUY;1800;355.34;USD;2026-08-05;68389X105
TRD005553; sold;2,800;177.0300;USD ;20260807;91324P102
TRD005960;B;4000;423.5200;US Dollar;04-Aug-2026;92826C839
TRD005770;BUY;900;124.3600;US Dollar;2026-08-12;46625H100
TRD003043;sell;3100;397.67;US Dollar;08/20/2026;88160R101
TRD001296;B;3,200;490.12;USD;09-Aug-2026;92826C839
TRD002418;Sell ;1,600;117.9400;USD ;21-Aug-2026;88160R101
TRD000105;Buy ;3,600;234.04;US Dollar;2026-08-08;478160104
TRD001098;S;4000;465.75;US Dollar;2026-08-15;037833100
TRD002452; sold;3800;263.9500;USD;2026-08-16;30303M102
TRD002486;BUY;400;148.79;usd;10-Aug-2026;88160R101
TRD004371;sell;2,000;187.9700;USD ;2026-08-18;68389X105
TRD001764; bought;4,400;85.88;USD ;08/06/2026;88160R101
TRD000752;BUY;2500;43.8300;USD ;20260821;023135106
TRD002690;Sell ;4,800;437.7100;USD;19-Aug-2026;46625H100
TRD005085;Buy ;4400;251.9700;$;20260813;594918104
TRD005121; sold;900;118.4100;$;20260819;91324P102
TRD001243;sell;3800;23.90;$;20260819;46625H100
TRD002565; bought;1,800;60.3000;USD;17-Aug-2026;037833100
CUS000039;B;2,400;212.3300;US Dollar;20260810;92826C839
TRD001339;B;2,900;140.6600;usd;20260822;478160104
TRD005824; sold;2,800;353.97;USD;20260812;88160R101
TRD003440;Sell ;2,700;72.09;USD ;20260808;023135106
TRD001548;Buy ;2300;498.4300;usd;2026-08-22;037833100
TRD000960; sold;2200;404.41;usd;22-Aug-2026;037833100
TRD005678;SELL;300;190.89;usd;08/12/2026;88160R101
TRD002029;B;4,600;395.70;US Dollar;06-Aug-2026;91324P102
TRD003034; bought;3,200;311.2800;usd;08/18/2026;46625H100
TRD000475; sold;3,100;135.66;USD ;20260810;30303M102
TRD001108;buy;4,300;218.52;USD ;20260814;88160R101
CUS000292;BUY;800;286.61;USD ;10-Aug-2026;92826C839
TRD004955; sold;1,600;65.9100;usd;08/09/2026;92826C839
TRD002196;S;4100;460.00;US Dollar;20-Aug-2026;68389X105
TRD005437;sell;1,900;149.2900;US Dollar;20260817;478160104
TRD003334; bought;2,900;134.71;usd;20260803;46625H100
TRD001295;buy;400;143.95;US Dollar;2026-08-11;68389X105
TRD001935;sell;1400;257.61;$;20260815;037833100
TRD003006;buy;3,800;320.5400;USD;2026-08-17;88160R101
TRD001605; sold;3900;385.7600;USD ;08/12/2026;037833100
TRD004416;Sell ;1700;259.47;USD ;08/18/2026;46625H100
TRD004347;Buy ;2,600;110.50;$;06-Aug-2026;037833100
TRD004499;buy;5,000;332.08;US Dollar;08/16/2026;037833100
TRD004567;sell;600;101.95;USD ;20260816;91324P102
TRD004376; sold;3800;291.4400;USD;2026-08-08;88160R101
TRD004719;Buy ;900;24.94;usd;2026-08-15;023135106
TRD004942;B;2,700;407.26;US Dollar;08/22/2026;92826C839
TRD000635; bought;1,100;142.4600;US Dollar;08/06/2026;92826C839
TRD002826;Sell ;800;368.4700;USD ;21-Aug-2026;68389X105
TRD001437;BUY;900;490.93;$;2026-08-16;594918104
TRD005693;sell;1,100;212.5300;US Dollar;20260808;478160104
TRD000112;SELL;4,900;296.3300;USD ;20260818;037833100
TRD004057; sold;2,200;479.69;$;20260817;88160R101
TRD001792;sell;4,900;476.7100;USD;15-Aug-2026;023135106
TRD005225;S;3,200;195.7000;usd;2026-08-08;92826C839
TRD001216;Sell ;3600;172.87;USD ;20260807;30303M102
TRD001489;buy;500;423.38;usd;2026-08-20;023135106
TRD005000;BUY;2000;76.27;USD ;08/11/2026;037833100
TRD000723; sold;2,500;412.83;USD;2026-08-16;91324P102
TRD001474;S;3,800;326.8100;USD ;20-Aug-2026;91324P102
TRD004827;SELL;400;373.92;usd;2026-08-05;92826C839
TRD005801;S;3,300;54.09;USD ;21-Aug-2026;023135106
TRD004167;Buy ;2300;462.23;$;2026-08-19;46625H100
TRD000455;Buy ;4,500;50.60;USD;2026-08-04;594918104
TRD001521;sell;N/A;431.67;USD;15-Aug-2026;037833100
TRD001188;S;2,700;41.8400;$;20260814;91324P102
TRD001485;B;3,100;302.23;USD;13-Aug-2026;46625H100
TRD002658;SELL;1900;416.55;$;08/17/2026;68389X105
TRD005610;B;300;302.8800;USD ;19-Aug-2026;92826C839
TRD000882; bought;500;121.1800;US Dollar;09-Aug-2026;46625H100
TRD004590;SELL;5000;297.04;$;20260817;92826C839
TRD004877;Sell ;900;107.8600;USD;2026-08-08;46625H100
TRD001459;buy;1,300;182.5400;US Dollar;22-Aug-2026;46625H100
TRD000986;SELL;800;461.69;USD ;2026-08-18;92826C839
TRD000055; sold;4400;433.67;US Dollar;2026-08-15;594918104
TRD002963;buy;2,200;176.49;usd;16-Aug-2026;68389X105
TRD005612;SELL;2,000;429.73;USD;08/20/2026;037833100
TRD003984;BUY;2,700;54.7900;$;20-Aug-2026;88160R101
TRD002992; sold;3,800;220.5100;$;20260808;88160R101
TRD005010; bought;200;261.5100;US Dollar;20260819;037833100
TRD003959;BUY;3400;472.72;$;18-Aug-2026;92826C839
TRD004165;Buy ;2000;194.5200;$;18-Aug-2026;023135106
TRD003373;SELL;1500;43.56;$;12-Aug-2026;91324P102
TRD000501;B;700;271.70;USD ;08/10/2026;023135106
CUS000165;BUY;800;356.96;USD ;2026-08-10;68389X105
TRD002632;sell;4,700;57.81;USD ;12-Aug-2026;46625H100
TRD005754;sell;3800;359.09;$;18-Aug-2026;46625H100
CUS000112; bought;3,000;359.3300;usd;08/10/2026;594918104
TRD005018;buy;3,000;419.53;$;08-Aug-2026;68389X105
TRD000997; bought;2600;154.22;USD ;08-Aug-2026;92826C839
TRD001803;buy;2,600;110.4000;US Dollar;20260806;88160R101
TRD004852;S;N/A;294.85;USD ;20260817;92826C839
TRD005130;B;3,500;48.49;USD ;2026-08-07;46625H100
TRD005966;S;4600;387.4100;USD;08/04/2026;023135106
TRD001714;BUY;4,000;320.1100;US Dollar;10-Aug-2026;023135106
TRD002772; bought;1400;492.8700;USD ;08/19/2026;88160R101
TRD003239; bought;1,200;137.91;USD;2026-08-03;88160R101
TRD003428;buy;4500;159.12;US Dollar;08-Aug-2026;037833100
TRD000290;B;4200;171.75;USD ;08/17/2026;594918104
TRD005249;Buy ;500;20.7200;US Dollar;20260813;46625H100
TRD004963;buy;4,100;424.94;USD ;08/19/2026;68389X105
TRD000607;B;2000;85.8200;USD;07-Aug-2026;68389X105
TRD003956; sold;4700;292.38;USD;20260822;46625H100
TRD002942;sell;2200;432.5500;USD ;11-Aug-2026;68389X105
TRD005183;Buy ;4,900;489.68;usd;2026-08-13;30303M102
TRD000151;B;400;285.6100;USD ;2026-08-07;478160104
CUS000248; bought;4,000;396.5600;$;08/10/2026;30303M102
TRD002169;BUY;4,400;215.07;USD ;19-Aug-2026;037833100
TRD000207;buy;3,800;88.70;usd;17-Aug-2026;30303M102
TRD004511;B;1700;353.6800;usd;2026-08-22;037833100
TRD001836;BUY;2500;388.2100;USD ;08/10/2026;88160R101
TRD003301;Buy ;3800;159.8900;USD;20260819;594918104
TRD001023;sell;900;485.38;USD ;20260820;68389X105
TRD001241;S;1300;118.72;USD;08/13/2026;30303M102
TRD002828;SELL;3,400;169.36;USD ;08/06/2026;92826C839
TRD000368;buy;4600;365.06;$;20260820;46625H100
TRD002665;Sell ;200;376.62;USD;08/15/2026;91324P102
TRD002995;buy;2,800;182.0100;USD ;2026-08-11;478160104
TRD001640;sell;4,500;213.8900;usd;08/09/2026;91324P102
TRD005781;B;1,500;351.25;usd;20260805;88160R101
CUS000258;B;4,500;215.8600;USD ;08/10/2026;88160R101
TRD002886;Buy ;3900;391.3900;$;2026-08-08;68389X105
TRD001475; sold;3,200;289.8800;$;2026-08-08;91324P102
TRD004604;buy;1,000;345.5400;usd;2026-08-06;037833100
TRD001625;buy;700;100.1800;$;20260806;023135106
TRD001881;SELL;4,800;138.46;USD ;08/18/2026;037833100
TRD003208;sell;2,100;385.93;usd;20260808;46625H100
TRD004987;BUY;4800;480.21;USD;08/17/2026;68389X105
TRD005706;Buy ;1700;272.35;$;2026-08-19;478160104
TRD004961; sold;3,700;53.94;USD ;08/12/2026;594918104
TRD004017;sell;200;88.32;US Dollar;2026-08-12;478160104
TRD003023;SELL;4700;439.99;USD ;20260817;88160R101
TRD000052;SELL;400;394.19;USD;08/04/2026;037833100
TRD004589; bought;3,200;116.74;usd;17-Aug-2026;92826C839
TRD004334; bought;4800;480.6900;$;08/15/2026;30303M102
TRD003838;Buy ;2800;85.9800;US Dollar;08/11/2026;46625H100
TRD002928;S;2,700;415.3100;US Dollar;15-Aug-2026;30303M102
TRD004701;buy;4800;387.16;usd;20260806;68389X105
TRD000395; sold;N/A;285.55;$;08/05/2026;46625H100
TRD004364;buy;4,900;373.42;$;03-Aug-2026;46625H100
TRD000949;BUY;1,700;249.0300;US Dollar;11-Aug-2026;594918104
TRD004370;Buy ;3,800;221.12;USD ;08/20/2026;023135106
TRD005024;Sell ;4700;137.06;US Dollar;08/11/2026;46625H100
TRD001782;SELL;3,000;265.89;USD;20260813;46625H100
TRD001954;Buy ;800;254.8200;US Dollar;19-Aug-2026;023135106
TRD004972;SELL;100;60.8800;US Dollar;20260814;023135106
TRD001446;Sell ;4,600;111.94;USD;20260812;68389X105
TRD001864;Buy ;3,600;418.9900;$;20260809;023135106
CUS000270;buy;1300;94.1900;USD ;20260810;46625H100
TRD003678;sell;1500;54.9200;US Dollar;2026-08-10;68389X105
TRD003922;S;1700;439.58;USD ;2026-08-15;92826C839
TRD002199;buy;600;294.4600;usd;20260803;68389X105
TRD003901; sold;2200;375.0900;US Dollar;08/09/2026;594918104
TRD001370;B;3600;358.34;usd;08/20/2026;023135106
TRD005712;Sell ;900;458.9000;USD;08/16/2026;478160104
CUS000090; bought;3,600;47.6200;$;08/10/2026;478160104
CUS000110; bought;500;436.1800;US Dollar;08/10/2026;91324P102
TRD004634;Sell ;2,600;453.4400;usd;20260807;30303M102
CUS000260;B;500;322.9300;USD ;20260810;88160R101
TRD001962;Buy ;3900;353.70;USD;08/03/2026;91324P102
TRD003355; sold;4,900;227.55;usd;2026-08-19;46625H100
TRD005287; bought;400;108.65;USD;08/04/2026;68389X105
TRD004552; sold;4600;391.27;USD;2026-08-16;594918104
TRD002419;S;4400;219.6700;US Dollar;08/16/2026;30303M102
TRD003148;SELL;4500;268.0300;usd;08-Aug-2026;478160104
TRD003493;SELL;1200;161.04;$;08/03/2026;594918104
TRD002304; sold;4,100;205.4000;USD;20260815;594918104
TRD001575;S;4200;93.98;USD;2026-08-12;478160104
TRD001693; sold;900;166.2100;usd;20260816;478160104
TRD004739;sell;3200;71.17;US Dollar;2026-08-08;037833100
TRD000051;B;1900;124.50;usd;04-Aug-2026;92826C839
TRD003916;BUY;1,700;460.06;US Dollar;2026-08-14;30303M102
TRD003837;sell;3,500;354.4100;USD;08/10/2026;92826C839
TRD000939;Sell ;3,300;146.97;usd;13-Aug-2026;478160104
TRD000413;SELL;2100;479.2100;USD;08/17/2026;91324P102
TRD003066;Sell ;400;366.93;USD;07-Aug-2026;478160104
TRD001383; sold;2,700;297.7800;USD ;2026-08-13;478160104
TRD005002;BUY;3500;31.5800;usd;2026-08-09;92826C839
TRD001769;B;4,100;137.3800;US Dollar;08/04/2026;92826C839
TRD001028;buy;3,100;276.8500;US Dollar;20260818;478160104
TRD000356;sell;300;310.45;USD;08/17/2026;88160R101
TRD001932;B;3,000;90.76;USD;08/12/2026;68389X105
TRD000302; bought;2,600;156.39;usd;20260822;68389X105
TRD003522;buy;2,700;56.84;USD;11-Aug-2026;037833100
TRD000714;SELL;3200;93.7200;usd;08/14/2026;037833100
TRD005302;buy;1,400;166.0500;usd;19-Aug-2026;46625H100
TRD005679;sell;2,400;497.37;USD ;08/04/2026;92826C839
TRD000087;SELL;4800;373.7800;$;2026-08-09;88160R101
TRD005421;Buy ;3800;391.0900;USD ;2026-08-07;594918104
TRD000427;buy;4200;48.4000;$;2026-08-05;92826C839
TRD002833;buy;700;65.02;usd;20260822;92826C839
TRD000419;sell;1,000;159.4200;US Dollar;12-Aug-2026;594918104
TRD005822;S;100;449.48;US Dollar;20260818;92826C839
TRD000451;S;2900;408.1700;USD;20260817;68389X105
TRD000350;SELL;1,100;351.0900;US Dollar;08/14/2026;478160104
TRD003164;sell;2600;25.37;USD;20260804;91324P102
TRD003912;S;1500;178.8900;$;08/10/2026;30303M102
TRD005334;sell;3,700;119.8400;$;07-Aug-2026;594918104
TRD001944;buy;4,500;251.57;$;20260808;023135106
TRD001233;sell;3,800;226.95;USD ;20260816;92826C839
CUS000179;BUY;900;255.2400;USD;08/10/2026;037833100
TRD001381;B;2,700;233.05;$;03-Aug-2026;30303M102
TRD001490;buy;400;162.71;US Dollar;2026-08-21;46625H100
TRD005846;B;4,100;84.4300;US Dollar;08/13/2026;594918104
TRD002232;B;2100;115.11;US Dollar;20260804;478160104
TRD000446;Sell ;3900;439.10;US Dollar;2026-08-05;91324P102
TRD001360;Sell ;900;192.0300;US Dollar;2026-08-10;594918104
TRD000835;BUY;4,100;482.9300;USD ;20260812;91324P102
TRD002811;Buy ;600;483.82;usd;19-Aug-2026;68389X105
TRD000878;B;3500;367.5100;USD;08/03/2026;91324P102
TRD000000;sell;200;375.9400;$;20260810;023135106
TRD001705;B;4500;84.19;$;2026-08-03;92826C839
TRD004815;SELL;600;397.15;$;20260815;68389X105
TRD002612;SELL;2400;349.31;$;08/06/2026;46625H100
TRD003462; bought;700;230.7100;US Dollar;2026-08-20;88160R101
TRD000524;buy;2,300;286.0300;USD ;20260822;92826C839
TRD005139;BUY;800;93.87;$;11-Aug-2026;30303M102
TRD000866;BUY;N/A;225.6800;USD;08/20/2026;30303M102
CUS000083;BUY;2,200;198.8700;US Dollar;08/10/2026;023135106
TRD001358;Sell ;3,100;408.6600;usd;08/06/2026;478160104
TRD002935; sold;2,600;414.98;USD;09-Aug-2026;594918104
TRD004024;buy;2200;123.01;usd;08-Aug-2026;88160R101
TRD002978;Sell ;1,400;167.6300;USD ;05-Aug-2026;88160R101
TRD001132;Buy ;2,000;456.6700;USD ;2026-08-13;478160104
TRD001841;S;1300;319.84;usd;20-Aug-2026;46625H100
TRD005963;sell;800;200.8600;US Dollar;20260814;92826C839
TRD004109;B;1,300;82.1500;$;08/08/2026;46625H100
TRD002523;B;1,900;365.5700;$;08/11/2026;91324P102
TRD004981; sold;4,900;338.3600;US Dollar;04-Aug-2026;68389X105
TRD000578;sell;4900;39.97;USD ;20260817;91324P102
TRD000102;BUY;1600;460.3900;usd;2026-08-06;478160104
TRD000215;SELL;1900;408.05;$;20260810;92826C839
TRD004172;BUY;3,600;345.33;USD;2026-08-08;594918104
TRD002490;S;600;394.61;$;20260813;88160R101
TRD003044;S;2,200;369.4100;USD;08/07/2026;88160R101
TRD002436;Sell ;4,300;86.31;US Dollar;11-Aug-2026;30303M102
TRD004063; bought;3400;109.5400;$;2026-08-11;478160104
TRD000703;Buy ;2700;485.1700;USD;08/16/2026;478160104
TRD003389; bought;800;214.6600;US Dollar;09-Aug-2026;30303M102
TRD002366;Buy ;1700;333.55;USD;2026-08-04;88160R101
TRD003204;BUY;4300;303.6300;usd;2026-08-03;594918104
TRD003201; bought;2400;384.86;USD ;20260804;037833100
TRD002408;buy;2,900;24.26;$;08/04/2026;88160R101
TRD001240; bought;2,900;275.0000;usd;08/15/2026;92826C839
TRD004503;sell;1,400;171.6600;$;20260812;46625H100
CUS000087;B;400;179.51;USD;10-Aug-2026;46625H100
TRD005136;Buy ;400;205.48;$;2026-08-17;88160R101
TRD004644;BUY;3,700;397.11;$;08/03/2026;46625H100
TRD003292;S;2600;226.4500;$;2026-08-10;30303M102
TRD003533; sold;3,200;320.6600;USD;08/18/2026;46625H100
TRD005919; bought;600;167.9000;$;20260817;88160R101
TRD002707; bought;3,100;114.7500;$;20-Aug-2026;92826C839
TRD004731;B;400;373.6400;USD ;19-Aug-2026;92826C839
TRD002237;Sell ;3,400;40.3300;USD ;2026-08-03;594918104
TRD005689;Buy ;4,400;349.6000;$;2026-08-10;023135106
TRD001025;sell;4,100;276.2200;USD;2026-08-14;478160104
TRD000017;Buy ;3,200;209.90;usd;18-Aug-2026;68389X105
TRD005668;BUY;2,800;450.2400;usd;2026-08-20;46625H100
TRD002844; sold;2900;429.0700;usd;2026-08-21;91324P102
TRD002502;sell;2,600;113.26;$;20260822;30303M102
TRD001380;S;200;167.15;US Dollar;2026-08-20;68389X105
TRD002168;B;3,000;468.23;$;20260818;88160R101
TRD004489;Buy ;4900;212.9900;USD ;2026-08-17;594918104
TRD003380;SELL;1,700;96.23;usd;20260820;023135106
TRD002578; sold;3800;205.13;$;20-Aug-2026;92826C839
TRD000691;SELL;2400;372.5100;US Dollar;08/15/2026;92826C839
TRD004264;S;500;243.5900;US Dollar;20260809;037833100
TRD001601;Buy ;1,100;453.16;usd;2026-08-17;478160104
TRD005050;Buy ;4,000;257.62;$;13-Aug-2026;46625H100
TRD002526;S;1,700;246.61;usd;20260809;88160R101
TRD000793; sold;4000;43.3200;usd;20260804;594918104
TRD000656;B;1800;132.1300;$;08/09/2026;68389X105
TRD002729; sold;1,300;120.1300;$;20260811;30303M102
TRD002063;Sell ;2700;451.2000;USD ;08/12/2026;88160R101
TRD002829;buy;4,300;230.37;US Dollar;06-Aug-2026;91324P102
TRD000854;buy;2800;407.9900;USD ;08/19/2026;594918104
TRD001259;Sell ;600;83.79;usd;2026-08-19;30303M102
CUS000074; bought;5000;300.97;USD ;10-Aug-2026;023135106
CUS000224;BUY;1,100;441.51;usd;10-Aug-2026;91324P102
TRD000789;BUY;3,200;192.4400;US Dollar;20260809;68389X105
TRD000405;B;4,700;438.6100;usd;20260803;92826C839
CUS000005;BUY;5000;87.7800;usd;2026-08-10;478160104
CUS000194;BUY;1,500;338.3900;usd;2026-08-10;91324P102
TRD002507;BUY;200;496.71;USD ;15-Aug-2026;88160R101
TRD003452;BUY;3,300;431.99;$;21-Aug-2026;594918104
TRD005180;BUY;4,700;89.3200;usd;08/18/2026;594918104
TRD003514; sold;3900;77.46;US Dollar;08/16/2026;037833100
TRD004267;sell;4000;473.2700;US Dollar;08/16/2026;46625H100
TRD001673; sold;2,300;279.6800;US Dollar;17-Aug-2026;30303M102
TRD005957;Buy ;2,700;390.7700;USD ;08/20/2026;594918104
TRD005226;Sell ;4300;94.3400;usd;17-Aug-2026;023135106
TRD005109;Sell ;3300;213.8300;USD;08/21/2026;92826C839
TRD005571;Sell ;3,100;333.19;USD ;20260815;023135106
TRD003288;B;1,100;319.07;US Dollar;2026-08-05;88160R101
TRD002302;B;4,700;114.4300;USD;20260821;594918104
TRD005430;buy;500;369.39;$;15-Aug-2026;88160R101
TRD000888;SELL;3500;22.83;$;2026-08-22;594918104
TRD003290;Buy ;200;180.22;USD ;14-Aug-2026;594918104
TRD000901;SELL;500;159.51;USD ;08/06/2026;30303M102
TRD005973; sold;600;114.3900;USD;08/05/2026;88160R101
TRD005347;BUY;5,000;294.1900;US Dollar;08/06/2026;46625H100
TRD004140;SELL;4700;78.5500;USD ;08/19/2026;88160R101
TRD004467;sell;3000;26.91;usd;20260813;92826C839
TRD005687; sold;3,600;65.22;US Dollar;09-Aug-2026;88160R101
TRD001403; sold;2600;113.3400;$;20260813;92826C839
TRD002488;S;1100;277.29;USD ;06-Aug-2026;92826C839
TRD005626;S;800;378.56;USD;07-Aug-2026;46625H100
TRD001384; sold;4500;274.4800;$;20260820;478160104
TRD005358;B;3,600;418.78;USD ;08/16/2026;46625H100
TRD005075; sold;N/A;158.77;US Dollar;04-Aug-2026;68389X105
TRD004451; bought;2600;85.54;USD ;2026-08-22;92826C839
TRD003196;buy;2500;410.2900;US Dollar;15-Aug-2026;037833100
TRD001591;Sell ;2200;484.03;USD;2026-08-08;023135106
TRD002484;buy;2700;49.1900;USD;20260813;30303M102
TRD000262; bought;3,600;196.4300;$;11-Aug-2026;92826C839
TRD003598;Buy ;700;465.29;US Dollar;08/17/2026;478160104
TRD001996;Buy ;400;57.57;usd;20260813;91324P102
TRD001735; bought;400;460.0200;USD;15-Aug-2026;88160R101
TRD002301;sell;5,000;289.1600;$;2026-08-05;30303M102
TRD004531;buy;2400;498.96;$;2026-08-10;91324P102
TRD002404;SELL;5000;280.5500;USD;08/13/2026;92826C839
TRD003439;B;1,100;207.77;usd;2026-08-21;68389X105
TRD003446; bought;3900;122.79;USD ;08/03/2026;023135106
TRD005230;Buy ;4,800;206.93;USD;08/20/2026;88160R101
TRD004656;B;1600;258.40;$;06-Aug-2026;91324P102
TRD004005; bought;N/A;234.9500;usd;21-Aug-2026;91324P102
TRD005419;SELL;1,500;30.83;USD;2026-08-10;88160R101
TRD005779;Buy ;3,700;288.19;USD;08/10/2026;037833100
TRD003050;B;5,000;50.26;US Dollar;08/10/2026;023135106
TRD002221;SELL;1800;411.63;$;08/22/2026;594918104
TRD003610;S;3,200;133.2600;$;20260815;91324P102
TRD004940;Buy ;1600;268.53;$;11-Aug-2026;46625H100
CUS000275;Buy ;4,100;97.6100;$;10-Aug-2026;30303M102
TRD001396;S;1,900;247.4800;USD ;20260812;92826C839
TRD001922;SELL;2,200;438.5300;US Dollar;21-Aug-2026;92826C839
TRD004213;S;1,900;250.37;usd;20260804;037833100
TRD000377; bought;4300;319.7500;US Dollar;23-Aug-2026;88160R101
TRD001166; sold;800;451.3000;US Dollar;20260809;037833100
TRD000133;S;3200;70.66;US Dollar;08/14/2026;478160104
TRD004612;BUY;1600;185.3300;$;2026-08-17;037833100
TRD005654;S;500;329.0000;USD ;20260815;037833100
TRD002648;S;600;119.6200;US Dollar;20260819;88160R101
TRD002524;buy;2,400;290.6300;US Dollar;20260808;68389X105
TRD003675;buy;4,000;457.0300;USD;2026-08-05;46625H100
TRD000886; bought;1,600;457.27;US Dollar;08/16/2026;46625H100
TRD002604; bought;N/A;186.50;$;2026-08-21;037833100
TRD005650;SELL;1200;270.97;$;20260817;91324P102
CUS000154;buy;2000;433.1800;$;08/10/2026;478160104
TRD003555;SELL;200;328.1300;USD ;20260808;023135106
TRD003038;B;100;479.2900;usd;20260808;88160R101
TRD003306;buy;3,300;167.0700;US Dollar;15-Aug-2026;46625H100
TRD000963;buy;600;312.33;USD ;08/15/2026;46625H100
TRD005412;S;300;307.4200;USD;17-Aug-2026;91324P102
TRD000966;buy;4,300;466.7600;US Dollar;20-Aug-2026;30303M102
TRD003920;SELL;4200;382.71;USD ;13-Aug-2026;023135106
TRD003156; sold;4,500;196.7800;usd;20260820;594918104
TRD001442; bought;1,300;108.7000;$;14-Aug-2026;037833100
TRD000004;Buy ;3800;153.5300;US Dollar;03-Aug-2026;68389X105
TRD003248;BUY;3900;297.19;$;2026-08-15;30303M102
TRD000339;Sell ;900;50.2900;USD ;08/17/2026;037833100
TRD004660; sold;1400;162.9500;$;18-Aug-2026;594918104
TRD005895;buy;4800;215.4600;$;20-Aug-2026;037833100
TRD004297; sold;2300;69.7100;usd;22-Aug-2026;92826C839
TRD004004;S;2600;433.7800;USD ;20-Aug-2026;46625H100
TRD001230;SELL;500;400.37;$;08/20/2026;478160104
TRD002069; sold;4900;209.82;US Dollar;08/17/2026;023135106
TRD002412; sold;900;129.16;US Dollar;08-Aug-2026;68389X105
TRD003839; bought;4900;273.0600;US Dollar;2026-08-22;92826C839
TRD000411;buy;5,000;313.51;usd;18-Aug-2026;037833100
TRD002671;sell;1200;137.5300;$;08/05/2026;037833100
TRD003633;sell;2800;262.79;USD;07-Aug-2026;68389X105
TRD001551;sell;1,700;101.5400;US Dollar;18-Aug-2026;88160R101
TRD001317;buy;3800;131.8300;$;08/05/2026;037833100
TRD000295;S;4900;450.02;USD;08/17/2026;92826C839
TRD000649;buy;4300;200.6100;usd;20260812;594918104
TRD003344;buy;1,100;193.49;$;12-Aug-2026;30303M102
TRD004828;BUY;2500;386.25;USD ;2026-08-20;92826C839
TRD004086;buy;1400;489.7600;$;2026-08-11;68389X105
TRD002224;B;2,700;160.8700;US Dollar;2026-08-19;88160R101
TRD005137;sell;2,700;408.01;usd;08/07/2026;30303M102
CUS000050; bought;4200;344.6000;USD ;2026-08-10;037833100
TRD004094;sell;900;388.59;USD ;03-Aug-2026;68389X105
TRD004601;B;1600;153.31;US Dollar;20260816;037833100
TRD000761;B;1800;327.49;$;08/11/2026;30303M102
TRD002907;Sell ;300;191.99;USD;2026-08-18;92826C839
TRD000444;B;4,800;494.6400;$;20260814;46625H100
TRD005083;buy;900;121.9600;$;12-Aug-2026;478160104
CUS000127;Buy ;1600;103.63;US Dollar;20260810;478160104
TRD005407;Sell ;1,500;199.05;usd;08/06/2026;594918104
TRD002166;buy;4,300;297.6700;$;20260807;88160R101
TRD005767;S;2,900;281.0700;US Dollar;2026-08-03;88160R101
TRD000511;S;3800;89.2100;USD;20260816;594918104
TRD005933;Sell ;4,400;445.63;$;19-Aug-2026;023135106
TRD000945;S;5000;345.7100;$;16-Aug-2026;91324P102
TRD005395;sell;100;493.68;US Dollar;2026-08-16;91324P102
TRD001759;BUY;2300;34.41;$;20260806;68389X105
TRD002812;Buy ;3300;113.5400;usd;2026-08-10;037833100
TRD003277;buy;4300;240.6100;$;2026-08-13;92826C839
TRD000079; bought;3000;187.8400;$;10-Aug-2026;023135106
TRD003000;S;900;472.6000;$;20260811;91324P102
TRD005393;Buy ;2500;439.50;USD ;2026-08-18;037833100
TRD003756;buy;1100;307.5500;usd;2026-08-04;478160104
CUS000259;buy;1800;332.3800;$;20260810;30303M102
TRD003041;Sell ;3,100;50.30;USD ;17-Aug-2026;88160R101
TRD002672;Sell ;4400;344.90;usd;19-Aug-2026;478160104
TRD003556;BUY;4700;129.49;$;22-Aug-2026;023135106
TRD000925;Buy ;2500;195.3400;USD;20260805;91324P102
TRD005427; sold;4800;20.3200;$;2026-08-16;92826C839
TRD004757;Sell ;1,500;81.07;usd;20260808;478160104
TRD001544;sell;1600;197.43;USD;2026-08-17;594918104
TRD000690;sell;1,000;391.7000;US Dollar;08/19/2026;88160R101
TRD003806;B;3,000;413.51;USD;20260820;68389X105
TRD004478;Buy ;2,400;62.93;USD;2026-08-13;91324P102
TRD004070;BUY;700;390.9500;$;19-Aug-2026;46625H100
TRD002693;S;3,400;251.3900;USD;08/19/2026;46625H100
TRD003508;S;700;241.6200;usd;08/19/2026;46625H100
TRD002144;S;3200;39.0000;US Dollar;08/12/2026;46625H100
TRD003269;Buy ;1000;467.81;US Dollar;20260815;88160R101
TRD002248;S;800;80.6200;usd;08/07/2026;92826C839
TRD004188;B;400;250.9700;USD ;2026-08-12;46625H100
TRD003848;buy;4000;66.7300;USD ;20260813;037833100
TRD000216;Sell ;1500;338.6000;$;22-Aug-2026;30303M102
TRD005281; sold;500;283.42;$;06-Aug-2026;037833100
TRD004620;Buy ;4700;441.9100;US Dollar;2026-08-08;023135106
TRD004027;Buy ;3200;67.9500;$;2026-08-17;023135106
TRD001392; sold;2,300;91.01;usd;20260817;91324P102
TRD003712;SELL;800;106.62;USD;2026-08-17;92826C839
TRD004312;S;2700;131.9200;USD ;08/08/2026;478160104
TRD004713; bought;1,500;274.44;US Dollar;2026-08-08;478160104
TRD000378; sold;3,700;39.77;USD ;20260803;594918104
TRD005780;buy;3500;125.5500;$;22-Aug-2026;023135106
TRD002332;B;N/A;205.19;US Dollar;2026-08-06;478160104
TRD002558;Buy ;200;314.20;USD;2026-08-07;68389X105
TRD005152;B;1,400;194.04;usd;08/22/2026;30303M102
TRD004553;S;800;293.3500;$;2026-08-20;594918104
TRD003681;Buy ;4100;224.3300;$;20260809;594918104
TRD000516;B;5000;176.6600;USD ;08/11/2026;478160104
CUS000264;BUY;1000;246.4600;US Dollar;08/10/2026;68389X105
TRD001883;Buy ;3000;473.25;USD;20260807;30303M102
TRD005596;B;4600;273.07;$;16-Aug-2026;46625H100
TRD002515;SELL;N/A;174.29;USD ;21-Aug-2026;92826C839
CUS000281;B;4,800;237.7100;USD ;10-Aug-2026;594918104
TRD004099;Sell ;2600;97.8600;$;2026-08-22;594918104
TRD001519;buy;4800;337.87;$;2026-08-04;023135106
TRD000891;B;4900;464.81;USD ;2026-08-15;46625H100
TRD000494; bought;3,500;495.36;US Dollar;04-Aug-2026;91324P102
TRD000127;sell;4800;364.81;USD;08-Aug-2026;30303M102
TRD000292;B;3300;55.6100;USD ;2026-08-18;478160104
TRD001980; sold;4400;283.2200;USD;2026-08-05;88160R101
TRD005219;sell;2,000;406.06;USD ;20260811;88160R101
TRD003327;buy;5000;475.91;USD;08/04/2026;478160104
TRD001264; sold;2700;189.40;USD ;08/12/2026;30303M102
TRD000047;S;4,900;427.37;US Dollar;20260808;46625H100
TRD002274; bought;100;65.24;$;2026-08-19;92826C839
TRD004584;SELL;1,600;400.77;$;15-Aug-2026;478160104
TRD002115;S;3000;285.9900;usd;08/11/2026;92826C839
TRD002157;B;2400;398.9900;USD;18-Aug-2026;023135106
TRD001621; sold;5,000;42.40;usd;2026-08-20;30303M102
TRD005944;buy;3100;346.60;US Dollar;20260822;91324P102
TRD004463; sold;4800;73.36;USD;2026-08-21;037833100
TRD005179;SELL;200;468.1100;USD;07-Aug-2026;023135106
TRD001981;sell;2,400;456.44;USD ;08/11/2026;68389X105
TRD005894;sell;1600;268.30;USD;2026-08-12;92826C839
TRD002901;Sell ;800;407.4600;USD;20260812;30303M102
TRD000561;buy;3,500;109.74;USD;08/13/2026;023135106
TRD005804;BUY;1400;328.64;usd;08/03/2026;478160104
CUS000251;Buy ;3800;139.32;usd;08/10/2026;46625H100
TRD002899;buy;1,200;447.8900;USD ;08-Aug-2026;91324P102
TRD005535; sold;4,700;372.9400;US Dollar;2026-08-12;30303M102
TRD002367;BUY;1,300;180.58;USD ;04-Aug-2026;68389X105
TRD003624;Sell ;4200;82.39;USD ;2026-08-22;88160R101
TRD005888;BUY;2000;41.8700;$;20260811;68389X105
TRD003729;Sell ;4,300;31.53;$;08/12/2026;023135106
TRD000168; sold;3,300;279.19;USD;08/18/2026;594918104
TRD002068;Sell ;2900;125.9100;USD ;2026-08-11;023135106
TRD002137;B;4,000;311.30;usd;08/07/2026;92826C839
TRD001352; sold;3,600;430.4000;USD;08/05/2026;46625H100
TRD001105;sell;3100;288.46;USD;18-Aug-2026;46625H100
TRD004147;sell;2700;402.38;USD ;07-Aug-2026;023135106
TRD004623;sell;100;258.9200;usd;2026-08-16;46625H100
TRD001545;Buy ;900;438.29;USD;2026-08-15;023135106
TRD005505;S;800;88.64;US Dollar;04-Aug-2026;46625H100
TRD002158;BUY;200;477.2700;$;16-Aug-2026;30303M102
CUS000049;B;2400;154.78;USD ;08/10/2026;023135106
TRD002628;B;1800;185.79;USD;08/17/2026;92826C839
TRD001709; sold;4300;233.6800;$;06-Aug-2026;88160R101
TRD003504;BUY;1300;135.7300;usd;2026-08-05;023135106
TRD000772;buy;2,000;221.8300;US Dollar;13-Aug-2026;88160R101
TRD002106; sold;4600;88.68;US Dollar;03-Aug-2026;46625H100
TRD005494;S;200;410.97;USD;15-Aug-2026;68389X105
TRD000322;Sell ;200;227.92;US Dollar;20260815;91324P102
TRD000757;SELL;2,300;240.32;USD;08/09/2026;478160104
TRD004236;Buy ;400;304.79;usd;19-Aug-2026;46625H100
TRD002083;B;1900;69.23;USD ;2026-08-16;68389X105
TRD003370;SELL;900;467.0800;USD ;2026-08-22;92826C839
CUS000082;buy;1900;226.2300;$;2026-08-10;594918104
TRD003963;B;600;83.7000;USD;20260814;478160104
TRD000732;BUY;100;397.54;usd;08/22/2026;92826C839
TRD004966; sold;2200;318.1200;USD;20260807;037833100
TRD001274;S;2700;389.7800;USD;08/10/2026;478160104
TRD003408;BUY;2,400;270.5700;$;08/06/2026;30303M102
TRD003423;S;N/A;231.8100;$;08/07/2026;023135106
TRD005629;BUY;700;264.36;US Dollar;08/18/2026;46625H100
TRD002877;sell;3600;332.1300;USD ;20260814;478160104
TRD002018;Buy ;1900;39.3200;USD;08/15/2026;46625H100
TRD000865;B;4400;55.75;US Dollar;20260808;91324P102
TRD000126;Buy ;1,700;388.11;USD ;20260808;92826C839
TRD001484;SELL;2,800;292.6600;USD ;20260816;30303M102
TRD000996;BUY;3,200;223.49;USD ;16-Aug-2026;88160R101
TRD005482;sell;3,800;94.5500;usd;07-Aug-2026;46625H100
TRD004594;B;3,900;411.6500;usd;2026-08-21;91324P102
TRD003723;SELL;2,300;108.6300;US Dollar;20260820;46625H100
TRD003945;sell;700;36.7400;USD;20260809;037833100
TRD000920;S;400;125.03;usd;20260818;023135106
TRD001466;S;2,500;310.20;$;08/13/2026;68389X105
TRD004788;S;700;301.26;US Dollar;2026-08-08;46625H100
TRD001989;buy;3,300;362.3500;US Dollar;08/07/2026;68389X105
TRD005623;SELL;4500;394.2800;$;08/10/2026;037833100
TRD001142;Buy ;N/A;245.0100;USD ;14-Aug-2026;68389X105
CUS000067;buy;1500;483.89;usd;2026-08-10;91324P102
TRD003910;S;1300;35.9400;usd;2026-08-22;023135106
TRD003394;BUY;1400;364.27;USD;03-Aug-2026;46625H100
TRD003487;Buy ;200;129.67;$;2026-08-16;68389X105
TRD001937; sold;400;463.1200;usd;20260808;478160104
TRD003629;BUY;3100;114.0700;USD;08/08/2026;037833100
TRD002073;Buy ;1,200;412.40;US Dollar;22-Aug-2026;023135106
TRD002438;SELL;3,700;267.51;$;08/09/2026;68389X105
TRD005742;B;4,500;240.43;US Dollar;20260814;30303M102
TRD000813;SELL;1,100;74.2700;USD ;20260805;68389X105
TRD005878;sell;600;32.63;usd;09-Aug-2026;91324P102
TRD004997;sell;1600;309.0900;USD ;2026-08-06;46625H100
CUS000045;BUY;700;152.47;USD;2026-08-10;91324P102
TRD000230; sold;800;66.65;US Dollar;2026-08-20;68389X105
TRD001949; sold;4,200;173.35;usd;2026-08-16;68389X105
TRD003054;Sell ;1,900;353.4400;$;20260809;91324P102
TRD003213;buy;1,600;342.16;US Dollar;16-Aug-2026;92826C839
TRD004876; sold;200;412.3600;$;2026-08-18;594918104
CUS000106;B;4000;54.58;usd;20260810;92826C839
TRD001436;Buy ;4,500;88.3300;usd;10-Aug-2026;30303M102
TRD004230;buy;2,200;381.79;US Dollar;12-Aug-2026;023135106
TRD005839;S;4,300;34.79;$;20260811;023135106
TRD005810;BUY;1,900;198.3500;USD ;20260813;91324P102
TRD000342;buy;4,900;330.51;USD ;20260812;88160R101
TRD004530;sell;4600;150.6100;USD ;21-Aug-2026;023135106
TRD000912; sold;3,300;323.1800;$;20260821;92826C839
TRD001010;buy;1,900;242.60;USD ;2026-08-07;68389X105
TRD001018;buy;5,000;210.5700;usd;05-Aug-2026;594918104
CUS000189;buy;4700;262.44;USD ;10-Aug-2026;30303M102
TRD003199; bought;2,800;321.4900;US Dollar;20260818;92826C839
TRD000003; sold;200;289.40;$;2026-08-20;46625H100
TRD002098;Buy ;3200;278.6000;USD ;20260818;91324P102
TRD001941;S;1300;370.7900;US Dollar;20-Aug-2026;46625H100
TRD001812;SELL;2000;302.00;US Dollar;2026-08-19;478160104
TRD000462;Sell ;3500;223.5800;USD ;08/15/2026;023135106
TRD002282;B;4,800;172.0700;US Dollar;20260818;88160R101
TRD002625; bought;4,100;37.10;USD;20260806;88160R101
TRD005564;Buy ;3,400;197.9000;$;20260812;46625H100
TRD004840;BUY;1,400;363.4000;usd;15-Aug-2026;88160R101
TRD005498;SELL;1500;481.87;USD;08/10/2026;478160104
TRD001977; sold;4200;413.84;usd;20260822;68389X105
TRD002765;Sell ;N/A;390.7300;usd;08/03/2026;68389X105
TRD001915; sold;4,600;262.23;usd;20260807;478160104
TRD004083;SELL;4,800;432.92;USD ;08/06/2026;594918104
TRD003761;Sell ;1,900;35.54;$;2026-08-04;594918104
CUS000088;buy;1100;308.15;usd;20260810;478160104
TRD003969;buy;2,500;309.02;USD ;08/05/2026;594918104
TRD004386;Buy ;1,600;158.7100;USD;20260817;91324P102
TRD001546;S;4600;212.0200;$;2026-08-22;30303M102
TRD004996;sell;2,900;145.07;USD;08/22/2026;46625H100
TRD001868; sold;3100;58.4100;usd;20260814;46625H100
TRD001246;sell;200;132.9200;$;08/22/2026;46625H100
TRD001540;BUY;4600;117.5100;USD;20260811;30303M102
CUS000041;B;3900;288.5000;usd;2026-08-10;91324P102
TRD001563;sell;1,800;290.3600;usd;21-Aug-2026;023135106
TRD005946;BUY;600;275.33;US Dollar;20260815;037833100
TRD000488;B;2700;41.9400;USD ;10-Aug-2026;68389X105
TRD004374;BUY;1,100;313.59;US Dollar;08/14/2026;92826C839
TRD002801;buy;4,100;36.37;US Dollar;2026-08-10;68389X105
TRD004804;sell;100;165.2100;usd;08/20/2026;478160104
TRD001096; bought;400;462.5000;$;20260813;88160R101
TRD000660;sell;600;95.6600;$;12-Aug-2026;92826C839
TRD001000;buy;4800;91.7800;usd;2026-08-03;68389X105
TRD001286;buy;3400;69.8800;US Dollar;17-Aug-2026;88160R101
CUS000190;B;3,900;148.6300;usd;20260810;46625H100
TRD005282; sold;2600;322.8100;USD;20260813;46625H100
TRD005392;B;N/A;333.6400;usd;15-Aug-2026;88160R101
TRD001973; sold;2,800;55.6900;USD;2026-08-11;30303M102
TRD001245; bought;3,600;413.9600;usd;20260814;594918104
CUS000141; bought;4,800;226.10;$;08/10/2026;037833100
TRD000375;buy;3600;151.7400;US Dollar;08/12/2026;92826C839
TRD001921;Sell ;3,500;324.10;$;08/18/2026;594918104
TRD000466;sell;400;137.4700;$;20260804;46625H100
TRD003093;sell;200;407.83;USD;08/22/2026;037833100
TRD001178; sold;500;384.05;usd;2026-08-20;594918104
TRD005250;S;1,800;103.4700;USD;05-Aug-2026;68389X105
TRD002253;Sell ;4,800;430.8100;usd;05-Aug-2026;594918104
TRD005504; bought;3,700;221.03;USD;08/15/2026;91324P102
TRD004108;B;100;165.10;US Dollar;08/23/2026;46625H100
TRD000024;Sell ;3500;380.42;usd;08/13/2026;594918104
TRD001899;BUY;500;184.2300;usd;08/21/2026;023135106
TRD002200;S;4100;323.12;US Dollar;14-Aug-2026;68389X105
TRD002156; sold;2100;292.7400;usd;08/22/2026;46625H100
TRD001093;sell;4,700;57.06;US Dollar;14-Aug-2026;478160104
TRD000595;buy;2800;415.9300;$;2026-08-18;30303M102
TRD001719;buy;3800;81.56;USD;05-Aug-2026;68389X105
TRD003632; sold;3200;204.55;$;07-Aug-2026;92826C839
TRD003641;SELL;1,300;87.37;usd;20260822;30303M102
TRD004396; bought;2,000;340.0400;usd;08/20/2026;91324P102
TRD003928;SELL;2500;361.03;usd;20260808;30303M102
TRD003112;buy;4,800;326.8700;USD;2026-08-16;68389X105
TRD003168;B;1,400;64.16;USD ;08/16/2026;91324P102
TRD005938; bought;4,300;332.43;US Dollar;15-Aug-2026;91324P102
TRD004261;sell;300;285.0400;USD;20260813;68389X105
TRD000778; bought;4600;106.5700;$;05-Aug-2026;478160104
TRD002056;BUY;4,500;24.2500;US Dollar;20260819;478160104
TRD002349;sell;500;231.9300;USD;2026-08-15;92826C839
TRD005166;S;4400;257.35;usd;2026-08-08;023135106
CUS000237; bought;2100;331.8700;$;2026-08-10;46625H100
TRD001814;SELL;3900;407.63;USD ;08/19/2026;88160R101
TRD004615; bought;2,700;470.37;USD ;08/08/2026;88160R101
TRD004756; sold;3,700;176.0200;USD ;22-Aug-2026;023135106
TRD003561; bought;200;283.64;$;08/07/2026;46625H100
TRD002579; bought;4,500;228.25;US Dollar;12-Aug-2026;023135106
TRD001845;B;500;445.02;$;16-Aug-2026;30303M102
CUS000263;Buy ;1,700;185.5300;$;08/10/2026;478160104
TRD001833;B;1200;124.00;USD;08/04/2026;91324P102
TRD002546;Sell ;1,100;473.8400;US Dollar;08/11/2026;68389X105
TRD001341; bought;200;252.83;$;06-Aug-2026;594918104
TRD001231;B;2700;134.52;US Dollar;2026-08-10;91324P102
TRD005267;SELL;4400;142.79;USD ;08/20/2026;46625H100
TRD003749; sold;N/A;318.43;usd;20260807;92826C839
TRD000316;Buy ;3,700;492.5300;USD ;17-Aug-2026;30303M102
TRD005180;BUY;4,700;89.3200;$;08/18/2026;594918104
TRD002669;B;1,600;348.1600;usd;17-Aug-2026;023135106
TRD001288; sold;N/A;470.48;US Dollar;2026-08-09;92826C839
TRD005418; sold;1200;60.8000;USD;19-Aug-2026;91324P102
TRD000525;S;2500;25.9200;USD ;2026-08-16;46625H100
TRD003132;SELL;4400;54.2400;$;08/11/2026;478160104
TRD003541;SELL;3,300;196.76;$;21-Aug-2026;92826C839
TRD004770;SELL;1,800;144.34;$;20260821;037833100
TRD004816;S;1200;108.11;$;08/15/2026;037833100
TRD004445;B;2,000;216.12;USD ;2026-08-09;88160R101
TRD000206;BUY;4000;438.00;$;22-Aug-2026;023135106
TRD003685;Buy ;4,100;398.64;USD ;12-Aug-2026;46625H100
TRD003599;Sell ;1200;459.28;$;2026-08-06;037833100
TRD002728;sell;1,000;487.9900;$;11-Aug-2026;037833100
TRD004477;SELL;2,800;463.81;USD;21-Aug-2026;023135106
TRD003184;BUY;600;365.9600;usd;2026-08-13;91324P102
TRD001348; bought;1300;323.37;US Dollar;2026-08-11;023135106
CUS000229;Buy ;3,000;124.30;USD;08/10/2026;46625H100
TRD000367; sold;3,600;82.29;USD;20260805;594918104
TRD005709;B;1,600;463.01;usd;20260822;88160R101
TRD004906; bought;2500;453.9600;USD;11-Aug-2026;023135106
TRD001646;Buy ;3,500;304.4000;usd;08/10/2026;30303M102
TRD002020;S;1,800;77.0200;USD;18-Aug-2026;91324P102
TRD000715;BUY;1,900;415.4700;$;2026-08-22;478160104
TRD003325;S;4800;377.1500;USD ;08/11/2026;91324P102
TRD001005;Sell ;1,700;193.2600;US Dollar;2026-08-20;91324P102
TRD001840;B;3300;71.6900;USD ;2026-08-13;88160R101
TRD005297;SELL;600;74.66;USD ;2026-08-09;30303M102
TRD001676; sold;3500;296.8900;US Dollar;04-Aug-2026;92826C839
TRD002538;Buy ;5,000;429.63;USD ;20260823;30303M102
TRD005440;buy;2,000;265.90;usd;08/04/2026;30303M102
TRD002657;SELL;3500;208.24;usd;2026-08-15;478160104
TRD000070;S;1700;97.56;USD;20260817;91324P102
TRD002557;Sell ;3,200;103.41;$;2026-08-20;594918104
TRD001334;buy;100;287.70;USD;20260809;594918104
TRD003927;Buy ;600;433.69;USD ;08/22/2026;91324P102
TRD005264;SELL;2000;311.77;$;2026-08-03;023135106
TRD005539;S;700;151.7300;USD ;08/09/2026;478160104
TRD001870;Sell ;4900;94.82;usd;18-Aug-2026;037833100
TRD003876;Buy ;2,000;388.6400;US Dollar;2026-08-10;023135106
TRD005686;Sell ;4100;22.34;USD;13-Aug-2026;037833100
TRD004062; sold;1,200;402.72;USD ;2026-08-07;478160104
TRD000135;SELL;3500;391.83;USD ;08/17/2026;46625H100
TRD001561;BUY;800;426.00;USD;08/07/2026;594918104
TRD001767;SELL;500;76.8800;$;2026-08-07;023135106
CUS000233;B;800;222.3100;USD ;2026-08-10;91324P102
TRD005193;Sell ;2,700;118.57;USD;2026-08-03;68389X105
TRD004352;buy;2,600;276.3100;US Dollar;20260816;68389X105
CUS000150;buy;4300;277.0300;USD ;2026-08-10;478160104
TRD002797;SELL;2,000;177.7400;US Dollar;08/17/2026;92826C839
TRD001461;Buy ;4900;398.96;USD ;08/15/2026;88160R101
TRD001681;buy;200;183.18;USD ;08/08/2026;46625H100
TRD001843; bought;100;213.0300;usd;08/13/2026;037833100
TRD003975;SELL;2,400;253.33;USD ;04-Aug-2026;88160R101
TRD002823;buy;1,100;387.00;US Dollar;10-Aug-2026;46625H100
TRD004075;buy;4900;407.98;US Dollar;08/22/2026;023135106
TRD000665;Buy ;5,000;467.05;USD;20260807;023135106
TRD003971;sell;3900;213.35;USD ;20260807;46625H100
TRD002918;SELL;4,400;439.3800;usd;08/19/2026;91324P102
TRD005548;BUY;3700;279.5100;USD ;15-Aug-2026;478160104
TRD005349;Buy ;4,900;59.0300;usd;2026-08-10;023135106
TRD002292;S;1,800;168.4800;USD;04-Aug-2026;92826C839
TRD001657;Sell ;5,000;209.5000;usd;20260811;92826C839
TRD001432;BUY;500;75.9500;USD ;07-Aug-2026;037833100
TRD000053;Sell ;3300;479.76;usd;19-Aug-2026;68389X105
TRD004897; sold;4300;132.52;USD ;08/05/2026;023135106
TRD001223; bought;4,500;244.77;USD;08/17/2026;30303M102
CUS000086;Buy ;2,100;486.16;$;10-Aug-2026;88160R101
TRD004128;buy;2,200;157.06;US Dollar;08/03/2026;91324P102
TRD001448; sold;4,600;247.8600;USD ;08/21/2026;68389X105
TRD001530;Buy ;1300;321.5800;usd;20260813;92826C839
TRD002670;sell;3000;260.10;US Dollar;06-Aug-2026;92826C839
TRD004637;Buy ;600;337.9500;usd;21-Aug-2026;037833100
CUS000193;BUY;4300;453.39;USD;2026-08-10;023135106
TRD004526;S;N/A;463.44;USD ;05-Aug-2026;68389X105
TRD000165;Buy ;1,500;330.8600;$;11-Aug-2026;68389X105
TRD000280;S;3,700;226.0600;usd;08/15/2026;46625H100
TRD003422;buy;3500;498.06;$;2026-08-05;594918104
TRD000965;Sell ;1200;340.43;US Dollar;08/17/2026;037833100
TRD005911;SELL;2,600;233.3600;US Dollar;08/13/2026;037833100
TRD002225;buy;800;106.3500;$;20260813;46625H100
TRD001472;BUY;1200;287.20;usd;20260812;68389X105
TRD002860;sell;1,000;363.6300;US Dollar;20260820;88160R101
CUS000177;buy;800;82.50;usd;2026-08-10;92826C839
TRD001092;BUY;2,000;66.6700;$;20260815;92826C839
TRD003807; bought;2700;46.3600;US Dollar;20260808;037833100
TRD005590; bought;3,300;35.69;US Dollar;15-Aug-2026;88160R101
TRD003835;sell;4100;215.18;usd;08/20/2026;91324P102
TRD003764;SELL;2,000;331.76;USD;14-Aug-2026;478160104
TRD004546; bought;700;257.57;usd;2026-08-07;88160R101
TRD004256; sold;1,100;467.74;US Dollar;20260807;037833100
CUS000212;Buy ;300;93.0400;USD;08/10/2026;68389X105
TRD000420;BUY;2900;334.8700;USD ;18-Aug-2026;023135106
TRD002255; sold;1,300;254.0700;USD ;2026-08-13;023135106
TRD000517;B;2,300;285.46;USD ;15-Aug-2026;46625H100
TRD003754;Buy ;3100;466.49;USD;16-Aug-2026;594918104
TRD004407; bought;4900;122.66;usd;20260814;594918104
TRD005935;BUY;2000;370.4800;US Dollar;18-Aug-2026;478160104
TRD002152;Buy ;4700;72.01;USD;08/15/2026;46625H100
TRD000575;Buy ;1,500;278.0500;US Dollar;08-Aug-2026;478160104
TRD005690;Sell ;4000;432.07;usd;2026-08-13;023135106
TRD001045;SELL;300;115.6100;USD ;2026-08-06;91324P102
TRD001068;Sell ;500;41.0100;USD;2026-08-07;68389X105
TRD000258;Buy ;3600;48.7900;$;08/20/2026;91324P102
TRD005990;Sell ;200;273.9600;USD;2026-08-11;478160104
TRD002310;SELL;3300;468.7400;US Dollar;2026-08-14;478160104
TRD002960;sell;4,600;460.0000;USD;10-Aug-2026;46625H100
TRD001903;SELL;3,100;383.32;US Dollar;23-Aug-2026;46625H100
TRD004348;B;300;176.7900;USD;08-Aug-2026;30303M102
TRD005931;Buy ;4,500;387.3800;US Dollar;2026-08-19;92826C839
TRD000850;buy;4,000;362.9000;usd;08/14/2026;68389X105
TRD001035;sell;1,200;89.0000;usd;20260806;478160104
TRD005903;S;4,800;222.7800;US Dollar;20260811;30303M102
TRD001820;B;4,500;473.93;$;2026-08-10;68389X105
CUS000114;Buy ;1300;199.9900;US Dollar;08/10/2026;30303M102
TRD001993;sell;4600;443.0700;USD;10-Aug-2026;30303M102
TRD002627;B;700;80.5100;$;08/07/2026;478160104
TRD002280;buy;300;413.0800;US Dollar;08/22/2026;30303M102
TRD004891; bought;3800;299.05;USD ;2026-08-19;92826C839
TRD000872;BUY;3,500;213.64;usd;2026-08-14;023135106
TRD005356; sold;3,800;334.14;$;20260821;594918104
TRD004088;buy;900;353.82;US Dollar;20260806;023135106
TRD000171;SELL;4900;342.7000;USD ;2026-08-11;92826C839
CUS000124; bought;1,800;169.5200;US Dollar;2026-08-10;037833100
TRD000634;B;3,300;192.86;usd;08/18/2026;92826C839
CUS000056;BUY;700;121.4900;USD ;20260810;478160104
TRD003917;buy;400;416.4100;USD;09-Aug-2026;91324P102
TRD002760; sold;4,600;436.28;USD ;08/07/2026;023135106
TRD004754; bought;3700;35.6100;usd;2026-08-16;88160R101
TRD003464;Sell ;2300;170.17;US Dollar;20260806;91324P102
TRD000968; bought;300;192.6800;$;03-Aug-2026;68389X105
TRD005663;BUY;4500;64.17;$;08/11/2026;30303M102
TRD000299;Sell ;4000;96.20;US Dollar;20260814;30303M102
TRD003642; bought;1,600;324.30;USD ;20260807;91324P102
TRD005811;buy;4500;222.1300;$;08/10/2026;92826C839
TRD001249;sell;2400;423.18;usd;20260807;30303M102
TRD004934;SELL;1,900;136.30;$;20260813;68389X105
TRD001651;S;1500;188.1600;USD ;08/12/2026;92826C839
TRD005094; sold;2,900;20.5800;USD;20-Aug-2026;88160R101
TRD004302;BUY;1200;200.90;usd;2026-08-13;30303M102
TRD004418;Sell ;3900;229.8000;USD;20260808;594918104
CUS000195;BUY;3,800;334.5100;USD ;10-Aug-2026;46625H100
TRD005830;buy;2800;237.35;$;20260818;68389X105
TRD001326;Buy ;4,900;219.27;USD ;20260814;91324P102
CUS000115;Buy ;2,700;219.7600;US Dollar;10-Aug-2026;88160R101
TRD001526;SELL;2200;364.3500;USD;08/06/2026;68389X105
CUS000091;BUY;1,400;439.49;$;08/10/2026;594918104
CUS000225;B;3700;125.5400;US Dollar;10-Aug-2026;68389X105
TRD003576;sell;2,100;46.08;$;20260816;68389X105
TRD005872;B;900;284.23;USD;08/17/2026;023135106
CUS000017;BUY;2400;268.18;US Dollar;20260810;91324P102
TRD005756;B;4500;364.2900;$;04-Aug-2026;478160104
TRD005028;Sell ;500;375.13;usd;20260812;037833100
TRD005782; sold;1,200;378.47;USD ;07-Aug-2026;92826C839
TRD002402;Buy ;2,500;244.32;USD;10-Aug-2026;68389X105
TRD003512;Sell ;3400;463.68;USD ;20260810;46625H100
TRD004693;SELL;2100;431.91;$;08/04/2026;68389X105
TRD001968;BUY;3700;255.41;USD ;20260813;91324P102
TRD003924;S;4900;365.55;usd;2026-08-04;30303M102
TRD004983; sold;3,800;115.1700;$;08/18/2026;023135106
TRD001329;sell;600;23.0500;USD;08-Aug-2026;594918104
TRD004784;Buy ;1600;484.1500;usd;2026-08-15;023135106
TRD003183; sold;3,900;307.68;USD;08/21/2026;68389X105
TRD005765;S;4,900;87.8600;US Dollar;08/16/2026;023135106
TRD000500;sell;200;261.0600;USD ;2026-08-16;68389X105
TRD001112;Sell ;1000;383.71;USD;20260805;594918104
TRD002187; sold;1,500;263.6300;US Dollar;08/11/2026;30303M102
TRD000178;sell;100;335.6800;usd;20260820;478160104
CUS000202;BUY;900;65.68;USD ;10-Aug-2026;68389X105
TRD001924;S;2,800;408.05;US Dollar;20260810;30303M102
TRD003102;B;3,700;250.2700;US Dollar;20260807;023135106
TRD002074;Buy ;500;224.67;USD ;20260817;46625H100
TRD005856;Sell ;4,000;400.6600;USD;2026-08-12;68389X105
TRD005829;S;500;441.13;US Dollar;08/09/2026;92826C839
TRD001748;buy;3500;392.24;USD ;2026-08-07;478160104
TRD001444;buy;3,300;394.79;usd;08/22/2026;023135106
TRD004269;B;3400;497.1300;usd;22-Aug-2026;023135106
TRD005112;Buy ;900;83.26;USD ;2026-08-10;92826C839
TRD003434;Buy ;1,100;132.43;US Dollar;20260804;68389X105
TRD001261; bought;4,100;376.01;usd;08/05/2026;91324P102
TRD001598;SELL;1,400;250.94;US Dollar;2026-08-07;023135106
TRD002036;SELL;4600;220.68;USD ;08/14/2026;037833100
CUS000217;Buy ;700;301.5300;$;08/10/2026;46625H100
TRD005557;SELL;4500;251.3500;US Dollar;08/20/2026;037833100
TRD001847;Sell ;3,700;102.30;$;06-Aug-2026;92826C839
TRD000085;SELL;3300;75.51;$;21-Aug-2026;023135106
TRD005099;Buy ;4,400;331.04;USD;20260816;478160104
TRD004179;sell;4300;495.59;USD ;2026-08-08;68389X105
TRD002813;B;4800;189.8900;$;08/22/2026;68389X105
TRD003672; bought;4,800;448.72;usd;20260811;91324P102
TRD001826; bought;2,600;430.7700;USD;20260815;037833100
TRD005091; bought;3,200;235.71;usd;17-Aug-2026;023135106
TRD000581;B;800;392.3000;$;08/10/2026;023135106
TRD001328; bought;4100;313.9700;USD;2026-08-08;037833100
TRD003584;S;3900;52.06;USD;08/11/2026;037833100
TRD003752;Buy ;2400;205.9400;US Dollar;2026-08-07;023135106
