trade_id,side,quantity,price,currency,settle_date,cusip
TRD000000,SELL,200,375.94,USD,2026-08-10,023135106
TRD000001,BUY,700,344.82,USD,2026-08-20,594918104
TRD000002,SELL,300,34.3,USD,2026-08-09,023135106
TRD000003,SELL,200,289.4,USD,2026-08-20,46625H100
TRD000004,BUY,3800,153.53,USD,2026-08-03,68389X105
TRD000005,SELL,2200,153.38,USD,2026-08-09,88160R101
TRD000006,BUY,2500,66.42,USD,2026-08-14,92826C839
TRD000007,BUY,300,370.27,USD,2026-08-20,594918104
TRD000008,SELL,2500,57.82,USD,2026-08-12,92826C839
TRD000009,SELL,2400,297.13,USD,2026-08-05,037833100
TRD000010,SELL,5000,158.91,USD,2026-08-05,023135106
TRD000011,SELL,2500,153.43,USD,2026-08-14,68389X105
TRD000012,BUY,1400,341.68,USD,2026-08-05,92826C839
TRD000013,SELL,3500,369.98,USD,2026-08-08,478160104
TRD000014,BUY,4100,350.32,USD,2026-08-10,88160R101
TRD000015,SELL,5000,46.85,USD,2026-08-04,88160R101
TRD000016,BUY,500,121.27,USD,2026-08-21,88160R101
TRD000017,BUY,3200,209.9,USD,2026-08-17,68389X105
TRD000018,BUY,1600,377.59,USD,2026-08-20,30303M102
TRD000019,SELL,2800,450.95,USD,2026-08-15,88160R101
TRD000020,BUY,900,264.57,USD,2026-08-05,037833100
TRD000021,SELL,1000,321.17,USD,2026-08-16,92826C839
TRD000022,BUY,2500,306.03,USD,2026-08-17,91324P102
TRD000023,BUY,3600,433.17,USD,2026-08-03,594918104
TRD000024,SELL,3500,380.42,USD,2026-08-13,594918104
TRD000025,BUY,1100,237.79,USD,2026-08-11,91324P102
TRD000026,SELL,3300,458.06,USD,2026-08-12,91324P102
TRD000027,SELL,1000,199.48,USD,2026-08-08,91324P102
TRD000028,SELL,3400,460.88,USD,2026-08-22,88160R101
TRD000029,BUY,800,465.97,USD,2026-08-12,023135106
TRD000030,BUY,3700,474.54,USD,2026-08-05,478160104
TRD000031,SELL,4900,275.7,USD,2026-08-07,68389X105
TRD000032,SELL,3600,99.26,USD,2026-08-19,92826C839
TRD000033,BUY,1400,465.88,USD,2026-08-09,30303M102
TRD000034,BUY,4300,331.94,USD,2026-08-17,91324P102
TRD000035,BUY,1600,127.85,USD,2026-08-13,037833100
TRD000036,SELL,1500,302.45,USD,2026-08-03,594918104
TRD000037,SELL,400,129.89,USD,2026-08-04,88160R101
TRD000038,BUY,1600,153.67,USD,2026-08-18,023135106
TRD000039,SELL,4700,469.05,USD,2026-08-21,92826C839
TRD000040,BUY,3100,407.6,USD,2026-08-09,594918104
TRD000041,BUY,2800,190.06,USD,2026-08-16,478160104
TRD000042,SELL,400,343.21,USD,2026-08-06,037833100
TRD000043,BUY,2200,404.28,USD,2026-08-06,023135106
TRD000044,BUY,3500,235.33,USD,2026-08-16,68389X105
TRD000045,BUY,1600,439.75,USD,2026-08-05,478160104
TRD000046,SELL,3600,67.0,USD,2026-08-20,037833100
TRD000047,SELL,4900,427.37,USD,2026-08-08,46625H100
TRD000048,BUY,1400,435.03,USD,2026-08-04,68389X105
TRD000049,BUY,2500,147.3,USD,2026-08-17,30303M102
TRD000050,BUY,4700,497.8,USD,2026-08-20,478160104
TRD000051,BUY,1900,124.5,USD,2026-08-04,92826C839
TRD000052,SELL,400,379.03,USD,2026-08-04,037833100
TRD000053,SELL,3300,461.31,USD,2026-08-19,68389X105
TRD000054,BUY,3300,58.45,USD,2026-08-08,594918104
TRD000055,SELL,4400,433.67,USD,2026-08-15,594918104
TRD000056,SELL,3700,138.18,USD,2026-08-22,037833100
TRD000057,SELL,2700,335.54,USD,2026-08-21,91324P102
TRD000058,BUY,1700,118.04,USD,2026-08-13,023135106
TRD000059,BUY,900,342.41,USD,2026-08-12,478160104
TRD000060,BUY,4900,469.15,USD,2026-08-03,478160104
TRD000061,SELL,3700,498.13,USD,2026-08-05,91324P102
TRD000062,BUY,1700,83.58,USD,2026-08-14,594918104
TRD000063,SELL,2400,156.79,USD,2026-08-17,91324P102
TRD000064,SELL,4000,492.25,USD,2026-08-19,037833100
TRD000065,SELL,3600,163.7,USD,2026-08-06,68389X105
TRD000066,BUY,700,376.36,USD,2026-08-07,30303M102
TRD000067,BUY,1400,364.45,USD,2026-08-09,30303M102
TRD000068,SELL,1700,454.56,USD,2026-08-04,594918104
TRD000069,SELL,1800,41.16,USD,2026-08-13,68389X105
TRD000070,SELL,1700,97.56,USD,2026-08-17,91324P102
TRD000071,SELL,3600,24.64,USD,2026-08-05,68389X105
TRD000072,SELL,2400,299.6,USD,2026-08-07,46625H100
TRD000073,BUY,2000,195.03,USD,2026-08-04,88160R101
TRD000074,BUY,1600,340.13,USD,2026-08-14,91324P102
TRD000075,SELL,2700,487.44,USD,2026-08-07,023135106
TRD000076,SELL,1200,443.08,USD,2026-08-03,68389X105
TRD000077,SELL,2200,395.55,USD,2026-08-16,023135106
TRD000078,BUY,4500,71.89,USD,2026-08-04,478160104
TRD000079,BUY,3000,187.84,USD,2026-08-10,023135106
TRD000080,BUY,1300,211.26,USD,2026-08-11,594918104
TRD000081,SELL,1800,188.55,USD,2026-08-19,46625H100
TRD000082,SELL,3500,178.95,USD,2026-08-03,594918104
TRD000083,SELL,1700,105.71,USD,2026-08-11,037833100
TRD000084,BUY,2800,185.93,USD,2026-08-13,46625H100
TRD000085,SELL,3300,75.51,USD,2026-08-21,023135106
TRD000086,BUY,4600,229.31,USD,2026-08-19,91324P102
TRD000087,SELL,4800,373.78,USD,2026-08-09,88160R101
TRD000088,BUY,4300,461.97,USD,2026-08-22,88160R101
TRD000089,SELL,800,365.48,USD,2026-08-12,91324P102
TRD000090,BUY,2700,176.57,USD,2026-08-12,91324P102
TRD000091,BUY,2700,339.17,USD,2026-08-15,68389X105
TRD000092,SELL,2000,214.92,USD,2026-08-03,30303M102
TRD000093,BUY,2800,397.16,USD,2026-08-22,88160R101
TRD000094,BUY,2900,344.3,USD,2026-08-19,478160104
TRD000095,SELL,4800,101.45,USD,2026-08-05,30303M102
TRD000096,SELL,4100,317.25,USD,2026-08-05,023135106
TRD000097,SELL,1500,407.15,USD,2026-08-07,037833100
TRD000098,BUY,3100,313.41,USD,2026-08-05,478160104
TRD000099,BUY,4100,296.32,USD,2026-08-15,478160104
TRD000100,BUY,1000,334.91,USD,2026-08-03,594918104
TRD000101,SELL,1500,104.43,USD,2026-08-19,478160104
TRD000102,BUY,1600,460.39,USD,2026-08-06,478160104
TRD000103,BUY,3000,340.44,USD,2026-08-20,92826C839
TRD000104,BUY,4900,447.88,USD,2026-08-22,91324P102
TRD000105,BUY,3600,234.04,USD,2026-08-08,478160104
TRD000106,BUY,4900,138.68,USD,2026-08-11,91324P102
TRD000107,BUY,1600,151.81,USD,2026-08-05,30303M102
TRD000108,BUY,2200,173.46,USD,2026-08-20,594918104
TRD000109,BUY,1500,203.86,USD,2026-08-07,023135106
TRD000110,BUY,2700,178.82,USD,2026-08-17,46625H100
TRD000111,BUY,2700,206.95,USD,2026-08-21,037833100
TRD000112,SELL,4900,296.33,USD,2026-08-18,037833100
TRD000113,SELL,2000,381.67,USD,2026-08-16,91324P102
TRD000114,SELL,3500,403.94,USD,2026-08-10,478160104
TRD000115,BUY,2800,253.11,USD,2026-08-15,88160R101
TRD000116,SELL,2600,367.61,USD,2026-08-17,68389X105
TRD000117,SELL,3500,32.94,USD,2026-08-15,92826C839
TRD000118,SELL,200,60.29,USD,2026-08-16,68389X105
TRD000119,SELL,1200,44.14,USD,2026-08-15,88160R101
TRD000120,BUY,2100,182.0,USD,2026-08-15,30303M102
TRD000121,SELL,2700,141.09,USD,2026-08-05,478160104
TRD000122,BUY,3500,45.0,USD,2026-08-14,023135106
TRD000123,SELL,5000,479.5,USD,2026-08-04,037833100
TRD000124,SELL,1300,422.83,USD,2026-08-22,68389X105
TRD000125,BUY,3100,341.34,USD,2026-08-21,023135106
TRD000126,BUY,1700,388.11,USD,2026-08-08,92826C839
TRD000127,SELL,4800,364.81,USD,2026-08-08,30303M102
TRD000128,BUY,200,465.87,USD,2026-08-21,46625H100
TRD000129,BUY,4600,115.2,USD,2026-08-21,023135106
TRD000130,BUY,5000,164.76,USD,2026-08-22,594918104
TRD000131,SELL,3700,395.66,USD,2026-08-14,91324P102
TRD000132,BUY,2400,53.1,USD,2026-08-13,037833100
TRD000133,SELL,3200,70.66,USD,2026-08-14,478160104
TRD000134,SELL,2800,104.55,USD,2026-08-19,30303M102
TRD000135,SELL,3500,391.83,USD,2026-08-17,46625H100
TRD000136,SELL,3800,148.83,USD,2026-08-10,594918104
TRD000137,BUY,2900,137.05,USD,2026-08-17,92826C839
TRD000138,SELL,2500,181.47,USD,2026-08-18,88160R101
TRD000139,BUY,1400,190.32,USD,2026-08-11,88160R101
TRD000140,BUY,3900,356.57,USD,2026-08-11,91324P102
TRD000141,BUY,1300,61.09,USD,2026-08-16,478160104
TRD000142,SELL,1600,351.49,USD,2026-08-18,478160104
TRD000143,SELL,600,161.23,USD,2026-08-15,023135106
TRD000144,BUY,3800,197.13,USD,2026-08-20,91324P102
TRD000145,BUY,4800,284.19,USD,2026-08-14,478160104
TRD000146,BUY,1700,130.66,USD,2026-08-09,88160R101
TRD000147,BUY,3500,476.42,USD,2026-08-08,023135106
TRD000148,BUY,3100,152.72,USD,2026-08-21,91324P102
TRD000149,SELL,700,419.66,USD,2026-08-12,023135106
TRD000150,BUY,2000,26.79,USD,2026-08-20,68389X105
TRD000151,BUY,400,285.61,USD,2026-08-07,478160104
TRD000152,BUY,100,295.55,USD,2026-08-18,478160104
TRD000153,BUY,1200,483.44,USD,2026-08-11,478160104
TRD000154,BUY,500,212.34,USD,2026-08-05,92826C839
TRD000155,SELL,400,92.83,USD,2026-08-21,30303M102
TRD000156,BUY,1600,76.86,USD,2026-08-16,92826C839
TRD000157,SELL,4000,128.33,USD,2026-08-19,46625H100
TRD000158,BUY,2900,162.73,USD,2026-08-21,46625H100
TRD000159,BUY,4000,48.91,USD,2026-08-06,023135106
TRD000160,SELL,1700,337.01,USD,2026-08-08,023135106
TRD000161,BUY,500,95.14,USD,2026-08-16,478160104
TRD000162,SELL,3100,159.8,USD,2026-08-10,30303M102
TRD000163,SELL,4500,432.61,USD,2026-08-05,023135106
TRD000164,SELL,4100,303.1,USD,2026-08-09,46625H100
TRD000165,BUY,1500,330.86,USD,2026-08-11,68389X105
TRD000166,BUY,1100,400.46,USD,2026-08-22,92826C839
TRD000167,SELL,2900,79.69,USD,2026-08-12,46625H100
TRD000168,SELL,3300,279.19,USD,2026-08-17,594918104
TRD000169,SELL,2800,372.58,USD,2026-08-22,30303M102
TRD000170,BUY,1500,481.72,USD,2026-08-21,92826C839
TRD000171,SELL,4900,342.7,USD,2026-08-11,92826C839
TRD000172,BUY,4900,104.09,USD,2026-08-19,478160104
TRD000173,SELL,1200,498.53,USD,2026-08-16,478160104
TRD000174,SELL,3100,187.02,USD,2026-08-13,88160R101
TRD000175,SELL,1100,178.31,USD,2026-08-18,30303M102
TRD000176,SELL,2600,410.51,USD,2026-08-20,037833100
TRD000177,BUY,2100,141.15,USD,2026-08-06,46625H100
TRD000178,SELL,100,335.68,USD,2026-08-20,478160104
TRD000179,BUY,1300,268.85,USD,2026-08-22,478160104
TRD000180,SELL,4900,44.77,USD,2026-08-11,91324P102
TRD000181,BUY,1900,230.3,USD,2026-08-18,594918104
TRD000182,BUY,4100,312.26,USD,2026-08-10,68389X105
TRD000183,BUY,100,285.08,USD,2026-08-05,023135106
TRD000184,SELL,800,241.49,USD,2026-08-06,68389X105
TRD000185,BUY,4600,160.09,USD,2026-08-11,46625H100
TRD000186,SELL,3100,136.99,USD,2026-08-20,68389X105
TRD000187,BUY,3900,263.96,USD,2026-08-07,594918104
TRD000188,BUY,2700,183.14,USD,2026-08-19,30303M102
TRD000189,SELL,1900,368.5,USD,2026-08-21,92826C839
TRD000190,SELL,3200,435.33,USD,2026-08-17,91324P102
TRD000191,BUY,2200,284.92,USD,2026-08-20,46625H100
TRD000192,BUY,2100,437.41,USD,2026-08-10,92826C839
TRD000193,BUY,5000,217.17,USD,2026-08-13,478160104
TRD000194,SELL,2500,205.32,USD,2026-08-07,478160104
TRD000195,SELL,900,261.1,USD,2026-08-21,88160R101
TRD000196,SELL,2900,67.86,USD,2026-08-17,037833100
TRD000197,SELL,2700,438.05,USD,2026-08-07,594918104
TRD000198,BUY,1700,182.51,USD,2026-08-15,594918104
TRD000199,SELL,4400,432.48,USD,2026-08-15,88160R101
TRD000200,SELL,4900,254.21,USD,2026-08-20,037833100
TRD000201,SELL,1600,322.96,USD,2026-08-12,023135106
TRD000202,SELL,2800,489.6,USD,2026-08-06,478160104
TRD000203,BUY,2000,453.64,USD,2026-08-04,88160R101
TRD000204,SELL,1900,192.06,USD,2026-08-16,68389X105
TRD000205,BUY,2700,291.65,USD,2026-08-08,68389X105
TRD000206,BUY,4000,438.0,USD,2026-08-22,023135106
TRD000207,BUY,3800,88.7,USD,2026-08-17,30303M102
TRD000208,BUY,4300,24.51,USD,2026-08-17,30303M102
TRD000209,SELL,1100,55.45,USD,2026-08-14,92826C839
TRD000210,BUY,2800,351.35,USD,2026-08-17,30303M102
TRD000211,BUY,2500,429.6,USD,2026-08-06,023135106
TRD000212,BUY,2300,295.91,USD,2026-08-12,037833100
TRD000213,SELL,4300,209.99,USD,2026-08-03,92826C839
TRD000214,SELL,5000,377.44,USD,2026-08-04,92826C839
TRD000215,SELL,1900,392.36,USD,2026-08-10,92826C839
TRD000216,SELL,1500,325.58,USD,2026-08-22,30303M102
TRD000217,SELL,4700,388.39,USD,2026-08-07,594918104
TRD000218,SELL,4200,38.92,USD,2026-08-17,037833100
TRD000219,SELL,4700,83.08,USD,2026-08-12,88160R101
TRD000220,SELL,1200,116.38,USD,2026-08-20,88160R101
TRD000221,SELL,1800,418.63,USD,2026-08-11,478160104
TRD000222,SELL,1900,378.35,USD,2026-08-13,594918104
TRD000223,BUY,500,87.56,USD,2026-08-10,46625H100
TRD000224,SELL,3600,195.57,USD,2026-08-15,037833100
TRD000225,BUY,800,238.3,USD,2026-08-11,92826C839
TRD000226,BUY,4100,471.34,USD,2026-08-06,023135106
TRD000227,BUY,4000,444.43,USD,2026-08-20,88160R101
TRD000228,SELL,1500,330.87,USD,2026-08-17,30303M102
TRD000229,SELL,800,87.09,USD,2026-08-04,30303M102
TRD000230,SELL,800,66.65,USD,2026-08-20,68389X105
TRD000231,BUY,2400,341.83,USD,2026-08-20,46625H100
TRD000232,SELL,4700,94.17,USD,2026-08-16,594918104
TRD000233,SELL,4000,215.9,USD,2026-08-11,037833100
TRD000234,SELL,1400,232.82,USD,2026-08-10,88160R101
TRD000235,BUY,4400,196.32,USD,2026-08-14,037833100
TRD000236,BUY,1300,484.74,USD,2026-08-17,594918104
TRD000237,SELL,4200,326.96,USD,2026-08-03,037833100
TRD000238,SELL,1600,494.63,USD,2026-08-21,023135106
TRD000239,BUY,4900,286.02,USD,2026-08-21,023135106
TRD000240,SELL,1500,177.71,USD,2026-08-07,92826C839
TRD000241,BUY,1000,494.01,USD,2026-08-20,30303M102
TRD000242,SELL,800,337.31,USD,2026-08-03,68389X105
TRD000243,BUY,1600,302.65,USD,2026-08-03,68389X105
TRD000244,BUY,900,376.02,USD,2026-08-19,594918104
TRD000245,SELL,3100,235.17,USD,2026-08-14,91324P102
TRD000246,SELL,2900,261.84,USD,2026-08-22,037833100
TRD000247,SELL,4300,270.3,USD,2026-08-17,037833100
TRD000248,BUY,3100,426.7,USD,2026-08-16,594918104
TRD000249,BUY,2900,55.28,USD,2026-08-05,88160R101
TRD000250,SELL,500,80.57,USD,2026-08-22,92826C839
TRD000251,SELL,2100,202.83,USD,2026-08-22,91324P102
TRD000252,BUY,3300,310.6,USD,2026-08-06,594918104
TRD000253,SELL,4200,441.3,USD,2026-08-20,023135106
TRD000254,BUY,1500,218.63,USD,2026-08-17,46625H100
TRD000255,BUY,700,170.02,USD,2026-08-13,30303M102
TRD000256,BUY,1000,349.67,USD,2026-08-18,594918104
TRD000257,BUY,600,64.75,USD,2026-08-06,88160R101
TRD000258,SELL,3600,48.79,USD,2026-08-20,91324P102
TRD000259,BUY,800,217.19,USD,2026-08-16,037833100
TRD000260,SELL,3900,169.98,USD,2026-08-06,92826C839
TRD000261,SELL,1000,335.23,USD,2026-08-10,594918104
TRD000262,BUY,3600,196.43,USD,2026-08-11,92826C839
TRD000263,BUY,2800,425.67,USD,2026-08-22,92826C839
TRD000264,SELL,3600,32.6,USD,2026-08-11,037833100
TRD000265,BUY,4500,385.96,USD,2026-08-13,88160R101
TRD000266,BUY,1000,291.83,USD,2026-08-15,594918104
TRD000267,BUY,4100,486.47,USD,2026-08-05,91324P102
TRD000268,BUY,2700,237.75,USD,2026-08-08,88160R101
TRD000269,BUY,2100,392.88,USD,2026-08-21,92826C839
TRD000270,BUY,400,94.68,USD,2026-08-22,037833100
TRD000271,SELL,1800,232.69,USD,2026-08-16,478160104
TRD000272,SELL,2700,151.12,USD,2026-08-19,594918104
TRD000273,BUY,800,155.96,USD,2026-08-21,478160104
TRD000274,SELL,2000,41.8,USD,2026-08-15,92826C839
TRD000275,BUY,1400,164.68,USD,2026-08-09,68389X105
TRD000276,SELL,1900,177.5,USD,2026-08-03,478160104
TRD000277,SELL,1200,82.01,USD,2026-08-20,023135106
TRD000278,SELL,4300,406.98,USD,2026-08-05,46625H100
TRD000279,SELL,300,229.39,USD,2026-08-17,594918104
TRD000280,SELL,3700,226.06,USD,2026-08-15,46625H100
TRD000281,BUY,2600,30.01,USD,2026-08-13,68389X105
TRD000282,SELL,4000,240.85,USD,2026-08-14,594918104
TRD000283,BUY,700,136.79,USD,2026-08-21,46625H100
TRD000284,SELL,2600,437.85,USD,2026-08-13,023135106
TRD000285,BUY,1100,56.66,USD,2026-08-06,91324P102
TRD000286,SELL,5000,187.7,USD,2026-08-07,023135106
TRD000287,BUY,1700,114.69,USD,2026-08-22,68389X105
TRD000288,SELL,4200,56.17,USD,2026-08-18,478160104
TRD000289,SELL,4900,298.14,USD,2026-08-21,92826C839
TRD000290,BUY,4100,171.75,USD,2026-08-17,594918104
TRD000291,BUY,4100,165.35,USD,2026-08-11,92826C839
TRD000292,BUY,3300,55.61,USD,2026-08-17,478160104
TRD000293,BUY,2400,419.21,USD,2026-08-05,594918104
TRD000294,SELL,3300,204.55,USD,2026-08-21,91324P102
TRD000295,SELL,4800,450.02,USD,2026-08-17,92826C839
TRD000296,SELL,2100,310.4,USD,2026-08-19,68389X105
TRD000297,SELL,2900,69.68,USD,2026-08-13,594918104
TRD000298,SELL,1200,38.79,USD,2026-08-17,478160104
TRD000299,SELL,4000,96.2,USD,2026-08-14,30303M102
TRD000300,BUY,5000,182.42,USD,2026-08-22,037833100
TRD000301,SELL,4200,180.63,USD,2026-08-13,594918104
TRD000302,SELL,2500,156.39,USD,2026-08-22,68389X105
TRD000303,BUY,3800,338.53,USD,2026-08-14,30303M102
TRD000304,SELL,4500,337.82,USD,2026-08-07,92826C839
TRD000305,SELL,600,168.6,USD,2026-08-15,88160R101
TRD000306,SELL,4300,357.36,USD,2026-08-19,594918104
TRD000307,SELL,2800,264.07,USD,2026-08-03,88160R101
TRD000308,BUY,1400,184.03,USD,2026-08-18,023135106
TRD000309,BUY,900,94.37,USD,2026-08-12,594918104
TRD000310,SELL,3500,420.86,USD,2026-08-19,037833100
TRD000311,SELL,5000,316.66,USD,2026-08-22,46625H100
TRD000312,BUY,1200,419.05,USD,2026-08-22,68389X105
TRD000313,SELL,300,217.21,USD,2026-08-10,478160104
TRD000314,SELL,4900,379.3,USD,2026-08-17,023135106
TRD000315,SELL,2000,483.49,USD,2026-08-18,023135106
TRD000316,BUY,3700,492.53,USD,2026-08-17,30303M102
TRD000317,SELL,3300,273.18,USD,2026-08-08,023135106
TRD000318,SELL,900,439.04,USD,2026-08-04,478160104
TRD000319,SELL,3600,468.46,USD,2026-08-19,594918104
TRD000320,BUY,4900,96.95,USD,2026-08-17,91324P102
TRD000321,BUY,2800,64.02,USD,2026-08-10,478160104
TRD000322,SELL,200,219.15,USD,2026-08-15,91324P102
TRD000323,BUY,2500,497.37,USD,2026-08-14,023135106
TRD000324,BUY,700,422.8,USD,2026-08-13,68389X105
TRD000325,BUY,1900,460.35,USD,2026-08-18,68389X105
TRD000326,SELL,3100,235.33,USD,2026-08-03,594918104
TRD000327,BUY,1400,420.78,USD,2026-08-20,92826C839
TRD000328,SELL,800,392.56,USD,2026-08-10,30303M102
TRD000329,BUY,1600,221.52,USD,2026-08-22,478160104
TRD000330,BUY,3200,306.43,USD,2026-08-03,91324P102
TRD000331,SELL,4600,88.92,USD,2026-08-16,037833100
TRD000332,SELL,1600,293.92,USD,2026-08-08,594918104
TRD000333,SELL,2400,52.49,USD,2026-08-19,91324P102
TRD000334,SELL,3300,285.99,USD,2026-08-15,478160104
TRD000335,BUY,2500,490.9,USD,2026-08-11,037833100
TRD000336,BUY,500,185.51,USD,2026-08-06,92826C839
TRD000337,SELL,2200,84.04,USD,2026-08-14,91324P102
TRD000338,BUY,4200,104.04,USD,2026-08-17,478160104
TRD000339,SELL,900,50.29,USD,2026-08-17,037833100
TRD000340,BUY,300,399.73,USD,2026-08-04,88160R101
TRD000341,SELL,3300,211.15,USD,2026-08-20,478160104
TRD000342,BUY,4900,330.51,USD,2026-08-12,88160R101
TRD000343,SELL,400,435.58,USD,2026-08-13,30303M102
TRD000344,BUY,2400,229.74,USD,2026-08-15,478160104
TRD000345,SELL,2500,182.74,USD,2026-08-08,478160104
TRD000346,SELL,2400,463.67,USD,2026-08-19,30303M102
TRD000347,SELL,4700,223.76,USD,2026-08-16,92826C839
TRD000348,SELL,1200,281.83,USD,2026-08-13,594918104
TRD000349,BUY,4300,161.91,USD,2026-08-17,92826C839
TRD000350,SELL,1100,351.09,USD,2026-08-14,478160104
TRD000351,BUY,2300,315.13,USD,2026-08-16,30303M102
TRD000352,SELL,400,56.02,USD,2026-08-15,88160R101
TRD000353,SELL,4800,346.12,USD,2026-08-03,68389X105
TRD000354,SELL,4400,395.03,USD,2026-08-04,68389X105
TRD000355,BUY,5000,329.68,USD,2026-08-14,46625H100
TRD000356,SELL,300,310.45,USD,2026-08-17,88160R101
TRD000357,BUY,4900,56.91,USD,2026-08-07,91324P102
TRD000358,BUY,2100,331.79,USD,2026-08-10,594918104
TRD000359,BUY,1200,259.54,USD,2026-08-15,91324P102
TRD000360,BUY,5000,144.94,USD,2026-08-17,023135106
TRD000361,SELL,1900,353.11,USD,2026-08-18,023135106
TRD000362,BUY,500,236.98,USD,2026-08-17,594918104
TRD000363,SELL,2100,340.56,USD,2026-08-05,91324P102
TRD000364,SELL,2000,428.65,USD,2026-08-08,88160R101
TRD000365,SELL,800,492.86,USD,2026-08-07,023135106
TRD000366,SELL,200,193.23,USD,2026-08-21,88160R101
TRD000367,BUY,3600,82.29,USD,2026-08-05,594918104
TRD000368,BUY,4600,365.06,USD,2026-08-19,46625H100
TRD000369,SELL,3700,55.4,USD,2026-08-13,594918104
TRD000370,BUY,4400,268.33,USD,2026-08-07,91324P102
TRD000371,SELL,1200,388.54,USD,2026-08-07,46625H100
TRD000372,SELL,400,419.07,USD,2026-08-19,68389X105
TRD000373,BUY,1100,174.88,USD,2026-08-10,88160R101
TRD000374,SELL,3400,449.56,USD,2026-08-05,30303M102
TRD000375,BUY,3600,151.74,USD,2026-08-12,92826C839
TRD000376,SELL,3300,327.67,USD,2026-08-21,92826C839
TRD000377,BUY,4300,319.75,USD,2026-08-22,88160R101
TRD000378,SELL,3700,39.77,USD,2026-08-03,594918104
TRD000379,BUY,4200,390.09,USD,2026-08-11,023135106
TRD000380,SELL,2700,316.69,USD,2026-08-03,478160104
TRD000381,SELL,3500,159.04,USD,2026-08-12,478160104
TRD000382,BUY,4400,214.92,USD,2026-08-17,594918104
TRD000383,SELL,1100,231.01,USD,2026-08-18,478160104
TRD000384,BUY,3900,88.96,USD,2026-08-13,88160R101
TRD000385,SELL,900,385.12,USD,2026-08-19,91324P102
TRD000386,BUY,1600,243.91,USD,2026-08-11,478160104
TRD000387,BUY,700,44.29,USD,2026-08-15,92826C839
TRD000388,BUY,1100,410.47,USD,2026-08-21,88160R101
TRD000389,BUY,1100,259.17,USD,2026-08-19,478160104
TRD000390,BUY,2000,258.74,USD,2026-08-05,46625H100
TRD000391,SELL,1600,123.27,USD,2026-08-14,037833100
TRD000392,BUY,3200,306.81,USD,2026-08-18,30303M102
TRD000393,SELL,700,226.85,USD,2026-08-11,88160R101
TRD000394,SELL,2400,41.72,USD,2026-08-04,92826C839
TRD000395,SELL,2400,285.55,USD,2026-08-05,46625H100
TRD000396,SELL,4900,283.93,USD,2026-08-22,92826C839
TRD000397,BUY,700,209.07,USD,2026-08-13,91324P102
TRD000398,SELL,4900,89.25,USD,2026-08-22,91324P102
TRD000399,BUY,300,41.75,USD,2026-08-07,88160R101
TRD000400,SELL,3400,239.35,USD,2026-08-22,91324P102
TRD000401,BUY,4000,172.89,USD,2026-08-15,92826C839
TRD000402,SELL,2000,304.99,USD,2026-08-19,91324P102
TRD000403,SELL,4600,290.2,USD,2026-08-18,037833100
TRD000404,BUY,4400,72.61,USD,2026-08-16,92826C839
TRD000405,BUY,4700,438.61,USD,2026-08-03,92826C839
TRD000406,BUY,4200,395.79,USD,2026-08-21,92826C839
TRD000407,BUY,400,300.09,USD,2026-08-08,91324P102
TRD000408,SELL,4000,391.81,USD,2026-08-15,68389X105
TRD000409,SELL,1600,35.15,USD,2026-08-06,023135106
TRD000410,BUY,2100,221.01,USD,2026-08-16,023135106
TRD000411,BUY,5000,313.51,USD,2026-08-18,037833100
TRD000412,SELL,3400,119.52,USD,2026-08-13,478160104
TRD000413,SELL,2100,479.21,USD,2026-08-17,91324P102
TRD000414,BUY,2300,344.42,USD,2026-08-11,92826C839
TRD000415,BUY,1600,153.92,USD,2026-08-12,023135106
TRD000416,SELL,2000,390.16,USD,2026-08-09,478160104
TRD000417,BUY,2300,289.03,USD,2026-08-11,30303M102
TRD000418,BUY,4400,280.73,USD,2026-08-15,88160R101
TRD000419,SELL,1000,159.42,USD,2026-08-12,594918104
TRD000420,BUY,2900,334.87,USD,2026-08-18,023135106
TRD000421,BUY,3500,150.14,USD,2026-08-20,30303M102
TRD000422,BUY,4000,375.63,USD,2026-08-10,023135106
TRD000423,BUY,3400,128.32,USD,2026-08-10,037833100
TRD000424,BUY,2200,364.33,USD,2026-08-06,68389X105
TRD000425,BUY,3600,489.4,USD,2026-08-08,46625H100
TRD000426,SELL,3100,249.18,USD,2026-08-09,30303M102
TRD000427,BUY,4200,48.4,USD,2026-08-05,92826C839
TRD000428,BUY,4800,367.1,USD,2026-08-04,68389X105
TRD000429,BUY,1200,468.28,USD,2026-08-04,46625H100
TRD000430,SELL,1200,469.57,USD,2026-08-12,037833100
TRD000431,BUY,3700,309.34,USD,2026-08-13,30303M102
TRD000432,BUY,4200,280.78,USD,2026-08-18,68389X105
TRD000433,SELL,3000,150.96,USD,2026-08-06,88160R101
TRD000434,BUY,3000,331.18,USD,2026-08-08,037833100
TRD000435,SELL,1900,292.53,USD,2026-08-09,68389X105
TRD000436,SELL,4100,450.58,USD,2026-08-16,91324P102
TRD000437,BUY,2600,341.24,USD,2026-08-08,68389X105
TRD000438,BUY,1600,23.28,USD,2026-08-15,023135106
TRD000439,BUY,1800,477.94,USD,2026-08-12,92826C839
TRD000440,SELL,100,145.55,USD,2026-08-14,023135106
TRD000441,BUY,800,243.39,USD,2026-08-08,46625H100
TRD000442,SELL,4600,389.52,USD,2026-08-06,30303M102
TRD000443,BUY,1500,125.18,USD,2026-08-07,478160104
TRD000444,BUY,4800,494.64,USD,2026-08-14,46625H100
TRD000445,SELL,3100,383.53,USD,2026-08-09,023135106
TRD000446,SELL,3900,439.1,USD,2026-08-05,91324P102
TRD000447,BUY,4600,193.66,USD,2026-08-21,594918104
TRD000448,BUY,3600,453.39,USD,2026-08-09,92826C839
TRD000449,SELL,1100,177.5,USD,2026-08-19,478160104
TRD000450,BUY,1400,364.12,USD,2026-08-18,594918104
TRD000451,SELL,2900,408.17,USD,2026-08-17,68389X105
TRD000452,SELL,3000,290.68,USD,2026-08-20,478160104
TRD000453,SELL,2000,367.17,USD,2026-08-15,30303M102
TRD000454,SELL,4800,124.59,USD,2026-08-05,037833100
TRD000455,BUY,4500,50.6,USD,2026-08-04,594918104
TRD000456,SELL,3100,35.23,USD,2026-08-16,68389X105
TRD000457,SELL,5000,327.93,USD,2026-08-16,88160R101
TRD000458,SELL,2500,235.3,USD,2026-08-15,46625H100
TRD000459,BUY,4300,439.79,USD,2026-08-07,88160R101
TRD000460,BUY,3500,208.67,USD,2026-08-07,023135106
TRD000461,SELL,4900,30.91,USD,2026-08-12,478160104
TRD000462,SELL,3500,223.58,USD,2026-08-15,023135106
TRD000463,BUY,2300,94.46,USD,2026-08-09,594918104
TRD000464,BUY,4300,221.24,USD,2026-08-03,023135106
TRD000465,BUY,700,305.09,USD,2026-08-17,92826C839
TRD000466,SELL,400,137.47,USD,2026-08-04,46625H100
TRD000467,BUY,3500,124.29,USD,2026-08-04,68389X105
TRD000468,SELL,1900,132.4,USD,2026-08-21,88160R101
TRD000469,SELL,5000,342.82,USD,2026-08-13,023135106
TRD000470,BUY,1000,493.13,USD,2026-08-19,023135106
TRD000471,BUY,1800,49.26,USD,2026-08-21,68389X105
TRD000472,SELL,2800,286.81,USD,2026-08-04,88160R101
TRD000473,SELL,4300,202.95,USD,2026-08-19,88160R101
TRD000474,SELL,2700,91.62,USD,2026-08-15,68389X105
TRD000475,SELL,3100,135.66,USD,2026-08-10,30303M102
TRD000476,SELL,1000,406.77,USD,2026-08-04,91324P102
TRD000477,BUY,2700,287.5,USD,2026-08-07,46625H100
TRD000478,BUY,1400,178.53,USD,2026-08-05,478160104
TRD000479,SELL,600,277.11,USD,2026-08-09,037833100
TRD000480,BUY,4400,310.39,USD,2026-08-04,594918104
TRD000481,BUY,4900,302.04,USD,2026-08-20,023135106
TRD000482,BUY,2200,165.53,USD,2026-08-03,023135106
TRD000483,SELL,4800,76.31,USD,2026-08-18,023135106
TRD000484,SELL,4600,118.17,USD,2026-08-10,91324P102
TRD000485,BUY,1900,202.72,USD,2026-08-20,88160R101
TRD000486,BUY,2400,266.15,USD,2026-08-18,478160104
TRD000487,BUY,4700,245.36,USD,2026-08-13,023135106
TRD000488,BUY,2700,41.94,USD,2026-08-10,68389X105
TRD000489,BUY,3600,468.68,USD,2026-08-21,46625H100
TRD000490,BUY,1300,178.34,USD,2026-08-15,92826C839
TRD000491,SELL,3200,284.31,USD,2026-08-13,30303M102
TRD000492,SELL,3200,483.92,USD,2026-08-18,478160104
TRD000493,BUY,2300,101.25,USD,2026-08-20,478160104
TRD000494,BUY,3500,495.36,USD,2026-08-04,91324P102
TRD000495,BUY,500,473.69,USD,2026-08-04,037833100
TRD000496,BUY,4100,131.09,USD,2026-08-07,037833100
TRD000497,BUY,3000,199.14,USD,2026-08-22,92826C839
TRD000498,SELL,4300,254.17,USD,2026-08-03,91324P102
TRD000499,SELL,100,28.03,USD,2026-08-11,91324P102
TRD000500,SELL,200,261.06,USD,2026-08-16,68389X105
TRD000501,BUY,700,271.7,USD,2026-08-10,023135106
TRD000502,SELL,1700,411.3,USD,2026-08-11,46625H100
TRD000503,BUY,2600,240.32,USD,2026-08-10,023135106
TRD000504,BUY,600,333.79,USD,2026-08-04,594918104
TRD000505,BUY,2500,285.3,USD,2026-08-04,037833100
TRD000506,SELL,600,259.93,USD,2026-08-16,88160R101
TRD000507,SELL,700,449.5,USD,2026-08-04,023135106
TRD000508,BUY,4500,446.03,USD,2026-08-18,30303M102
TRD000509,BUY,500,348.53,USD,2026-08-11,91324P102
TRD000510,SELL,300,106.09,USD,2026-08-13,037833100
TRD000511,SELL,3800,89.21,USD,2026-08-15,594918104
TRD000512,BUY,3700,135.43,USD,2026-08-15,91324P102
TRD000513,BUY,4900,375.08,USD,2026-08-05,91324P102
TRD000514,SELL,2300,45.77,USD,2026-08-16,023135106
TRD000515,SELL,2200,310.48,USD,2026-08-22,92826C839
TRD000516,BUY,5000,176.66,USD,2026-08-11,478160104
TRD000517,BUY,2300,285.46,USD,2026-08-15,46625H100
TRD000518,BUY,3800,337.12,USD,2026-08-05,92826C839
TRD000519,BUY,1600,362.29,USD,2026-08-05,30303M102
TRD000520,BUY,4600,396.27,USD,2026-08-07,46625H100
TRD000521,BUY,700,63.93,USD,2026-08-12,478160104
TRD000522,BUY,1800,69.07,USD,2026-08-05,68389X105
TRD000523,BUY,3600,286.28,USD,2026-08-16,594918104
TRD000524,BUY,2300,286.03,USD,2026-08-22,92826C839
TRD000525,SELL,2500,25.92,USD,2026-08-16,46625H100
TRD000526,SELL,4700,452.55,USD,2026-08-10,92826C839
TRD000527,SELL,4400,202.75,USD,2026-08-07,30303M102
TRD000528,BUY,3200,90.05,USD,2026-08-08,46625H100
TRD000529,BUY,2000,252.43,USD,2026-08-05,88160R101
TRD000530,BUY,1600,366.03,USD,2026-08-18,92826C839
TRD000531,SELL,3000,71.35,USD,2026-08-12,037833100
TRD000532,SELL,2200,423.97,USD,2026-08-15,88160R101
TRD000533,BUY,2800,411.43,USD,2026-08-22,68389X105
TRD000534,BUY,3900,474.69,USD,2026-08-09,478160104
TRD000535,BUY,2600,484.99,USD,2026-08-12,478160104
TRD000536,SELL,1600,176.43,USD,2026-08-11,46625H100
TRD000537,BUY,3700,115.9,USD,2026-08-20,68389X105
TRD000538,SELL,3600,32.92,USD,2026-08-17,023135106
TRD000539,BUY,1900,419.02,USD,2026-08-05,46625H100
TRD000540,SELL,900,324.0,USD,2026-08-10,30303M102
TRD000541,SELL,4600,223.1,USD,2026-08-15,594918104
TRD000542,BUY,3900,250.03,USD,2026-08-15,91324P102
TRD000543,SELL,4500,220.78,USD,2026-08-04,88160R101
TRD000544,SELL,3500,305.03,USD,2026-08-05,594918104
TRD000545,SELL,4300,339.05,USD,2026-08-08,92826C839
TRD000546,BUY,4200,345.19,USD,2026-08-15,88160R101
TRD000547,SELL,2800,70.85,USD,2026-08-06,30303M102
TRD000548,BUY,4800,269.02,USD,2026-08-21,92826C839
TRD000549,BUY,2400,207.74,USD,2026-08-21,91324P102
TRD000550,BUY,200,251.73,USD,2026-08-12,46625H100
TRD000551,SELL,600,75.71,USD,2026-08-07,88160R101
TRD000552,BUY,3000,396.45,USD,2026-08-19,478160104
TRD000553,BUY,700,230.32,USD,2026-08-17,88160R101
TRD000554,BUY,300,408.89,USD,2026-08-06,037833100
TRD000555,SELL,4200,72.49,USD,2026-08-08,023135106
TRD000556,SELL,3600,96.87,USD,2026-08-20,46625H100
TRD000557,SELL,1500,402.92,USD,2026-08-08,68389X105
TRD000558,SELL,2800,209.88,USD,2026-08-22,023135106
TRD000559,BUY,2800,206.64,USD,2026-08-09,023135106
TRD000560,BUY,4600,408.19,USD,2026-08-05,92826C839
TRD000561,BUY,3500,109.74,USD,2026-08-13,023135106
TRD000562,BUY,1700,341.94,USD,2026-08-18,91324P102
TRD000563,SELL,2100,306.55,USD,2026-08-22,46625H100
TRD000564,SELL,2300,188.95,USD,2026-08-17,92826C839
TRD000565,BUY,4400,358.87,USD,2026-08-12,92826C839
TRD000566,SELL,4400,84.29,USD,2026-08-06,023135106
TRD000567,BUY,1200,199.19,USD,2026-08-07,91324P102
TRD000568,BUY,3900,86.18,USD,2026-08-15,46625H100
TRD000569,BUY,4100,277.94,USD,2026-08-08,91324P102
TRD000570,BUY,1900,87.34,USD,2026-08-13,478160104
TRD000571,SELL,2300,476.88,USD,2026-08-18,68389X105
TRD000572,BUY,2500,482.64,USD,2026-08-19,478160104
TRD000573,BUY,3200,219.5,USD,2026-08-17,478160104
TRD000574,BUY,3700,34.81,USD,2026-08-10,30303M102
TRD000575,BUY,1500,278.05,USD,2026-08-08,478160104
TRD000576,SELL,5000,387.64,USD,2026-08-20,91324P102
TRD000577,BUY,800,148.59,USD,2026-08-20,88160R101
TRD000578,SELL,4900,39.97,USD,2026-08-17,91324P102
TRD000579,BUY,2800,69.16,USD,2026-08-10,30303M102
TRD000580,SELL,300,235.87,USD,2026-08-14,594918104
TRD000581,BUY,800,392.3,USD,2026-08-10,023135106
TRD000582,SELL,3800,350.78,USD,2026-08-22,46625H100
TRD000583,BUY,900,396.73,USD,2026-08-09,037833100
TRD000584,SELL,3500,154.92,USD,2026-08-20,68389X105
TRD000585,BUY,4600,160.46,USD,2026-08-21,30303M102
TRD000586,SELL,3300,493.03,USD,2026-08-06,68389X105
TRD000587,SELL,2700,461.01,USD,2026-08-11,68389X105
TRD000588,SELL,900,139.85,USD,2026-08-13,023135106
TRD000589,SELL,4400,208.5,USD,2026-08-07,92826C839
TRD000590,SELL,4100,218.83,USD,2026-08-17,594918104
TRD000591,SELL,5000,64.69,USD,2026-08-19,30303M102
TRD000592,SELL,2400,238.25,USD,2026-08-18,88160R101
TRD000593,SELL,5000,426.64,USD,2026-08-05,478160104
TRD000594,SELL,4500,191.95,USD,2026-08-05,91324P102
TRD000595,BUY,2800,415.93,USD,2026-08-18,30303M102
TRD000596,BUY,1900,182.12,USD,2026-08-21,68389X105
TRD000597,SELL,3200,398.39,USD,2026-08-04,037833100
TRD000598,BUY,3000,27.82,USD,2026-08-08,478160104
TRD000599,BUY,2800,117.11,USD,2026-08-07,30303M102
TRD000600,BUY,1800,64.8,USD,2026-08-14,30303M102
TRD000601,BUY,4300,453.82,USD,2026-08-08,037833100
TRD000602,BUY,2000,368.47,USD,2026-08-10,46625H100
TRD000603,SELL,4600,65.69,USD,2026-08-09,478160104
TRD000604,BUY,3800,128.57,USD,2026-08-17,037833100
TRD000605,BUY,2200,412.21,USD,2026-08-16,68389X105
TRD000606,BUY,1500,203.87,USD,2026-08-06,594918104
TRD000607,BUY,2000,85.82,USD,2026-08-07,68389X105
TRD000608,BUY,3700,24.07,USD,2026-08-08,478160104
TRD000609,BUY,1400,321.48,USD,2026-08-07,46625H100
TRD000610,SELL,2900,432.78,USD,2026-08-05,594918104
TRD000611,BUY,800,303.0,USD,2026-08-15,88160R101
TRD000612,SELL,2100,399.72,USD,2026-08-10,30303M102
TRD000613,SELL,1600,285.63,USD,2026-08-22,92826C839
TRD000614,BUY,4500,32.88,USD,2026-08-12,023135106
TRD000615,SELL,3300,110.55,USD,2026-08-15,30303M102
TRD000616,SELL,1600,257.55,USD,2026-08-06,023135106
TRD000617,BUY,3900,54.09,USD,2026-08-03,88160R101
TRD000618,SELL,900,205.68,USD,2026-08-21,46625H100
TRD000619,BUY,4400,102.93,USD,2026-08-18,594918104
TRD000620,BUY,500,26.62,USD,2026-08-09,037833100
TRD000621,SELL,2600,263.17,USD,2026-08-19,46625H100
TRD000622,BUY,2600,59.57,USD,2026-08-20,91324P102
TRD000623,SELL,1800,60.13,USD,2026-08-05,91324P102
TRD000624,SELL,1000,277.47,USD,2026-08-15,92826C839
TRD000625,SELL,4200,346.91,USD,2026-08-05,30303M102
TRD000626,SELL,4700,477.65,USD,2026-08-10,037833100
TRD000627,BUY,2800,75.67,USD,2026-08-22,92826C839
TRD000628,BUY,4300,376.01,USD,2026-08-08,594918104
TRD000629,BUY,900,356.72,USD,2026-08-08,478160104
TRD000630,SELL,3400,268.27,USD,2026-08-11,68389X105
TRD000631,BUY,4800,394.94,USD,2026-08-11,594918104
TRD000632,SELL,200,180.81,USD,2026-08-16,30303M102
TRD000633,SELL,1700,361.92,USD,2026-08-21,594918104
TRD000634,BUY,3300,192.86,USD,2026-08-18,92826C839
TRD000635,BUY,1100,142.46,USD,2026-08-06,92826C839
TRD000636,SELL,800,129.63,USD,2026-08-19,037833100
TRD000637,BUY,100,137.38,USD,2026-08-18,88160R101
TRD000638,BUY,1000,105.9,USD,2026-08-04,91324P102
TRD000639,SELL,4600,375.52,USD,2026-08-16,023135106
TRD000640,BUY,2700,459.61,USD,2026-08-13,30303M102
TRD000641,SELL,3700,198.95,USD,2026-08-19,037833100
TRD000642,BUY,3400,491.08,USD,2026-08-15,594918104
TRD000643,SELL,1900,391.29,USD,2026-08-12,88160R101
TRD000644,BUY,3000,23.83,USD,2026-08-09,30303M102
TRD000645,SELL,2000,375.0,USD,2026-08-10,478160104
TRD000646,BUY,3200,498.94,USD,2026-08-09,91324P102
TRD000647,SELL,1600,92.27,USD,2026-08-16,037833100
TRD000648,BUY,2300,325.25,USD,2026-08-03,88160R101
TRD000649,BUY,4300,200.61,USD,2026-08-12,594918104
TRD000650,BUY,1600,221.51,USD,2026-08-04,68389X105
TRD000651,SELL,600,41.07,USD,2026-08-10,91324P102
TRD000652,BUY,2400,240.06,USD,2026-08-05,92826C839
TRD000653,BUY,900,325.86,USD,2026-08-15,594918104
TRD000654,SELL,400,228.79,USD,2026-08-07,023135106
TRD000655,BUY,2100,464.5,USD,2026-08-15,88160R101
TRD000656,BUY,1800,132.13,USD,2026-08-09,68389X105
TRD000657,SELL,3800,72.31,USD,2026-08-06,68389X105
TRD000658,BUY,2100,215.13,USD,2026-08-20,88160R101
TRD000659,SELL,1400,236.92,USD,2026-08-17,30303M102
TRD000660,SELL,600,95.66,USD,2026-08-12,92826C839
TRD000661,BUY,2100,91.2,USD,2026-08-10,88160R101
TRD000662,BUY,400,345.05,USD,2026-08-11,68389X105
TRD000663,BUY,2600,430.21,USD,2026-08-20,91324P102
TRD000664,BUY,3000,68.92,USD,2026-08-07,594918104
TRD000665,BUY,5000,491.63,USD,2026-08-07,023135106
TRD000666,SELL,2400,349.42,USD,2026-08-05,92826C839
TRD000667,SELL,500,30.46,USD,2026-08-05,023135106
TRD000668,SELL,2900,408.46,USD,2026-08-05,88160R101
TRD000669,BUY,3000,44.31,USD,2026-08-21,46625H100
TRD000670,SELL,2600,258.14,USD,2026-08-15,46625H100
TRD000671,BUY,1400,455.99,USD,2026-08-11,30303M102
TRD000672,BUY,1000,36.63,USD,2026-08-22,92826C839
TRD000673,BUY,1900,259.47,USD,2026-08-20,478160104
TRD000674,BUY,1800,203.85,USD,2026-08-16,023135106
TRD000675,SELL,3400,139.59,USD,2026-08-20,037833100
TRD000676,SELL,4600,192.37,USD,2026-08-20,478160104
TRD000677,BUY,3700,261.15,USD,2026-08-15,30303M102
TRD000678,BUY,2100,306.62,USD,2026-08-03,30303M102
TRD000679,BUY,3100,274.13,USD,2026-08-21,023135106
TRD000680,SELL,700,138.97,USD,2026-08-10,30303M102
TRD000681,SELL,4800,46.84,USD,2026-08-10,92826C839
TRD000682,SELL,2500,190.31,USD,2026-08-08,68389X105
TRD000683,BUY,2100,406.98,USD,2026-08-14,92826C839
TRD000684,BUY,4500,188.81,USD,2026-08-21,92826C839
TRD000685,BUY,1300,421.61,USD,2026-08-18,91324P102
TRD000686,BUY,3200,38.22,USD,2026-08-04,023135106
TRD000687,SELL,200,272.7,USD,2026-08-03,88160R101
TRD000688,SELL,1300,407.09,USD,2026-08-13,68389X105
TRD000689,SELL,2100,48.59,USD,2026-08-07,92826C839
TRD000690,SELL,1000,391.7,USD,2026-08-19,88160R101
TRD000691,SELL,2400,358.18,USD,2026-08-15,92826C839
TRD000692,BUY,2000,174.85,USD,2026-08-08,46625H100
TRD000693,SELL,3200,331.61,USD,2026-08-08,91324P102
TRD000694,SELL,4000,397.76,USD,2026-08-10,92826C839
TRD000695,SELL,2500,167.28,USD,2026-08-12,68389X105
TRD000696,BUY,100,475.42,USD,2026-08-21,46625H100
TRD000697,SELL,5000,483.29,USD,2026-08-04,68389X105
TRD000698,SELL,4000,126.03,USD,2026-08-21,594918104
TRD000699,SELL,1000,178.96,USD,2026-08-05,023135106
TRD000700,BUY,2100,100.59,USD,2026-08-05,88160R101
TRD000701,BUY,1700,120.65,USD,2026-08-05,88160R101
TRD000702,BUY,700,365.8,USD,2026-08-04,46625H100
TRD000703,BUY,2700,485.17,USD,2026-08-16,478160104
TRD000704,SELL,2300,282.09,USD,2026-08-06,478160104
TRD000705,SELL,3700,332.47,USD,2026-08-10,68389X105
TRD000706,BUY,300,161.56,USD,2026-08-13,30303M102
TRD000707,SELL,500,184.07,USD,2026-08-15,68389X105
TRD000708,SELL,3600,472.08,USD,2026-08-05,88160R101
TRD000709,SELL,4000,448.75,USD,2026-08-03,46625H100
TRD000710,SELL,1100,311.51,USD,2026-08-16,68389X105
TRD000711,BUY,2200,118.66,USD,2026-08-09,46625H100
TRD000712,SELL,4700,464.28,USD,2026-08-20,30303M102
TRD000713,SELL,2000,134.02,USD,2026-08-04,46625H100
TRD000714,SELL,3200,93.72,USD,2026-08-14,037833100
TRD000715,BUY,1900,415.47,USD,2026-08-22,478160104
TRD000716,BUY,200,119.34,USD,2026-08-12,594918104
TRD000717,BUY,800,168.01,USD,2026-08-15,478160104
TRD000718,BUY,4300,147.2,USD,2026-08-20,46625H100
TRD000719,BUY,2500,197.31,USD,2026-08-17,037833100
TRD000720,BUY,3000,146.43,USD,2026-08-11,92826C839
TRD000721,BUY,4900,354.31,USD,2026-08-06,594918104
TRD000722,SELL,3500,218.71,USD,2026-08-21,023135106
TRD000723,SELL,2500,412.83,USD,2026-08-16,91324P102
TRD000724,SELL,3100,294.9,USD,2026-08-10,478160104
TRD000725,BUY,2600,453.33,USD,2026-08-04,91324P102
TRD000726,SELL,3400,404.22,USD,2026-08-22,68389X105
TRD000727,BUY,4900,235.54,USD,2026-08-08,023135106
TRD000728,SELL,900,40.48,USD,2026-08-05,46625H100
TRD000729,BUY,4100,90.98,USD,2026-08-22,30303M102
TRD000730,BUY,4700,458.8,USD,2026-08-05,594918104
TRD000731,BUY,2600,284.99,USD,2026-08-11,91324P102
TRD000732,BUY,100,397.54,USD,2026-08-22,92826C839
TRD000733,SELL,2700,74.01,USD,2026-08-07,68389X105
TRD000734,SELL,3800,384.02,USD,2026-08-06,594918104
TRD000735,SELL,700,397.16,USD,2026-08-20,88160R101
TRD000736,SELL,1700,203.86,USD,2026-08-18,92826C839
TRD000737,SELL,300,102.66,USD,2026-08-15,68389X105
TRD000738,SELL,4400,352.96,USD,2026-08-04,46625H100
TRD000739,SELL,2200,351.45,USD,2026-08-04,478160104
TRD000740,SELL,2400,29.71,USD,2026-08-12,30303M102
TRD000741,BUY,3200,431.95,USD,2026-08-06,023135106
TRD000742,BUY,4800,232.69,USD,2026-08-13,30303M102
TRD000743,SELL,3900,329.87,USD,2026-08-09,478160104
TRD000744,BUY,2700,375.65,USD,2026-08-19,88160R101
TRD000745,SELL,3300,399.92,USD,2026-08-05,30303M102
TRD000746,SELL,2600,85.11,USD,2026-08-19,92826C839
TRD000747,BUY,1300,440.09,USD,2026-08-09,037833100
TRD000748,BUY,3000,44.27,USD,2026-08-14,023135106
TRD000749,BUY,3000,262.46,USD,2026-08-06,037833100
TRD000750,BUY,3200,305.14,USD,2026-08-08,478160104
TRD000751,SELL,2300,185.24,USD,2026-08-11,594918104
TRD000752,BUY,2500,43.83,USD,2026-08-21,023135106
TRD000753,SELL,4200,128.05,USD,2026-08-09,30303M102
TRD000754,SELL,3300,29.63,USD,2026-08-03,478160104
TRD000755,SELL,4200,103.14,USD,2026-08-03,023135106
TRD000756,BUY,2000,362.12,USD,2026-08-11,46625H100
TRD000757,SELL,2300,240.32,USD,2026-08-09,478160104
TRD000758,BUY,3400,415.67,USD,2026-08-15,92826C839
TRD000759,BUY,3300,499.73,USD,2026-08-14,91324P102
TRD000760,SELL,3900,155.68,USD,2026-08-06,478160104
TRD000761,BUY,1800,327.49,USD,2026-08-11,30303M102
TRD000762,SELL,4200,163.42,USD,2026-08-07,91324P102
TRD000763,SELL,400,406.61,USD,2026-08-22,46625H100
TRD000764,SELL,4400,87.17,USD,2026-08-03,478160104
TRD000765,SELL,1700,455.32,USD,2026-08-15,46625H100
TRD000766,SELL,3800,359.87,USD,2026-08-21,023135106
TRD000767,BUY,4600,126.73,USD,2026-08-20,478160104
TRD000768,SELL,4300,192.08,USD,2026-08-12,68389X105
TRD000769,SELL,3600,106.95,USD,2026-08-06,478160104
TRD000770,BUY,1700,368.09,USD,2026-08-20,68389X105
TRD000771,SELL,2200,334.13,USD,2026-08-10,88160R101
TRD000772,BUY,2000,221.83,USD,2026-08-13,88160R101
TRD000773,BUY,1900,242.61,USD,2026-08-06,478160104
TRD000774,BUY,4100,300.12,USD,2026-08-22,594918104
TRD000775,BUY,1300,260.23,USD,2026-08-15,91324P102
TRD000776,BUY,400,438.01,USD,2026-08-07,68389X105
TRD000777,SELL,2200,216.41,USD,2026-08-21,478160104
TRD000778,BUY,4600,106.57,USD,2026-08-05,478160104
TRD000779,BUY,1200,170.44,USD,2026-08-04,037833100
TRD000780,BUY,1400,385.37,USD,2026-08-08,92826C839
TRD000781,SELL,3200,396.9,USD,2026-08-05,68389X105
TRD000782,SELL,4100,226.12,USD,2026-08-16,478160104
TRD000783,BUY,300,276.22,USD,2026-08-14,037833100
TRD000784,SELL,4900,419.95,USD,2026-08-09,037833100
TRD000785,SELL,4100,372.13,USD,2026-08-10,88160R101
TRD000786,BUY,700,204.1,USD,2026-08-21,30303M102
TRD000787,BUY,300,163.14,USD,2026-08-12,478160104
TRD000788,SELL,3900,271.58,USD,2026-08-16,68389X105
TRD000789,BUY,3200,192.44,USD,2026-08-09,68389X105
TRD000790,SELL,2600,29.18,USD,2026-08-10,68389X105
TRD000791,BUY,200,303.05,USD,2026-08-08,594918104
TRD000792,BUY,4200,400.22,USD,2026-08-15,30303M102
TRD000793,SELL,4000,43.32,USD,2026-08-04,594918104
TRD000794,SELL,200,43.15,USD,2026-08-06,46625H100
TRD000795,BUY,800,282.7,USD,2026-08-18,68389X105
TRD000796,BUY,4400,322.55,USD,2026-08-12,46625H100
TRD000797,SELL,4300,269.75,USD,2026-08-22,92826C839
TRD000798,SELL,2700,418.71,USD,2026-08-06,91324P102
TRD000799,SELL,800,155.7,USD,2026-08-06,478160104
TRD000800,BUY,1300,393.42,USD,2026-08-19,023135106
TRD000801,BUY,2700,161.77,USD,2026-08-04,91324P102
TRD000802,BUY,1400,350.34,USD,2026-08-18,88160R101
TRD000803,BUY,100,342.38,USD,2026-08-06,92826C839
TRD000804,SELL,1000,475.73,USD,2026-08-19,594918104
TRD000805,SELL,700,454.29,USD,2026-08-10,478160104
TRD000806,SELL,1900,146.78,USD,2026-08-04,594918104
TRD000807,SELL,300,429.08,USD,2026-08-14,88160R101
TRD000808,BUY,800,65.6,USD,2026-08-04,037833100
TRD000809,SELL,4300,330.66,USD,2026-08-13,88160R101
TRD000810,SELL,4000,148.79,USD,2026-08-05,88160R101
TRD000811,SELL,1200,74.64,USD,2026-08-15,478160104
TRD000812,BUY,2500,351.15,USD,2026-08-18,46625H100
TRD000813,SELL,1100,74.27,USD,2026-08-04,68389X105
TRD000814,BUY,3800,251.68,USD,2026-08-21,478160104
TRD000815,BUY,2500,394.0,USD,2026-08-22,037833100
TRD000816,SELL,4700,487.25,USD,2026-08-07,478160104
TRD000817,SELL,800,446.05,USD,2026-08-17,037833100
TRD000818,BUY,4200,170.83,USD,2026-08-19,92826C839
TRD000819,SELL,1500,489.39,USD,2026-08-13,91324P102
TRD000820,SELL,4500,316.75,USD,2026-08-16,023135106
TRD000821,BUY,4300,344.62,USD,2026-08-15,68389X105
TRD000822,SELL,3600,448.19,USD,2026-08-22,037833100
TRD000823,BUY,1100,262.67,USD,2026-08-18,478160104
TRD000824,SELL,500,380.69,USD,2026-08-13,023135106
TRD000825,BUY,1800,44.17,USD,2026-08-10,91324P102
TRD000826,SELL,2600,412.21,USD,2026-08-05,478160104
TRD000827,BUY,3700,235.09,USD,2026-08-18,478160104
TRD000828,BUY,3200,377.71,USD,2026-08-03,594918104
TRD000829,BUY,300,287.42,USD,2026-08-03,594918104
TRD000830,SELL,4000,326.02,USD,2026-08-19,91324P102
TRD000831,BUY,4300,238.98,USD,2026-08-13,88160R101
TRD000832,SELL,1500,425.27,USD,2026-08-13,91324P102
TRD000833,SELL,3900,247.1,USD,2026-08-14,478160104
TRD000834,BUY,4900,336.28,USD,2026-08-03,88160R101
TRD000835,BUY,4100,482.93,USD,2026-08-12,91324P102
TRD000836,SELL,4500,71.03,USD,2026-08-08,478160104
TRD000837,BUY,4600,376.41,USD,2026-08-16,594918104
TRD000838,BUY,1300,110.02,USD,2026-08-15,023135106
TRD000839,BUY,1300,364.06,USD,2026-08-06,46625H100
TRD000840,BUY,4100,421.98,USD,2026-08-21,594918104
TRD000841,SELL,2900,239.55,USD,2026-08-21,91324P102
TRD000842,BUY,3200,22.08,USD,2026-08-04,91324P102
TRD000843,SELL,3800,251.81,USD,2026-08-19,68389X105
TRD000844,SELL,1200,370.64,USD,2026-08-07,594918104
TRD000845,BUY,3900,310.96,USD,2026-08-13,91324P102
TRD000846,SELL,2700,490.16,USD,2026-08-10,30303M102
TRD000847,BUY,2200,485.84,USD,2026-08-17,68389X105
TRD000848,BUY,3900,356.01,USD,2026-08-19,30303M102
TRD000849,SELL,3600,433.14,USD,2026-08-20,023135106
TRD000850,BUY,4000,362.9,USD,2026-08-14,68389X105
TRD000851,SELL,4200,488.09,USD,2026-08-08,91324P102
TRD000852,SELL,4100,174.74,USD,2026-08-06,88160R101
TRD000853,SELL,3800,293.91,USD,2026-08-16,91324P102
TRD000854,BUY,2800,407.99,USD,2026-08-19,594918104
TRD000855,BUY,1000,45.47,USD,2026-08-04,023135106
TRD000856,BUY,1100,492.1,USD,2026-08-11,68389X105
TRD000857,SELL,4500,396.49,USD,2026-08-09,91324P102
TRD000858,BUY,2900,69.19,USD,2026-08-20,023135106
TRD000859,SELL,3600,206.67,USD,2026-08-19,30303M102
TRD000860,SELL,400,464.71,USD,2026-08-15,46625H100
TRD000861,SELL,4400,170.07,USD,2026-08-20,037833100
TRD000862,BUY,1700,117.48,USD,2026-08-17,023135106
TRD000863,SELL,4600,360.58,USD,2026-08-14,92826C839
TRD000864,SELL,3900,114.31,USD,2026-08-09,30303M102
TRD000865,BUY,4400,55.75,USD,2026-08-08,91324P102
TRD000866,BUY,300,225.68,USD,2026-08-20,30303M102
TRD000867,BUY,3800,426.09,USD,2026-08-03,88160R101
TRD000868,BUY,1000,39.17,USD,2026-08-13,92826C839
TRD000869,BUY,4100,315.49,USD,2026-08-12,478160104
TRD000870,SELL,3600,191.88,USD,2026-08-13,91324P102
TRD000871,BUY,1200,269.89,USD,2026-08-19,68389X105
TRD000872,BUY,3500,213.64,USD,2026-08-14,023135106
TRD000873,SELL,4300,179.3,USD,2026-08-14,30303M102
TRD000874,BUY,4900,316.77,USD,2026-08-18,91324P102
TRD000875,SELL,4200,24.23,USD,2026-08-14,478160104
TRD000876,BUY,4200,314.58,USD,2026-08-22,023135106
TRD000877,SELL,4400,445.12,USD,2026-08-15,594918104
TRD000878,BUY,3500,367.51,USD,2026-08-03,91324P102
TRD000879,SELL,2400,266.87,USD,2026-08-19,478160104
TRD000880,BUY,1900,451.18,USD,2026-08-09,88160R101
TRD000881,SELL,700,100.35,USD,2026-08-20,91324P102
TRD000882,BUY,500,121.18,USD,2026-08-09,46625H100
TRD000883,SELL,1400,278.12,USD,2026-08-16,594918104
TRD000884,SELL,1000,31.4,USD,2026-08-13,037833100
TRD000885,BUY,400,105.44,USD,2026-08-11,91324P102
TRD000886,BUY,1500,457.27,USD,2026-08-16,46625H100
TRD000887,BUY,2600,227.85,USD,2026-08-03,46625H100
TRD000888,SELL,3500,22.83,USD,2026-08-22,594918104
TRD000889,SELL,3800,41.85,USD,2026-08-05,88160R101
TRD000890,SELL,700,159.12,USD,2026-08-12,92826C839
TRD000891,BUY,4900,464.81,USD,2026-08-15,46625H100
TRD000892,SELL,200,247.51,USD,2026-08-20,023135106
TRD000893,BUY,2600,402.45,USD,2026-08-20,30303M102
TRD000894,SELL,1000,163.07,USD,2026-08-14,037833100
TRD000895,SELL,3600,87.86,USD,2026-08-04,037833100
TRD000896,SELL,2600,277.83,USD,2026-08-05,30303M102
TRD000897,BUY,4800,453.7,USD,2026-08-14,023135106
TRD000898,BUY,4200,428.7,USD,2026-08-07,68389X105
TRD000899,BUY,4000,420.68,USD,2026-08-09,594918104
TRD000900,BUY,3700,429.08,USD,2026-08-20,478160104
TRD000901,SELL,500,159.51,USD,2026-08-05,30303M102
TRD000902,BUY,4700,298.69,USD,2026-08-13,88160R101
TRD000903,BUY,4200,132.58,USD,2026-08-12,92826C839
TRD000904,BUY,1300,172.54,USD,2026-08-17,88160R101
TRD000905,SELL,2000,352.86,USD,2026-08-07,92826C839
TRD000906,SELL,2100,480.16,USD,2026-08-08,037833100
TRD000907,BUY,1500,361.86,USD,2026-08-16,30303M102
TRD000908,SELL,900,346.2,USD,2026-08-13,478160104
TRD000909,BUY,2300,391.89,USD,2026-08-18,91324P102
TRD000910,BUY,4200,311.18,USD,2026-08-11,68389X105
TRD000911,SELL,1300,146.35,USD,2026-08-05,594918104
TRD000912,SELL,3300,323.18,USD,2026-08-21,92826C839
TRD000913,BUY,3800,122.13,USD,2026-08-04,91324P102
TRD000914,BUY,3500,246.61,USD,2026-08-07,88160R101
TRD000915,BUY,5000,303.01,USD,2026-08-12,68389X105
TRD000916,BUY,3300,63.47,USD,2026-08-14,91324P102
TRD000917,BUY,1600,427.03,USD,2026-08-22,68389X105
TRD000918,SELL,900,234.19,USD,2026-08-08,92826C839
TRD000919,SELL,4300,438.65,USD,2026-08-07,478160104
TRD000920,SELL,300,125.03,USD,2026-08-18,023135106
TRD000921,BUY,2400,132.33,USD,2026-08-09,91324P102
TRD000922,SELL,2400,206.28,USD,2026-08-17,037833100
TRD000923,BUY,4200,175.55,USD,2026-08-19,30303M102
TRD000924,SELL,1700,297.74,USD,2026-08-21,68389X105
TRD000925,BUY,2500,195.34,USD,2026-08-05,91324P102
TRD000926,BUY,1500,267.86,USD,2026-08-14,88160R101
TRD000927,BUY,3100,445.84,USD,2026-08-03,91324P102
TRD000928,SELL,2900,99.49,USD,2026-08-05,91324P102
TRD000929,SELL,1400,92.12,USD,2026-08-08,88160R101
TRD000930,SELL,800,337.33,USD,2026-08-16,88160R101
TRD000931,SELL,3100,344.11,USD,2026-08-18,023135106
TRD000932,SELL,4200,420.02,USD,2026-08-03,023135106
TRD000933,BUY,3700,304.33,USD,2026-08-07,91324P102
TRD000934,BUY,3700,90.5,USD,2026-08-08,30303M102
TRD000935,SELL,3400,479.95,USD,2026-08-22,92826C839
TRD000936,SELL,4700,369.43,USD,2026-08-12,594918104
TRD000937,BUY,3900,496.53,USD,2026-08-18,68389X105
TRD000938,BUY,2700,308.4,USD,2026-08-21,68389X105
TRD000939,SELL,3300,146.97,USD,2026-08-13,478160104
TRD000940,SELL,500,130.31,USD,2026-08-15,68389X105
TRD000941,BUY,1300,270.9,USD,2026-08-19,46625H100
TRD000942,SELL,3900,66.22,USD,2026-08-18,92826C839
TRD000943,SELL,3500,261.6,USD,2026-08-06,594918104
TRD000944,BUY,900,452.95,USD,2026-08-20,037833100
TRD000945,SELL,5000,345.71,USD,2026-08-16,91324P102
TRD000946,BUY,300,354.87,USD,2026-08-16,023135106
TRD000947,SELL,3100,398.99,USD,2026-08-15,88160R101
TRD000948,SELL,4800,455.77,USD,2026-08-21,594918104
TRD000949,BUY,1700,249.03,USD,2026-08-10,594918104
TRD000950,BUY,3500,216.15,USD,2026-08-09,037833100
TRD000951,SELL,100,297.43,USD,2026-08-06,91324P102
TRD000952,BUY,4200,118.6,USD,2026-08-13,46625H100
TRD000953,BUY,1000,224.51,USD,2026-08-21,30303M102
TRD000954,BUY,3500,223.31,USD,2026-08-14,92826C839
TRD000955,BUY,4400,210.78,USD,2026-08-09,46625H100
TRD000956,SELL,3600,251.58,USD,2026-08-14,91324P102
TRD000957,SELL,1700,494.48,USD,2026-08-21,88160R101
TRD000958,SELL,2600,373.18,USD,2026-08-06,023135106
TRD000959,BUY,4500,475.64,USD,2026-08-06,023135106
TRD000960,SELL,2200,404.41,USD,2026-08-22,037833100
TRD000961,BUY,4100,22.54,USD,2026-08-05,68389X105
TRD000962,BUY,3900,228.98,USD,2026-08-05,30303M102
TRD000963,BUY,600,312.33,USD,2026-08-15,46625H100
TRD000964,SELL,3400,157.51,USD,2026-08-22,037833100
TRD000965,SELL,1200,327.34,USD,2026-08-17,037833100
TRD000966,BUY,4300,466.76,USD,2026-08-19,30303M102
TRD000967,BUY,3900,265.06,USD,2026-08-10,92826C839
TRD000968,BUY,300,192.68,USD,2026-08-03,68389X105
TRD000969,BUY,1800,394.24,USD,2026-08-14,46625H100
TRD000970,BUY,1300,268.52,USD,2026-08-05,594918104
TRD000971,SELL,4700,418.29,USD,2026-08-21,88160R101
TRD000972,BUY,1800,128.62,USD,2026-08-09,478160104
TRD000973,SELL,3700,22.23,USD,2026-08-08,46625H100
TRD000974,SELL,3600,54.75,USD,2026-08-12,88160R101
TRD000975,SELL,3300,479.22,USD,2026-08-20,92826C839
TRD000976,BUY,2900,483.71,USD,2026-08-21,478160104
TRD000977,SELL,4900,183.04,USD,2026-08-17,478160104
TRD000978,SELL,200,251.35,USD,2026-08-11,594918104
TRD000979,BUY,1500,344.92,USD,2026-08-10,88160R101
TRD000980,BUY,2300,267.92,USD,2026-08-03,30303M102
TRD000981,BUY,600,211.49,USD,2026-08-13,594918104
TRD000982,SELL,1200,248.75,USD,2026-08-14,023135106
TRD000983,SELL,1800,107.74,USD,2026-08-09,478160104
TRD000984,SELL,1600,373.01,USD,2026-08-11,023135106
TRD000985,BUY,1600,421.44,USD,2026-08-14,68389X105
TRD000986,SELL,800,461.69,USD,2026-08-18,92826C839
TRD000987,BUY,3500,479.84,USD,2026-08-18,88160R101
TRD000988,SELL,3200,451.1,USD,2026-08-21,30303M102
TRD000989,BUY,4900,459.68,USD,2026-08-11,46625H100
TRD000990,BUY,3700,81.56,USD,2026-08-19,46625H100
TRD000991,BUY,3500,35.63,USD,2026-08-14,46625H100
TRD000992,SELL,5000,103.9,USD,2026-08-06,91324P102
TRD000993,BUY,4500,24.04,USD,2026-08-09,46625H100
TRD000994,SELL,2100,193.57,USD,2026-08-11,68389X105
TRD000995,SELL,1600,149.32,USD,2026-08-22,88160R101
TRD000996,BUY,3200,223.49,USD,2026-08-16,88160R101
TRD000997,BUY,2600,154.22,USD,2026-08-08,92826C839
TRD000998,BUY,3700,349.29,USD,2026-08-06,30303M102
TRD000999,SELL,3600,227.47,USD,2026-08-15,023135106
TRD001000,BUY,4800,91.78,USD,2026-08-03,68389X105
TRD001001,BUY,900,497.87,USD,2026-08-19,91324P102
TRD001002,SELL,3200,164.02,USD,2026-08-20,92826C839
TRD001003,BUY,700,351.46,USD,2026-08-04,023135106
TRD001004,SELL,3100,422.71,USD,2026-08-06,478160104
TRD001005,SELL,1700,193.26,USD,2026-08-20,91324P102
TRD001006,SELL,1700,185.19,USD,2026-08-16,594918104
TRD001007,BUY,4400,482.3,USD,2026-08-09,92826C839
TRD001008,SELL,4200,278.45,USD,2026-08-12,88160R101
TRD001009,BUY,3300,254.0,USD,2026-08-17,594918104
TRD001010,BUY,1900,242.6,USD,2026-08-07,68389X105
TRD001011,SELL,2200,222.47,USD,2026-08-22,92826C839
TRD001012,BUY,500,57.97,USD,2026-08-13,023135106
TRD001013,BUY,4200,159.85,USD,2026-08-11,92826C839
TRD001014,SELL,1800,446.09,USD,2026-08-14,92826C839
TRD001015,SELL,2900,218.71,USD,2026-08-08,037833100
TRD001016,BUY,1600,337.77,USD,2026-08-05,023135106
TRD001017,BUY,700,65.87,USD,2026-08-18,91324P102
TRD001018,BUY,5000,210.57,USD,2026-08-05,594918104
TRD001019,BUY,1000,60.47,USD,2026-08-15,30303M102
TRD001020,BUY,4800,156.4,USD,2026-08-07,68389X105
TRD001021,SELL,1100,33.71,USD,2026-08-14,88160R101
TRD001022,SELL,3000,487.99,USD,2026-08-20,30303M102
TRD001023,SELL,900,485.38,USD,2026-08-20,68389X105
TRD001024,SELL,3000,322.9,USD,2026-08-21,46625H100
TRD001025,SELL,4100,276.22,USD,2026-08-14,478160104
TRD001026,SELL,600,232.09,USD,2026-08-14,46625H100
TRD001027,BUY,2000,25.07,USD,2026-08-19,68389X105
TRD001028,BUY,3100,276.85,USD,2026-08-18,478160104
TRD001029,BUY,5000,226.61,USD,2026-08-12,92826C839
TRD001030,BUY,100,283.14,USD,2026-08-09,46625H100
TRD001031,SELL,2800,209.48,USD,2026-08-08,46625H100
TRD001032,SELL,1500,146.23,USD,2026-08-16,023135106
TRD001033,SELL,4000,407.64,USD,2026-08-11,30303M102
TRD001034,SELL,3500,408.23,USD,2026-08-16,023135106
TRD001035,SELL,1200,85.58,USD,2026-08-06,478160104
TRD001036,SELL,1800,356.23,USD,2026-08-18,023135106
TRD001037,BUY,1000,43.82,USD,2026-08-20,037833100
TRD001038,BUY,700,155.41,USD,2026-08-07,478160104
TRD001039,SELL,1500,63.29,USD,2026-08-03,478160104
TRD001040,BUY,2700,169.56,USD,2026-08-18,88160R101
TRD001041,BUY,300,178.52,USD,2026-08-07,037833100
TRD001042,BUY,2600,54.26,USD,2026-08-18,68389X105
TRD001043,BUY,1700,412.28,USD,2026-08-03,594918104
TRD001044,SELL,4600,139.5,USD,2026-08-17,023135106
TRD001045,SELL,300,115.61,USD,2026-08-06,91324P102
TRD001046,SELL,1400,246.96,USD,2026-08-12,88160R101
TRD001047,BUY,4700,40.25,USD,2026-08-20,91324P102
TRD001048,BUY,3100,326.49,USD,2026-08-09,88160R101
TRD001049,SELL,4300,124.54,USD,2026-08-06,023135106
TRD001050,SELL,2100,27.23,USD,2026-08-11,92826C839
TRD001051,BUY,1600,24.29,USD,2026-08-04,92826C839
TRD001052,SELL,3100,350.44,USD,2026-08-07,88160R101
TRD001053,SELL,1600,95.7,USD,2026-08-05,92826C839
TRD001054,BUY,4900,320.06,USD,2026-08-04,88160R101
TRD001055,SELL,4500,277.45,USD,2026-08-06,68389X105
TRD001056,BUY,2100,491.2,USD,2026-08-14,478160104
TRD001057,SELL,200,350.84,USD,2026-08-14,68389X105
TRD001058,BUY,300,252.95,USD,2026-08-17,91324P102
TRD001059,BUY,4500,255.24,USD,2026-08-21,68389X105
TRD001060,SELL,2100,371.55,USD,2026-08-11,92826C839
TRD001061,SELL,3600,96.96,USD,2026-08-19,68389X105
TRD001062,BUY,1700,279.97,USD,2026-08-17,037833100
TRD001063,SELL,3300,201.94,USD,2026-08-08,037833100
TRD001064,SELL,2400,392.49,USD,2026-08-10,88160R101
TRD001065,SELL,4300,484.24,USD,2026-08-15,023135106
TRD001066,SELL,3200,387.55,USD,2026-08-07,92826C839
TRD001067,BUY,2700,327.63,USD,2026-08-06,594918104
TRD001068,SELL,500,41.01,USD,2026-08-07,68389X105
TRD001069,SELL,1300,71.39,USD,2026-08-09,594918104
TRD001070,BUY,4200,421.42,USD,2026-08-18,91324P102
TRD001071,SELL,3800,142.85,USD,2026-08-14,023135106
TRD001072,SELL,500,26.28,USD,2026-08-09,478160104
TRD001073,SELL,600,244.67,USD,2026-08-04,88160R101
TRD001074,SELL,2700,414.57,USD,2026-08-04,92826C839
TRD001075,BUY,300,372.46,USD,2026-08-12,594918104
TRD001076,SELL,3400,66.62,USD,2026-08-10,91324P102
TRD001077,BUY,1300,272.57,USD,2026-08-10,92826C839
TRD001078,SELL,1200,288.04,USD,2026-08-20,46625H100
TRD001079,SELL,5000,326.54,USD,2026-08-14,478160104
TRD001080,SELL,2800,443.76,USD,2026-08-08,68389X105
TRD001081,SELL,3300,182.01,USD,2026-08-08,91324P102
TRD001082,SELL,2900,468.09,USD,2026-08-13,91324P102
TRD001083,SELL,2100,425.53,USD,2026-08-16,46625H100
TRD001084,SELL,2100,312.04,USD,2026-08-21,91324P102
TRD001085,BUY,5000,284.11,USD,2026-08-11,88160R101
TRD001086,SELL,2900,480.72,USD,2026-08-03,037833100
TRD001087,SELL,3900,27.83,USD,2026-08-07,30303M102
TRD001088,BUY,1500,123.11,USD,2026-08-13,037833100
TRD001089,SELL,4500,414.72,USD,2026-08-20,91324P102
TRD001090,SELL,3700,94.26,USD,2026-08-04,478160104
TRD001091,BUY,900,147.19,USD,2026-08-21,023135106
TRD001092,BUY,2000,64.11,USD,2026-08-15,92826C839
TRD001093,SELL,4700,57.06,USD,2026-08-13,478160104
TRD001094,BUY,4500,357.37,USD,2026-08-06,92826C839
TRD001095,SELL,300,370.78,USD,2026-08-21,46625H100
TRD001096,BUY,400,462.5,USD,2026-08-13,88160R101
TRD001097,SELL,2800,219.93,USD,2026-08-06,023135106
TRD001098,SELL,3900,465.75,USD,2026-08-15,037833100
TRD001099,BUY,300,173.27,USD,2026-08-21,68389X105
TRD001100,BUY,4500,125.98,USD,2026-08-04,46625H100
TRD001101,SELL,4900,305.66,USD,2026-08-19,594918104
TRD001102,BUY,1900,397.46,USD,2026-08-07,68389X105
TRD001103,BUY,3100,294.29,USD,2026-08-04,91324P102
TRD001104,BUY,600,211.29,USD,2026-08-16,68389X105
TRD001105,SELL,3100,288.46,USD,2026-08-18,46625H100
TRD001106,SELL,1300,289.36,USD,2026-08-19,023135106
TRD001107,BUY,1800,392.85,USD,2026-08-13,92826C839
TRD001108,BUY,4300,218.52,USD,2026-08-14,88160R101
TRD001109,BUY,2300,305.06,USD,2026-08-03,30303M102
TRD001110,BUY,2300,315.79,USD,2026-08-17,92826C839
TRD001111,BUY,300,463.62,USD,2026-08-10,023135106
TRD001112,SELL,1000,383.71,USD,2026-08-05,594918104
TRD001113,SELL,1600,475.49,USD,2026-08-07,30303M102
TRD001114,BUY,4500,406.05,USD,2026-08-12,478160104
TRD001115,BUY,2200,120.32,USD,2026-08-20,023135106
TRD001116,BUY,3400,380.17,USD,2026-08-20,478160104
TRD001117,SELL,1000,353.63,USD,2026-08-03,46625H100
TRD001118,SELL,4300,272.86,USD,2026-08-11,68389X105
TRD001119,BUY,1300,398.81,USD,2026-08-22,30303M102
TRD001120,BUY,4200,473.68,USD,2026-08-05,46625H100
TRD001121,SELL,4300,429.0,USD,2026-08-14,594918104
TRD001122,BUY,4200,205.53,USD,2026-08-15,91324P102
TRD001123,SELL,700,453.86,USD,2026-08-18,92826C839
TRD001124,SELL,1200,115.46,USD,2026-08-17,91324P102
TRD001125,SELL,200,39.08,USD,2026-08-19,30303M102
TRD001126,BUY,2600,377.31,USD,2026-08-03,88160R101
TRD001127,SELL,2300,320.11,USD,2026-08-10,91324P102
TRD001128,BUY,400,320.38,USD,2026-08-15,037833100
TRD001129,SELL,1800,128.28,USD,2026-08-13,46625H100
TRD001130,SELL,600,370.35,USD,2026-08-19,92826C839
TRD001131,SELL,4400,129.17,USD,2026-08-10,92826C839
TRD001132,BUY,2000,456.67,USD,2026-08-13,478160104
TRD001133,SELL,1400,333.19,USD,2026-08-21,91324P102
TRD001134,SELL,1300,434.04,USD,2026-08-12,91324P102
TRD001135,SELL,2800,497.93,USD,2026-08-07,92826C839
TRD001136,SELL,2100,52.55,USD,2026-08-20,594918104
TRD001137,BUY,1000,369.0,USD,2026-08-13,46625H100
TRD001138,SELL,2000,232.64,USD,2026-08-11,68389X105
TRD001139,SELL,700,83.14,USD,2026-08-03,92826C839
TRD001140,SELL,3900,292.18,USD,2026-08-10,92826C839
TRD001141,BUY,4400,32.52,USD,2026-08-05,478160104
TRD001142,BUY,3900,245.01,USD,2026-08-14,68389X105
TRD001143,SELL,3200,247.45,USD,2026-08-08,023135106
TRD001144,BUY,2700,386.98,USD,2026-08-03,30303M102
TRD001145,SELL,1500,376.34,USD,2026-08-09,023135106
TRD001146,BUY,2900,436.22,USD,2026-08-18,88160R101
TRD001147,SELL,1600,225.23,USD,2026-08-04,92826C839
TRD001148,SELL,2500,365.7,USD,2026-08-15,92826C839
TRD001149,SELL,3700,305.03,USD,2026-08-19,037833100
TRD001150,SELL,2900,239.31,USD,2026-08-04,023135106
TRD001151,SELL,2600,492.24,USD,2026-08-04,91324P102
TRD001152,BUY,4900,322.71,USD,2026-08-04,023135106
TRD001153,BUY,2600,444.51,USD,2026-08-12,478160104
TRD001154,BUY,1900,314.3,USD,2026-08-04,91324P102
TRD001155,SELL,3000,418.35,USD,2026-08-17,594918104
TRD001156,SELL,800,106.29,USD,2026-08-21,91324P102
TRD001157,BUY,2700,175.26,USD,2026-08-03,68389X105
TRD001158,BUY,4600,449.98,USD,2026-08-17,594918104
TRD001159,BUY,4500,331.32,USD,2026-08-08,594918104
TRD001160,BUY,4600,235.71,USD,2026-08-14,594918104
TRD001161,SELL,2500,368.9,USD,2026-08-19,92826C839
TRD001162,SELL,2500,284.17,USD,2026-08-04,68389X105
TRD001163,SELL,3700,438.23,USD,2026-08-07,68389X105
TRD001164,SELL,1200,389.2,USD,2026-08-04,46625H100
TRD001165,BUY,4700,388.94,USD,2026-08-17,30303M102
TRD001166,SELL,800,451.3,USD,2026-08-09,037833100
TRD001167,SELL,1700,25.86,USD,2026-08-18,478160104
TRD001168,SELL,100,311.83,USD,2026-08-18,023135106
TRD001169,BUY,4300,248.34,USD,2026-08-16,478160104
TRD001170,BUY,3900,23.16,USD,2026-08-20,30303M102
TRD001171,SELL,3600,413.66,USD,2026-08-09,037833100
TRD001172,BUY,400,333.57,USD,2026-08-04,68389X105
TRD001173,SELL,4300,297.48,USD,2026-08-22,30303M102
TRD001174,BUY,600,43.54,USD,2026-08-16,68389X105
TRD001175,BUY,1900,313.32,USD,2026-08-22,92826C839
TRD001176,SELL,1200,483.82,USD,2026-08-21,88160R101
TRD001177,SELL,600,388.89,USD,2026-08-13,88160R101
TRD001178,SELL,500,384.05,USD,2026-08-20,594918104
TRD001179,BUY,900,78.57,USD,2026-08-11,88160R101
TRD001180,SELL,3400,120.73,USD,2026-08-09,92826C839
TRD001181,BUY,3700,370.27,USD,2026-08-19,594918104
TRD001182,BUY,4500,310.29,USD,2026-08-12,46625H100
TRD001183,SELL,2100,144.64,USD,2026-08-21,92826C839
TRD001184,BUY,900,314.86,USD,2026-08-18,91324P102
TRD001185,SELL,3200,256.4,USD,2026-08-08,92826C839
TRD001186,BUY,1900,490.04,USD,2026-08-03,594918104
TRD001187,BUY,4100,402.43,USD,2026-08-09,92826C839
TRD001188,SELL,2700,41.84,USD,2026-08-14,91324P102
TRD001189,SELL,1400,25.42,USD,2026-08-09,30303M102
TRD001190,BUY,500,167.73,USD,2026-08-19,91324P102
TRD001191,BUY,100,74.64,USD,2026-08-13,88160R101
TRD001192,BUY,3700,315.68,USD,2026-08-03,68389X105
TRD001193,BUY,2200,462.69,USD,2026-08-18,478160104
TRD001194,SELL,4200,85.16,USD,2026-08-07,478160104
TRD001195,SELL,3500,450.05,USD,2026-08-17,46625H100
TRD001196,SELL,400,420.85,USD,2026-08-12,92826C839
TRD001197,SELL,2100,286.49,USD,2026-08-03,023135106
TRD001198,SELL,2200,403.78,USD,2026-08-14,594918104
TRD001199,SELL,1800,423.55,USD,2026-08-13,46625H100
TRD001200,SELL,1100,294.07,USD,2026-08-15,68389X105
TRD001201,SELL,4900,167.98,USD,2026-08-13,037833100
TRD001202,BUY,600,258.59,USD,2026-08-10,88160R101
TRD001203,BUY,2000,123.75,USD,2026-08-12,68389X105
TRD001204,BUY,300,393.34,USD,2026-08-05,478160104
TRD001205,SELL,3100,454.38,USD,2026-08-07,023135106
TRD001206,BUY,3100,371.57,USD,2026-08-19,30303M102
TRD001207,SELL,1000,389.35,USD,2026-08-06,91324P102
TRD001208,SELL,900,118.49,USD,2026-08-04,478160104
TRD001209,BUY,3400,75.6,USD,2026-08-12,037833100
TRD001210,SELL,3900,438.5,USD,2026-08-13,478160104
TRD001211,SELL,700,269.88,USD,2026-08-12,037833100
TRD001212,SELL,2000,326.65,USD,2026-08-09,88160R101
TRD001213,BUY,1900,152.79,USD,2026-08-13,478160104
TRD001214,SELL,1800,91.67,USD,2026-08-11,594918104
TRD001215,BUY,4000,288.62,USD,2026-08-06,023135106
TRD001216,SELL,3600,172.87,USD,2026-08-07,30303M102
TRD001217,SELL,1100,54.2,USD,2026-08-22,88160R101
TRD001218,SELL,400,82.44,USD,2026-08-18,037833100
TRD001219,BUY,400,61.34,USD,2026-08-15,68389X105
TRD001220,SELL,3800,322.15,USD,2026-08-17,92826C839
TRD001221,BUY,2200,412.37,USD,2026-08-20,594918104
TRD001222,SELL,4900,386.93,USD,2026-08-21,68389X105
TRD001223,BUY,4500,244.77,USD,2026-08-17,30303M102
TRD001224,SELL,4600,387.92,USD,2026-08-18,023135106
TRD001225,SELL,1000,433.33,USD,2026-08-22,30303M102
TRD001226,SELL,2600,108.01,USD,2026-08-13,88160R101
TRD001227,BUY,200,51.38,USD,2026-08-06,88160R101
TRD001228,BUY,1100,155.48,USD,2026-08-14,92826C839
TRD001229,SELL,3300,69.41,USD,2026-08-06,88160R101
TRD001230,SELL,500,400.37,USD,2026-08-20,478160104
TRD001231,BUY,2700,134.52,USD,2026-08-10,91324P102
TRD001232,BUY,3100,204.23,USD,2026-08-13,023135106
TRD001233,SELL,3800,226.95,USD,2026-08-16,92826C839
TRD001234,SELL,3500,353.18,USD,2026-08-08,594918104
TRD001235,SELL,4600,295.61,USD,2026-08-18,594918104
TRD001236,SELL,3000,176.18,USD,2026-08-06,478160104
TRD001237,BUY,2600,53.41,USD,2026-08-06,92826C839
TRD001238,SELL,2500,177.16,USD,2026-08-04,594918104
TRD001239,BUY,900,445.89,USD,2026-08-03,68389X105
TRD001240,SELL,2900,275.0,USD,2026-08-15,92826C839
TRD001241,SELL,1300,118.72,USD,2026-08-13,30303M102
TRD001242,SELL,4400,166.18,USD,2026-08-16,88160R101
TRD001243,SELL,3800,23.9,USD,2026-08-19,46625H100
TRD001244,SELL,1900,49.96,USD,2026-08-20,037833100
TRD001245,BUY,3600,413.96,USD,2026-08-14,594918104
TRD001246,SELL,200,132.92,USD,2026-08-21,46625H100
TRD001247,SELL,4600,203.74,USD,2026-08-15,46625H100
TRD001248,SELL,4300,103.24,USD,2026-08-07,023135106
TRD001249,SELL,2400,423.18,USD,2026-08-07,30303M102
TRD001250,SELL,4300,80.26,USD,2026-08-03,594918104
TRD001251,SELL,1000,366.24,USD,2026-08-18,46625H100
TRD001252,SELL,900,60.64,USD,2026-08-16,478160104
TRD001253,SELL,4500,310.13,USD,2026-08-16,92826C839
TRD001254,BUY,3300,223.58,USD,2026-08-17,46625H100
TRD001255,BUY,1200,223.89,USD,2026-08-03,92826C839
TRD001256,BUY,4700,133.64,USD,2026-08-19,30303M102
TRD001257,BUY,3500,296.65,USD,2026-08-04,037833100
TRD001258,SELL,4600,196.92,USD,2026-08-21,478160104
TRD001259,SELL,600,88.2,USD,2026-08-19,30303M102
TRD001260,BUY,600,271.21,USD,2026-08-22,594918104
TRD001261,BUY,4100,376.01,USD,2026-08-05,91324P102
TRD001262,SELL,2000,314.26,USD,2026-08-13,91324P102
TRD001263,SELL,3100,237.94,USD,2026-08-18,92826C839
TRD001264,SELL,2700,189.4,USD,2026-08-12,30303M102
TRD001265,BUY,4500,462.97,USD,2026-08-12,92826C839
TRD001266,BUY,4100,247.12,USD,2026-08-08,92826C839
TRD001267,BUY,1900,408.27,USD,2026-08-22,037833100
TRD001268,BUY,600,80.87,USD,2026-08-05,30303M102
TRD001269,BUY,4000,154.87,USD,2026-08-11,037833100
TRD001270,SELL,3900,103.81,USD,2026-08-21,68389X105
TRD001271,SELL,2400,407.76,USD,2026-08-11,023135106
TRD001272,BUY,3400,433.77,USD,2026-08-13,594918104
TRD001273,SELL,3900,468.29,USD,2026-08-07,478160104
TRD001274,SELL,2700,389.78,USD,2026-08-10,478160104
TRD001275,SELL,1100,121.21,USD,2026-08-14,037833100
TRD001276,SELL,4900,413.37,USD,2026-08-04,68389X105
TRD001277,BUY,3100,164.66,USD,2026-08-20,023135106
TRD001278,BUY,4600,207.23,USD,2026-08-11,68389X105
TRD001279,SELL,2800,25.69,USD,2026-08-17,46625H100
TRD001280,SELL,3400,347.78,USD,2026-08-04,594918104
TRD001281,SELL,4100,189.84,USD,2026-08-16,92826C839
TRD001282,SELL,1800,180.78,USD,2026-08-11,594918104
TRD001283,BUY,3800,207.75,USD,2026-08-10,92826C839
TRD001284,SELL,3400,181.96,USD,2026-08-08,88160R101
TRD001285,SELL,4400,24.07,USD,2026-08-05,037833100
TRD001286,BUY,3400,69.88,USD,2026-08-17,88160R101
TRD001287,BUY,1900,140.91,USD,2026-08-04,037833100
TRD001288,SELL,400,470.48,USD,2026-08-09,92826C839
TRD001289,SELL,4600,479.74,USD,2026-08-05,92826C839
TRD001290,BUY,4300,386.65,USD,2026-08-21,68389X105
TRD001291,SELL,4500,108.45,USD,2026-08-12,478160104
TRD001292,SELL,500,326.61,USD,2026-08-11,46625H100
TRD001293,SELL,4300,389.54,USD,2026-08-13,30303M102
TRD001294,BUY,500,153.1,USD,2026-08-04,46625H100
TRD001295,BUY,400,143.95,USD,2026-08-11,68389X105
TRD001296,BUY,3200,490.12,USD,2026-08-09,92826C839
TRD001297,BUY,4200,256.19,USD,2026-08-07,91324P102
TRD001298,SELL,1400,314.7,USD,2026-08-06,478160104
TRD001299,SELL,700,36.73,USD,2026-08-05,92826C839
TRD001300,SELL,5000,234.02,USD,2026-08-18,68389X105
TRD001301,SELL,100,467.79,USD,2026-08-15,30303M102
TRD001302,BUY,2200,454.22,USD,2026-08-21,037833100
TRD001303,SELL,5000,255.53,USD,2026-08-16,46625H100
TRD001304,SELL,5000,409.89,USD,2026-08-05,91324P102
TRD001305,BUY,2500,477.99,USD,2026-08-18,594918104
TRD001306,SELL,2300,180.05,USD,2026-08-12,46625H100
TRD001307,BUY,4200,63.52,USD,2026-08-20,88160R101
TRD001308,BUY,3000,385.02,USD,2026-08-12,023135106
TRD001309,BUY,300,484.41,USD,2026-08-09,30303M102
TRD001310,SELL,700,322.7,USD,2026-08-14,478160104
TRD001311,BUY,4100,230.23,USD,2026-08-09,68389X105
TRD001312,BUY,200,365.47,USD,2026-08-21,023135106
TRD001313,BUY,500,400.51,USD,2026-08-12,478160104
TRD001314,SELL,2900,483.96,USD,2026-08-03,037833100
TRD001315,BUY,2200,398.13,USD,2026-08-04,46625H100
TRD001316,BUY,4200,340.31,USD,2026-08-17,91324P102
TRD001317,BUY,3800,131.83,USD,2026-08-05,037833100
TRD001318,SELL,3200,333.84,USD,2026-08-18,92826C839
TRD001319,BUY,4500,331.42,USD,2026-08-03,68389X105
TRD001320,SELL,2000,413.95,USD,2026-08-06,478160104
TRD001321,SELL,3800,50.7,USD,2026-08-06,594918104
TRD001322,BUY,4000,125.87,USD,2026-08-09,46625H100
TRD001323,BUY,4800,345.63,USD,2026-08-13,594918104
TRD001324,SELL,3700,282.02,USD,2026-08-13,023135106
TRD001325,SELL,3800,103.25,USD,2026-08-05,594918104
TRD001326,BUY,4900,219.27,USD,2026-08-14,91324P102
TRD001327,BUY,1600,464.32,USD,2026-08-04,68389X105
TRD001328,BUY,4100,313.97,USD,2026-08-08,037833100
TRD001329,SELL,600,23.05,USD,2026-08-08,594918104
TRD001330,SELL,3800,445.72,USD,2026-08-16,478160104
TRD001331,SELL,1400,88.68,USD,2026-08-11,91324P102
TRD001332,BUY,1600,470.28,USD,2026-08-22,037833100
TRD001333,SELL,4600,259.95,USD,2026-08-05,30303M102
TRD001334,BUY,100,287.7,USD,2026-08-09,594918104
TRD001335,SELL,700,317.08,USD,2026-08-20,91324P102
TRD001336,BUY,5000,320.7,USD,2026-08-09,30303M102
TRD001337,BUY,800,402.37,USD,2026-08-18,478160104
TRD001338,BUY,4300,462.88,USD,2026-08-04,88160R101
TRD001339,BUY,2800,140.66,USD,2026-08-22,478160104
TRD001340,BUY,4800,45.18,USD,2026-08-20,68389X105
TRD001341,BUY,200,252.83,USD,2026-08-06,594918104
TRD001342,SELL,4700,233.51,USD,2026-08-21,88160R101
TRD001343,BUY,4800,344.89,USD,2026-08-13,023135106
TRD001344,SELL,2100,129.34,USD,2026-08-10,46625H100
TRD001345,SELL,2500,447.86,USD,2026-08-05,478160104
TRD001346,SELL,400,447.43,USD,2026-08-07,023135106
TRD001347,SELL,3000,105.47,USD,2026-08-14,68389X105
TRD001348,BUY,1300,323.37,USD,2026-08-11,023135106
TRD001349,BUY,300,352.26,USD,2026-08-04,30303M102
TRD001350,BUY,3000,240.12,USD,2026-08-08,88160R101
TRD001351,BUY,1900,309.75,USD,2026-08-22,68389X105
TRD001352,SELL,3600,430.4,USD,2026-08-05,46625H100
TRD001353,SELL,3200,433.86,USD,2026-08-09,92826C839
TRD001354,BUY,3000,154.0,USD,2026-08-16,023135106
TRD001355,BUY,2800,298.14,USD,2026-08-21,68389X105
TRD001356,SELL,100,220.53,USD,2026-08-04,037833100
TRD001357,SELL,4700,388.93,USD,2026-08-04,46625H100
TRD001358,SELL,3100,408.66,USD,2026-08-06,478160104
TRD001359,BUY,600,288.07,USD,2026-08-03,46625H100
TRD001360,SELL,900,192.03,USD,2026-08-10,594918104
TRD001361,BUY,4300,166.32,USD,2026-08-17,92826C839
TRD001362,SELL,200,488.68,USD,2026-08-17,68389X105
TRD001363,SELL,2600,108.77,USD,2026-08-14,478160104
TRD001364,SELL,100,432.98,USD,2026-08-05,46625H100
TRD001365,SELL,2200,274.84,USD,2026-08-12,46625H100
TRD001366,SELL,4500,474.13,USD,2026-08-20,92826C839
TRD001367,SELL,4400,58.86,USD,2026-08-13,037833100
TRD001368,SELL,4400,194.72,USD,2026-08-04,594918104
TRD001369,BUY,3000,317.18,USD,2026-08-14,88160R101
TRD001370,BUY,3600,358.34,USD,2026-08-20,023135106
TRD001371,BUY,2200,134.54,USD,2026-08-06,478160104
TRD001372,SELL,4900,298.46,USD,2026-08-09,023135106
TRD001373,BUY,1800,261.71,USD,2026-08-16,30303M102
TRD001374,BUY,2400,185.71,USD,2026-08-18,91324P102
TRD001375,SELL,800,245.68,USD,2026-08-20,91324P102
TRD001376,SELL,2900,318.06,USD,2026-08-05,023135106
TRD001377,SELL,3000,61.91,USD,2026-08-15,68389X105
TRD001378,BUY,500,72.5,USD,2026-08-11,594918104
TRD001379,SELL,3200,92.24,USD,2026-08-09,91324P102
TRD001380,SELL,200,160.72,USD,2026-08-20,68389X105
TRD001381,BUY,2700,233.05,USD,2026-08-03,30303M102
TRD001382,BUY,200,438.46,USD,2026-08-10,91324P102
TRD001383,SELL,2700,297.78,USD,2026-08-13,478160104
TRD001384,SELL,4500,274.48,USD,2026-08-20,478160104
TRD001385,BUY,3700,83.34,USD,2026-08-12,68389X105
TRD001386,SELL,1500,252.44,USD,2026-08-12,037833100
TRD001387,BUY,1900,238.84,USD,2026-08-08,92826C839
TRD001388,SELL,4600,276.95,USD,2026-08-08,68389X105
TRD001389,SELL,4500,454.26,USD,2026-08-07,68389X105
TRD001390,BUY,300,497.01,USD,2026-08-21,68389X105
TRD001391,BUY,2400,108.56,USD,2026-08-20,037833100
TRD001392,SELL,2300,91.01,USD,2026-08-17,91324P102
TRD001393,SELL,3500,164.75,USD,2026-08-03,46625H100
TRD001394,SELL,5000,89.78,USD,2026-08-17,88160R101
TRD001395,BUY,4800,282.15,USD,2026-08-19,88160R101
TRD001396,SELL,1900,247.48,USD,2026-08-12,92826C839
TRD001397,SELL,3700,369.7,USD,2026-08-17,88160R101
TRD001398,SELL,4700,249.91,USD,2026-08-04,68389X105
TRD001399,SELL,800,167.88,USD,2026-08-15,92826C839
TRD001400,SELL,2900,191.55,USD,2026-08-13,037833100
TRD001401,SELL,1300,300.05,USD,2026-08-10,30303M102
TRD001402,BUY,600,278.44,USD,2026-08-17,594918104
TRD001403,SELL,2600,113.34,USD,2026-08-13,92826C839
TRD001404,SELL,400,456.05,USD,2026-08-14,46625H100
TRD001405,BUY,2800,197.42,USD,2026-08-14,037833100
TRD001406,BUY,2300,167.88,USD,2026-08-17,91324P102
TRD001407,BUY,4700,446.15,USD,2026-08-16,478160104
TRD001408,BUY,4700,485.77,USD,2026-08-16,46625H100
TRD001409,BUY,3800,307.01,USD,2026-08-07,023135106
TRD001410,BUY,3400,493.59,USD,2026-08-05,92826C839
TRD001411,SELL,600,23.18,USD,2026-08-11,46625H100
TRD001412,BUY,3000,360.92,USD,2026-08-07,023135106
TRD001413,BUY,2500,158.94,USD,2026-08-18,037833100
TRD001414,SELL,2000,420.6,USD,2026-08-12,478160104
TRD001415,SELL,3000,127.77,USD,2026-08-03,68389X105
TRD001416,BUY,4100,420.44,USD,2026-08-18,594918104
TRD001417,SELL,1900,220.24,USD,2026-08-18,023135106
TRD001418,BUY,4900,153.06,USD,2026-08-05,92826C839
TRD001419,SELL,3800,250.63,USD,2026-08-16,30303M102
TRD001420,SELL,3100,487.64,USD,2026-08-06,88160R101
TRD001421,SELL,3700,28.42,USD,2026-08-11,68389X105
TRD001422,SELL,1000,173.45,USD,2026-08-07,88160R101
TRD001423,BUY,1800,193.36,USD,2026-08-14,037833100
TRD001424,BUY,3400,326.69,USD,2026-08-05,91324P102
TRD001425,BUY,4100,107.96,USD,2026-08-06,92826C839
TRD001426,SELL,3500,174.85,USD,2026-08-13,30303M102
TRD001427,BUY,4500,350.41,USD,2026-08-06,91324P102
TRD001428,SELL,1000,26.19,USD,2026-08-19,30303M102
TRD001429,BUY,3200,217.76,USD,2026-08-08,594918104
TRD001430,BUY,3300,126.13,USD,2026-08-09,91324P102
TRD001431,SELL,3400,426.11,USD,2026-08-20,594918104
TRD001432,BUY,500,75.95,USD,2026-08-07,037833100
TRD001433,BUY,2000,351.7,USD,2026-08-07,478160104
TRD001434,SELL,3900,271.1,USD,2026-08-13,68389X105
TRD001435,SELL,200,377.34,USD,2026-08-06,023135106
TRD001436,BUY,4500,88.33,USD,2026-08-10,30303M102
TRD001437,BUY,900,490.93,USD,2026-08-16,594918104
TRD001438,BUY,5000,252.44,USD,2026-08-16,037833100
TRD001439,BUY,300,400.67,USD,2026-08-19,92826C839
TRD001440,BUY,800,456.09,USD,2026-08-04,594918104
TRD001441,BUY,100,382.18,USD,2026-08-06,92826C839
TRD001442,BUY,1300,108.7,USD,2026-08-14,037833100
TRD001443,BUY,4800,472.09,USD,2026-08-21,88160R101
TRD001444,BUY,3300,394.79,USD,2026-08-22,023135106
TRD001445,SELL,500,67.57,USD,2026-08-21,037833100
TRD001446,SELL,4600,111.94,USD,2026-08-12,68389X105
TRD001447,SELL,3500,22.08,USD,2026-08-06,023135106
TRD001448,SELL,4600,247.86,USD,2026-08-21,68389X105
TRD001449,BUY,700,106.81,USD,2026-08-14,46625H100
TRD001450,BUY,3300,129.23,USD,2026-08-06,88160R101
TRD001451,BUY,800,269.47,USD,2026-08-18,88160R101
TRD001452,SELL,3600,366.63,USD,2026-08-05,88160R101
TRD001453,BUY,2500,156.13,USD,2026-08-22,30303M102
TRD001454,SELL,2900,128.42,USD,2026-08-16,30303M102
TRD001455,SELL,2800,110.62,USD,2026-08-05,478160104
TRD001456,SELL,2400,106.06,USD,2026-08-18,594918104
TRD001457,BUY,3400,336.1,USD,2026-08-05,594918104
TRD001458,BUY,2600,353.62,USD,2026-08-06,68389X105
TRD001459,BUY,1300,182.54,USD,2026-08-22,46625H100
TRD001460,BUY,2800,368.1,USD,2026-08-11,92826C839
TRD001461,SELL,4900,398.96,USD,2026-08-15,88160R101
TRD001462,BUY,3900,476.07,USD,2026-08-18,91324P102
TRD001463,BUY,5000,238.22,USD,2026-08-06,30303M102
TRD001464,BUY,1500,321.62,USD,2026-08-07,037833100
TRD001465,BUY,400,418.55,USD,2026-08-18,037833100
TRD001466,SELL,2500,310.2,USD,2026-08-13,68389X105
TRD001467,BUY,4000,66.24,USD,2026-08-05,91324P102
TRD001468,SELL,3000,116.93,USD,2026-08-18,478160104
TRD001469,SELL,3500,184.94,USD,2026-08-20,91324P102
TRD001470,BUY,4900,35.17,USD,2026-08-16,594918104
TRD001471,BUY,2100,429.38,USD,2026-08-17,478160104
TRD001472,BUY,1200,287.2,USD,2026-08-12,68389X105
TRD001473,BUY,900,169.98,USD,2026-08-15,478160104
TRD001474,SELL,3700,344.01,USD,2026-08-20,91324P102
TRD001475,SELL,3100,289.88,USD,2026-08-08,91324P102
TRD001476,BUY,1700,257.45,USD,2026-08-15,92826C839
TRD001477,SELL,5000,489.34,USD,2026-08-13,037833100
TRD001478,BUY,300,81.54,USD,2026-08-14,88160R101
TRD001479,SELL,3800,32.91,USD,2026-08-13,46625H100
TRD001480,BUY,2300,496.13,USD,2026-08-16,88160R101
TRD001481,BUY,1600,138.85,USD,2026-08-12,92826C839
TRD001482,BUY,4500,51.44,USD,2026-08-12,594918104
TRD001483,BUY,200,278.44,USD,2026-08-04,478160104
TRD001484,SELL,2800,292.66,USD,2026-08-16,30303M102
TRD001485,BUY,3100,302.23,USD,2026-08-13,46625H100
TRD001486,SELL,2100,294.82,USD,2026-08-18,594918104
TRD001487,SELL,1400,181.26,USD,2026-08-19,88160R101
TRD001488,BUY,2000,194.4,USD,2026-08-16,023135106
TRD001489,BUY,500,423.38,USD,2026-08-20,023135106
TRD001490,BUY,400,162.71,USD,2026-08-21,46625H100
TRD001491,SELL,4000,376.59,USD,2026-08-05,92826C839
TRD001492,BUY,2200,151.22,USD,2026-08-21,91324P102
TRD001493,BUY,1400,186.71,USD,2026-08-05,30303M102
TRD001494,SELL,2000,227.8,USD,2026-08-20,88160R101
TRD001495,BUY,2600,140.61,USD,2026-08-19,478160104
TRD001496,SELL,3600,106.69,USD,2026-08-03,91324P102
TRD001497,SELL,3700,259.62,USD,2026-08-17,30303M102
TRD001498,SELL,3500,408.29,USD,2026-08-16,92826C839
TRD001499,SELL,400,270.69,USD,2026-08-14,478160104
TRD001500,BUY,1000,378.29,USD,2026-08-12,46625H100
TRD001501,BUY,500,324.29,USD,2026-08-16,30303M102
TRD001502,SELL,4200,97.08,USD,2026-08-22,023135106
TRD001503,BUY,800,91.98,USD,2026-08-03,023135106
TRD001504,SELL,2000,242.8,USD,2026-08-20,46625H100
TRD001505,BUY,300,116.96,USD,2026-08-11,68389X105
TRD001506,BUY,1800,336.16,USD,2026-08-08,037833100
TRD001507,SELL,3200,395.47,USD,2026-08-04,594918104
TRD001508,BUY,2000,436.24,USD,2026-08-16,88160R101
TRD001509,SELL,600,210.51,USD,2026-08-07,023135106
TRD001510,BUY,4800,260.12,USD,2026-08-06,91324P102
TRD001511,SELL,3800,475.84,USD,2026-08-19,30303M102
TRD001512,BUY,600,134.28,USD,2026-08-06,88160R101
TRD001513,BUY,3800,373.87,USD,2026-08-10,46625H100
TRD001514,BUY,700,104.07,USD,2026-08-11,478160104
TRD001515,BUY,3800,46.84,USD,2026-08-20,88160R101
TRD001516,SELL,800,171.92,USD,2026-08-16,478160104
TRD001517,SELL,1800,442.13,USD,2026-08-07,88160R101
TRD001518,BUY,2400,414.26,USD,2026-08-03,92826C839
TRD001519,BUY,4800,337.87,USD,2026-08-04,023135106
TRD001520,BUY,2500,168.45,USD,2026-08-14,594918104
TRD001521,SELL,1600,431.67,USD,2026-08-15,037833100
TRD001522,SELL,2600,465.2,USD,2026-08-11,30303M102
TRD001523,BUY,4900,133.02,USD,2026-08-09,68389X105
TRD001524,SELL,4100,172.25,USD,2026-08-16,037833100
TRD001525,BUY,600,415.13,USD,2026-08-18,478160104
TRD001526,SELL,2200,364.35,USD,2026-08-06,68389X105
TRD001527,SELL,3300,51.86,USD,2026-08-16,92826C839
TRD001528,SELL,3600,374.14,USD,2026-08-17,037833100
TRD001529,SELL,4200,327.96,USD,2026-08-17,68389X105
TRD001530,BUY,1300,321.58,USD,2026-08-13,92826C839
TRD001531,BUY,1100,139.81,USD,2026-08-07,92826C839
TRD001532,SELL,2100,236.72,USD,2026-08-07,30303M102
TRD001533,BUY,3800,416.85,USD,2026-08-12,023135106
TRD001534,BUY,2400,107.31,USD,2026-08-15,92826C839
TRD001535,BUY,200,463.09,USD,2026-08-22,023135106
TRD001536,SELL,3000,115.17,USD,2026-08-08,037833100
TRD001537,BUY,2800,308.19,USD,2026-08-07,594918104
TRD001538,SELL,1100,474.68,USD,2026-08-06,037833100
TRD001539,SELL,2800,391.21,USD,2026-08-17,478160104
TRD001540,BUY,4600,117.51,USD,2026-08-11,30303M102
TRD001541,SELL,2500,82.5,USD,2026-08-09,92826C839
TRD001542,BUY,1900,368.82,USD,2026-08-09,46625H100
TRD001543,BUY,1000,33.81,USD,2026-08-11,023135106
TRD001544,SELL,1600,197.43,USD,2026-08-17,594918104
TRD001545,BUY,900,438.29,USD,2026-08-15,023135106
TRD001546,SELL,4600,223.18,USD,2026-08-22,30303M102
TRD001547,BUY,3600,48.2,USD,2026-08-13,023135106
TRD001548,BUY,2300,498.43,USD,2026-08-22,037833100
TRD001549,BUY,3300,317.44,USD,2026-08-12,46625H100
TRD001550,SELL,900,484.67,USD,2026-08-20,037833100
TRD001551,SELL,1700,101.54,USD,2026-08-18,88160R101
TRD001552,SELL,900,63.03,USD,2026-08-19,46625H100
TRD001553,BUY,800,170.37,USD,2026-08-07,478160104
TRD001554,SELL,1800,378.96,USD,2026-08-16,30303M102
TRD001555,SELL,1700,314.21,USD,2026-08-11,91324P102
TRD001556,BUY,1100,171.46,USD,2026-08-18,68389X105
TRD001557,SELL,4300,325.59,USD,2026-08-17,037833100
TRD001558,BUY,400,130.33,USD,2026-08-04,478160104
TRD001559,BUY,4600,244.22,USD,2026-08-06,478160104
TRD001560,BUY,2300,494.63,USD,2026-08-20,478160104
TRD001561,BUY,800,426.0,USD,2026-08-07,594918104
TRD001562,BUY,1400,436.72,USD,2026-08-08,68389X105
TRD001563,SELL,1800,290.36,USD,2026-08-21,023135106
TRD001564,SELL,100,272.49,USD,2026-08-21,68389X105
TRD001565,BUY,500,138.16,USD,2026-08-18,594918104
TRD001566,SELL,200,156.46,USD,2026-08-06,46625H100
TRD001567,BUY,700,421.75,USD,2026-08-07,037833100
TRD001568,BUY,4600,336.58,USD,2026-08-17,30303M102
TRD001569,SELL,100,178.12,USD,2026-08-04,92826C839
TRD001570,SELL,2100,474.76,USD,2026-08-21,68389X105
TRD001571,BUY,400,404.75,USD,2026-08-12,88160R101
TRD001572,SELL,4800,53.95,USD,2026-08-22,46625H100
TRD001573,BUY,1700,105.45,USD,2026-08-15,594918104
TRD001574,BUY,1400,98.21,USD,2026-08-15,30303M102
TRD001575,SELL,4200,93.98,USD,2026-08-12,478160104
TRD001576,SELL,4800,407.05,USD,2026-08-12,92826C839
TRD001577,BUY,4300,66.13,USD,2026-08-14,91324P102
TRD001578,BUY,2900,445.0,USD,2026-08-18,30303M102
TRD001579,SELL,2800,63.31,USD,2026-08-16,88160R101
TRD001580,SELL,2800,322.73,USD,2026-08-05,037833100
TRD001581,SELL,3000,344.69,USD,2026-08-07,478160104
TRD001582,SELL,4200,271.85,USD,2026-08-12,478160104
TRD001583,BUY,3100,164.19,USD,2026-08-07,30303M102
TRD001584,SELL,3400,225.31,USD,2026-08-21,037833100
TRD001585,SELL,300,266.44,USD,2026-08-19,46625H100
TRD001586,BUY,3000,337.21,USD,2026-08-21,30303M102
TRD001587,BUY,3800,59.25,USD,2026-08-19,037833100
TRD001588,BUY,4300,242.18,USD,2026-08-08,46625H100
TRD001589,BUY,2700,440.84,USD,2026-08-12,88160R101
TRD001590,SELL,3000,383.53,USD,2026-08-17,92826C839
TRD001591,SELL,2200,484.03,USD,2026-08-08,023135106
TRD001592,BUY,4800,491.45,USD,2026-08-11,594918104
TRD001593,BUY,200,22.81,USD,2026-08-06,037833100
TRD001594,BUY,3100,240.88,USD,2026-08-15,92826C839
TRD001595,SELL,2000,316.88,USD,2026-08-22,88160R101
TRD001596,SELL,4500,344.05,USD,2026-08-12,594918104
TRD001597,BUY,100,111.58,USD,2026-08-03,023135106
TRD001598,SELL,1400,250.94,USD,2026-08-07,023135106
TRD001599,BUY,4100,431.93,USD,2026-08-20,023135106
TRD001600,BUY,5000,242.44,USD,2026-08-18,46625H100
TRD001601,BUY,1100,453.16,USD,2026-08-17,478160104
TRD001602,BUY,2900,300.91,USD,2026-08-09,30303M102
TRD001603,SELL,2600,44.44,USD,2026-08-03,594918104
TRD001604,SELL,4600,227.26,USD,2026-08-16,478160104
TRD001605,SELL,3900,370.92,USD,2026-08-12,037833100
TRD001606,BUY,3200,266.41,USD,2026-08-22,478160104
TRD001607,BUY,400,273.59,USD,2026-08-16,92826C839
TRD001608,BUY,500,148.57,USD,2026-08-16,478160104
TRD001609,BUY,4000,470.7,USD,2026-08-14,478160104
TRD001610,SELL,200,97.44,USD,2026-08-09,478160104
TRD001611,BUY,1500,263.67,USD,2026-08-21,88160R101
TRD001612,SELL,4600,335.34,USD,2026-08-07,30303M102
TRD001613,SELL,2500,480.71,USD,2026-08-14,478160104
TRD001614,SELL,1100,318.48,USD,2026-08-12,594918104
TRD001615,SELL,900,103.18,USD,2026-08-08,92826C839
TRD001616,BUY,2700,472.67,USD,2026-08-18,30303M102
TRD001617,BUY,3600,42.58,USD,2026-08-03,88160R101
TRD001618,SELL,2300,344.93,USD,2026-08-08,91324P102
TRD001619,BUY,500,182.11,USD,2026-08-06,92826C839
TRD001620,BUY,3600,127.57,USD,2026-08-11,88160R101
TRD001621,SELL,5000,42.4,USD,2026-08-20,30303M102
TRD001622,SELL,4500,439.37,USD,2026-08-22,594918104
TRD001623,SELL,2900,403.51,USD,2026-08-06,594918104
TRD001624,SELL,4000,395.44,USD,2026-08-06,91324P102
TRD001625,BUY,700,100.18,USD,2026-08-06,023135106
TRD001626,SELL,1100,369.61,USD,2026-08-17,91324P102
TRD001627,BUY,700,94.06,USD,2026-08-14,88160R101
TRD001628,SELL,800,427.33,USD,2026-08-17,46625H100
TRD001629,SELL,100,137.75,USD,2026-08-18,88160R101
TRD001630,BUY,1100,60.91,USD,2026-08-14,46625H100
TRD001631,BUY,4300,137.82,USD,2026-08-19,46625H100
TRD001632,SELL,900,404.85,USD,2026-08-16,46625H100
TRD001633,SELL,3400,401.41,USD,2026-08-14,037833100
TRD001634,BUY,5000,24.78,USD,2026-08-19,594918104
TRD001635,BUY,2100,212.79,USD,2026-08-08,46625H100
TRD001636,BUY,4900,37.8,USD,2026-08-07,92826C839
TRD001637,BUY,4100,490.42,USD,2026-08-19,30303M102
TRD001638,BUY,4400,356.38,USD,2026-08-12,88160R101
TRD001639,SELL,100,416.96,USD,2026-08-19,92826C839
TRD001640,SELL,4500,213.89,USD,2026-08-09,91324P102
TRD001641,SELL,4000,332.98,USD,2026-08-14,46625H100
TRD001642,SELL,2000,60.45,USD,2026-08-20,88160R101
TRD001643,BUY,4700,375.23,USD,2026-08-07,91324P102
TRD001644,SELL,1900,122.59,USD,2026-08-19,91324P102
TRD001645,BUY,2200,383.38,USD,2026-08-08,037833100
TRD001646,BUY,3500,304.4,USD,2026-08-10,30303M102
TRD001647,SELL,3300,73.01,USD,2026-08-04,88160R101
TRD001648,BUY,3300,190.15,USD,2026-08-04,594918104
TRD001649,BUY,3700,373.69,USD,2026-08-17,88160R101
TRD001650,SELL,4800,494.72,USD,2026-08-21,91324P102
TRD001651,SELL,1500,188.16,USD,2026-08-12,92826C839
TRD001652,SELL,4600,201.28,USD,2026-08-10,594918104
TRD001653,BUY,3800,112.43,USD,2026-08-14,478160104
TRD001654,BUY,4600,224.33,USD,2026-08-16,594918104
TRD001655,BUY,2800,446.48,USD,2026-08-18,023135106
TRD001656,BUY,2400,344.87,USD,2026-08-15,92826C839
TRD001657,SELL,5000,209.5,USD,2026-08-11,92826C839
TRD001658,BUY,2800,498.33,USD,2026-08-18,46625H100
TRD001659,SELL,1000,262.78,USD,2026-08-18,478160104
TRD001660,BUY,4600,266.33,USD,2026-08-19,594918104
TRD001661,SELL,3000,247.21,USD,2026-08-08,91324P102
TRD001662,BUY,800,308.77,USD,2026-08-16,594918104
TRD001663,BUY,3700,159.0,USD,2026-08-19,68389X105
TRD001664,BUY,2000,495.69,USD,2026-08-12,30303M102
TRD001665,BUY,1000,88.23,USD,2026-08-21,46625H100
TRD001666,BUY,2000,446.75,USD,2026-08-09,68389X105
TRD001667,SELL,3200,21.0,USD,2026-08-20,88160R101
TRD001668,BUY,300,220.44,USD,2026-08-21,30303M102
TRD001669,SELL,2200,395.05,USD,2026-08-18,92826C839
TRD001670,BUY,900,262.29,USD,2026-08-17,478160104
TRD001671,SELL,1000,435.85,USD,2026-08-13,594918104
TRD001672,SELL,4300,319.32,USD,2026-08-15,023135106
TRD001673,SELL,2200,279.68,USD,2026-08-17,30303M102
TRD001674,SELL,1100,359.46,USD,2026-08-21,30303M102
TRD001675,SELL,800,329.08,USD,2026-08-05,023135106
TRD001676,SELL,3500,296.89,USD,2026-08-04,92826C839
TRD001677,SELL,4900,248.4,USD,2026-08-03,594918104
TRD001678,SELL,3500,106.28,USD,2026-08-03,30303M102
TRD001679,SELL,1600,418.25,USD,2026-08-21,478160104
TRD001680,BUY,3500,311.29,USD,2026-08-15,92826C839
TRD001681,BUY,200,183.18,USD,2026-08-08,46625H100
TRD001682,BUY,3400,172.34,USD,2026-08-11,594918104
TRD001683,BUY,700,280.05,USD,2026-08-12,68389X105
TRD001684,BUY,5000,63.02,USD,2026-08-12,46625H100
TRD001685,SELL,400,314.95,USD,2026-08-13,68389X105
TRD001686,BUY,400,163.05,USD,2026-08-06,88160R101
TRD001687,BUY,2100,143.81,USD,2026-08-06,037833100
TRD001688,BUY,4900,306.56,USD,2026-08-10,478160104
TRD001689,SELL,3300,204.82,USD,2026-08-06,30303M102
TRD001690,BUY,3000,285.5,USD,2026-08-05,478160104
TRD001691,BUY,4100,132.2,USD,2026-08-03,30303M102
TRD001692,SELL,3800,344.05,USD,2026-08-10,91324P102
TRD001693,SELL,900,166.21,USD,2026-08-16,478160104
TRD001694,BUY,4100,260.21,USD,2026-08-07,88160R101
TRD001695,SELL,1100,395.37,USD,2026-08-20,46625H100
TRD001696,SELL,3600,236.84,USD,2026-08-03,478160104
TRD001697,SELL,4000,158.84,USD,2026-08-08,037833100
TRD001698,BUY,3100,151.19,USD,2026-08-11,46625H100
TRD001699,SELL,4100,122.12,USD,2026-08-19,30303M102
TRD001700,BUY,4800,276.36,USD,2026-08-05,30303M102
TRD001701,BUY,4500,79.03,USD,2026-08-07,91324P102
TRD001702,SELL,2800,121.21,USD,2026-08-19,88160R101
TRD001703,SELL,2200,324.88,USD,2026-08-17,30303M102
TRD001704,BUY,2100,183.98,USD,2026-08-17,92826C839
TRD001705,BUY,4500,84.19,USD,2026-08-03,92826C839
TRD001706,BUY,100,342.9,USD,2026-08-16,91324P102
TRD001707,SELL,4600,254.71,USD,2026-08-15,91324P102
TRD001708,BUY,4200,332.61,USD,2026-08-20,037833100
TRD001709,SELL,4300,233.68,USD,2026-08-06,88160R101
TRD001710,SELL,2500,417.18,USD,2026-08-14,46625H100
TRD001711,BUY,5000,409.7,USD,2026-08-03,594918104
TRD001712,BUY,1300,233.4,USD,2026-08-10,037833100
TRD001713,SELL,4400,462.27,USD,2026-08-14,023135106
TRD001714,BUY,4000,320.11,USD,2026-08-10,023135106
TRD001715,SELL,2400,37.66,USD,2026-08-18,92826C839
TRD001716,BUY,1300,492.45,USD,2026-08-15,594918104
TRD001717,SELL,3700,260.16,USD,2026-08-08,91324P102
TRD001718,BUY,4800,291.54,USD,2026-08-22,92826C839
TRD001719,BUY,3800,81.56,USD,2026-08-05,68389X105
TRD001720,BUY,3700,430.63,USD,2026-08-19,30303M102
TRD001721,BUY,4400,31.1,USD,2026-08-20,92826C839
TRD001722,BUY,3600,443.89,USD,2026-08-03,46625H100
TRD001723,SELL,4200,44.89,USD,2026-08-13,46625H100
TRD001724,SELL,2700,151.54,USD,2026-08-19,478160104
TRD001725,BUY,3400,384.33,USD,2026-08-10,037833100
TRD001726,BUY,2700,275.56,USD,2026-08-13,037833100
TRD001727,BUY,2200,59.27,USD,2026-08-21,037833100
TRD001728,SELL,1500,489.49,USD,2026-08-16,594918104
TRD001729,SELL,1300,98.95,USD,2026-08-12,594918104
TRD001730,SELL,700,33.38,USD,2026-08-16,037833100
TRD001731,SELL,4100,468.83,USD,2026-08-11,023135106
TRD001732,BUY,1600,480.23,USD,2026-08-04,88160R101
TRD001733,SELL,1600,472.9,USD,2026-08-22,92826C839
TRD001734,BUY,700,320.17,USD,2026-08-21,594918104
TRD001735,BUY,400,460.02,USD,2026-08-15,88160R101
TRD001736,SELL,4500,51.21,USD,2026-08-07,037833100
TRD001737,SELL,2900,46.3,USD,2026-08-22,46625H100
TRD001738,BUY,4400,46.78,USD,2026-08-04,30303M102
TRD001739,SELL,2600,66.0,USD,2026-08-16,023135106
TRD001740,SELL,4300,319.52,USD,2026-08-17,46625H100
TRD001741,BUY,2800,442.37,USD,2026-08-22,594918104
TRD001742,BUY,4400,395.81,USD,2026-08-17,91324P102
TRD001743,BUY,1300,71.84,USD,2026-08-03,92826C839
TRD001744,SELL,3800,398.92,USD,2026-08-09,92826C839
TRD001745,BUY,3300,143.02,USD,2026-08-16,478160104
TRD001746,SELL,2900,109.24,USD,2026-08-07,037833100
TRD001747,BUY,2000,300.57,USD,2026-08-19,88160R101
TRD001748,BUY,3500,392.24,USD,2026-08-07,478160104
TRD001749,BUY,2200,159.71,USD,2026-08-03,91324P102
TRD001750,SELL,4400,89.41,USD,2026-08-10,91324P102
TRD001751,SELL,3600,432.18,USD,2026-08-16,88160R101
TRD001752,BUY,1300,327.47,USD,2026-08-09,594918104
TRD001753,BUY,4300,248.35,USD,2026-08-17,92826C839
TRD001754,SELL,3800,291.73,USD,2026-08-13,92826C839
TRD001755,BUY,2200,97.89,USD,2026-08-17,037833100
TRD001756,BUY,100,326.61,USD,2026-08-10,478160104
TRD001757,SELL,1600,250.76,USD,2026-08-13,46625H100
TRD001758,BUY,1200,416.52,USD,2026-08-03,88160R101
TRD001759,BUY,2300,34.41,USD,2026-08-06,68389X105
TRD001760,BUY,1300,323.04,USD,2026-08-14,037833100
TRD001761,SELL,1300,114.96,USD,2026-08-08,023135106
TRD001762,SELL,4700,103.66,USD,2026-08-20,023135106
TRD001763,BUY,200,104.52,USD,2026-08-11,594918104
TRD001764,BUY,4400,85.88,USD,2026-08-06,88160R101
TRD001765,SELL,2000,238.98,USD,2026-08-14,88160R101
TRD001766,SELL,3400,489.01,USD,2026-08-22,46625H100
TRD001767,SELL,500,76.88,USD,2026-08-07,023135106
TRD001768,BUY,2500,353.29,USD,2026-08-13,92826C839
TRD001769,BUY,4100,137.38,USD,2026-08-04,92826C839
TRD001770,SELL,3500,161.21,USD,2026-08-07,88160R101
TRD001771,BUY,4100,401.89,USD,2026-08-07,91324P102
TRD001772,SELL,3200,120.43,USD,2026-08-05,478160104
TRD001773,SELL,4000,51.14,USD,2026-08-19,46625H100
TRD001774,SELL,4200,380.55,USD,2026-08-14,478160104
TRD001775,SELL,1200,174.48,USD,2026-08-14,91324P102
TRD001776,SELL,4600,478.76,USD,2026-08-18,30303M102
TRD001777,SELL,4100,462.17,USD,2026-08-21,037833100
TRD001778,BUY,1300,237.0,USD,2026-08-10,46625H100
TRD001779,BUY,2800,446.58,USD,2026-08-21,68389X105
TRD001780,SELL,2400,142.17,USD,2026-08-05,68389X105
TRD001781,SELL,1900,233.36,USD,2026-08-14,023135106
TRD001782,SELL,3000,265.89,USD,2026-08-13,46625H100
TRD001783,BUY,2800,216.3,USD,2026-08-18,88160R101
TRD001784,BUY,200,106.19,USD,2026-08-10,30303M102
TRD001785,SELL,2300,452.71,USD,2026-08-12,91324P102
TRD001786,SELL,4200,57.52,USD,2026-08-11,023135106
TRD001787,BUY,500,192.91,USD,2026-08-20,023135106
TRD001788,BUY,4400,178.04,USD,2026-08-12,30303M102
TRD001789,BUY,3900,499.04,USD,2026-08-20,30303M102
TRD001790,BUY,2000,155.29,USD,2026-08-14,46625H100
TRD001791,SELL,3800,383.75,USD,2026-08-03,478160104
TRD001792,SELL,4900,476.71,USD,2026-08-15,023135106
TRD001793,BUY,4800,120.74,USD,2026-08-10,91324P102
TRD001794,SELL,3600,383.66,USD,2026-08-17,88160R101
TRD001795,SELL,2100,425.98,USD,2026-08-16,46625H100
TRD001796,BUY,2900,429.41,USD,2026-08-03,88160R101
TRD001797,BUY,900,166.67,USD,2026-08-03,478160104
TRD001798,SELL,2300,183.11,USD,2026-08-16,46625H100
TRD001799,SELL,2600,386.16,USD,2026-08-20,30303M102
TRD001800,BUY,200,292.44,USD,2026-08-04,68389X105
TRD001801,BUY,2200,292.73,USD,2026-08-22,92826C839
TRD001802,SELL,2600,490.48,USD,2026-08-09,46625H100
TRD001803,BUY,2500,110.4,USD,2026-08-06,88160R101
TRD001804,SELL,2900,326.72,USD,2026-08-12,594918104
TRD001805,BUY,4400,285.4,USD,2026-08-04,92826C839
TRD001806,BUY,1200,115.52,USD,2026-08-15,30303M102
TRD001807,BUY,1900,336.59,USD,2026-08-05,478160104
TRD001808,BUY,3400,25.3,USD,2026-08-13,46625H100
TRD001809,BUY,800,81.99,USD,2026-08-16,478160104
TRD001810,SELL,2500,478.45,USD,2026-08-09,68389X105
TRD001811,SELL,2000,227.46,USD,2026-08-18,68389X105
TRD001812,SELL,2000,302.0,USD,2026-08-19,478160104
TRD001813,BUY,100,495.72,USD,2026-08-17,594918104
TRD001814,SELL,3900,407.63,USD,2026-08-19,88160R101
TRD001815,SELL,3200,240.9,USD,2026-08-21,037833100
TRD001816,SELL,1900,330.22,USD,2026-08-17,88160R101
TRD001817,SELL,4600,400.33,USD,2026-08-15,92826C839
TRD001818,SELL,1200,219.23,USD,2026-08-08,92826C839
TRD001819,SELL,3000,204.64,USD,2026-08-08,92826C839
TRD001820,BUY,4500,473.93,USD,2026-08-10,68389X105
TRD001821,BUY,4100,278.11,USD,2026-08-05,023135106
TRD001822,SELL,2700,496.35,USD,2026-08-20,594918104
TRD001823,SELL,500,382.59,USD,2026-08-19,88160R101
TRD001824,BUY,1100,141.33,USD,2026-08-19,037833100
TRD001825,BUY,500,326.66,USD,2026-08-17,46625H100
TRD001826,BUY,2600,430.77,USD,2026-08-15,037833100
TRD001827,BUY,800,360.37,USD,2026-08-07,88160R101
TRD001828,SELL,3000,252.68,USD,2026-08-05,594918104
TRD001829,SELL,1600,362.52,USD,2026-08-17,68389X105
TRD001830,BUY,1800,423.95,USD,2026-08-08,037833100
TRD001831,SELL,1200,161.19,USD,2026-08-20,46625H100
TRD001832,BUY,4300,386.52,USD,2026-08-11,68389X105
TRD001833,BUY,1200,124.0,USD,2026-08-04,91324P102
TRD001834,BUY,4500,42.92,USD,2026-08-19,594918104
TRD001835,BUY,2000,233.11,USD,2026-08-22,037833100
TRD001836,BUY,2500,388.21,USD,2026-08-10,88160R101
TRD001837,SELL,1300,63.87,USD,2026-08-16,037833100
TRD001838,SELL,2200,413.85,USD,2026-08-05,023135106
TRD001839,SELL,700,402.52,USD,2026-08-08,68389X105
TRD001840,BUY,3300,71.69,USD,2026-08-13,88160R101
TRD001841,SELL,1300,319.84,USD,2026-08-20,46625H100
TRD001842,SELL,800,131.56,USD,2026-08-06,88160R101
TRD001843,BUY,100,213.03,USD,2026-08-13,037833100
TRD001844,BUY,3000,125.65,USD,2026-08-11,92826C839
TRD001845,BUY,500,445.02,USD,2026-08-16,30303M102
TRD001846,SELL,3200,491.89,USD,2026-08-06,91324P102
TRD001847,SELL,3700,102.3,USD,2026-08-06,92826C839
TRD001848,BUY,4100,354.23,USD,2026-08-07,88160R101
TRD001849,BUY,4900,444.3,USD,2026-08-13,478160104
TRD001850,BUY,200,312.1,USD,2026-08-21,478160104
TRD001851,BUY,4100,376.07,USD,2026-08-19,92826C839
TRD001852,SELL,100,131.65,USD,2026-08-22,594918104
TRD001853,BUY,4800,225.68,USD,2026-08-10,92826C839
TRD001854,BUY,900,199.77,USD,2026-08-12,023135106
TRD001855,BUY,1400,328.18,USD,2026-08-10,92826C839
TRD001856,SELL,2900,374.84,USD,2026-08-13,68389X105
TRD001857,BUY,4200,397.75,USD,2026-08-04,91324P102
TRD001858,SELL,2700,331.06,USD,2026-08-12,037833100
TRD001859,BUY,4700,179.01,USD,2026-08-10,023135106
TRD001860,SELL,4300,494.42,USD,2026-08-10,92826C839
TRD001861,SELL,3400,174.39,USD,2026-08-17,037833100
TRD001862,BUY,3200,53.59,USD,2026-08-09,037833100
TRD001863,SELL,1000,470.37,USD,2026-08-07,594918104
TRD001864,BUY,3600,418.99,USD,2026-08-09,023135106
TRD001865,SELL,2800,367.99,USD,2026-08-12,68389X105
TRD001866,SELL,1600,223.53,USD,2026-08-22,023135106
TRD001867,BUY,3700,235.17,USD,2026-08-09,30303M102
TRD001868,SELL,3100,58.41,USD,2026-08-14,46625H100
TRD001869,BUY,3100,231.86,USD,2026-08-19,92826C839
TRD001870,SELL,4900,94.82,USD,2026-08-18,037833100
TRD001871,SELL,2800,429.94,USD,2026-08-12,92826C839
TRD001872,SELL,3600,368.79,USD,2026-08-11,46625H100
TRD001873,BUY,3000,155.95,USD,2026-08-20,92826C839
TRD001874,BUY,2200,85.6,USD,2026-08-18,023135106
TRD001875,BUY,1300,22.01,USD,2026-08-19,88160R101
TRD001876,BUY,2700,471.34,USD,2026-08-14,46625H100
TRD001877,BUY,4200,494.01,USD,2026-08-05,46625H100
TRD001878,SELL,800,204.72,USD,2026-08-21,68389X105
TRD001879,BUY,2800,479.41,USD,2026-08-14,91324P102
TRD001880,SELL,4100,350.47,USD,2026-08-04,46625H100
TRD001881,SELL,4800,138.46,USD,2026-08-18,037833100
TRD001882,SELL,2400,322.86,USD,2026-08-03,68389X105
TRD001883,BUY,3000,473.25,USD,2026-08-07,30303M102
TRD001884,BUY,3800,476.85,USD,2026-08-08,037833100
TRD001885,BUY,600,329.31,USD,2026-08-15,46625H100
TRD001886,SELL,600,268.9,USD,2026-08-09,46625H100
TRD001887,BUY,2800,141.38,USD,2026-08-12,91324P102
TRD001888,SELL,4300,445.59,USD,2026-08-21,30303M102
TRD001889,SELL,4900,440.67,USD,2026-08-05,594918104
TRD001890,SELL,5000,402.82,USD,2026-08-07,30303M102
TRD001891,SELL,4800,211.03,USD,2026-08-12,037833100
TRD001892,SELL,3200,20.76,USD,2026-08-05,46625H100
TRD001893,SELL,4200,158.4,USD,2026-08-16,68389X105
TRD001894,BUY,1200,357.94,USD,2026-08-09,478160104
TRD001895,BUY,800,236.32,USD,2026-08-09,68389X105
TRD001896,BUY,4800,107.71,USD,2026-08-09,30303M102
TRD001897,SELL,2700,231.55,USD,2026-08-22,594918104
TRD001898,SELL,1100,58.31,USD,2026-08-05,46625H100
TRD001899,BUY,500,184.23,USD,2026-08-21,023135106
TRD001900,BUY,4400,385.06,USD,2026-08-03,037833100
TRD001901,BUY,100,339.35,USD,2026-08-04,594918104
TRD001902,BUY,100,200.32,USD,2026-08-19,30303M102
TRD001903,SELL,3100,383.32,USD,2026-08-22,46625H100
TRD001904,BUY,4400,447.27,USD,2026-08-13,023135106
TRD001905,SELL,4300,211.27,USD,2026-08-22,037833100
TRD001906,SELL,2200,407.01,USD,2026-08-03,478160104
TRD001907,SELL,2600,368.11,USD,2026-08-07,037833100
TRD001908,SELL,3400,154.14,USD,2026-08-10,88160R101
TRD001909,BUY,4400,336.26,USD,2026-08-18,91324P102
TRD001910,BUY,1300,21.5,USD,2026-08-13,037833100
TRD001911,SELL,300,485.41,USD,2026-08-13,478160104
TRD001912,BUY,3200,212.08,USD,2026-08-22,594918104
TRD001913,BUY,3100,493.7,USD,2026-08-06,46625H100
TRD001914,BUY,1300,361.73,USD,2026-08-19,92826C839
TRD001915,SELL,4600,262.23,USD,2026-08-07,478160104
TRD001916,SELL,2000,419.53,USD,2026-08-20,478160104
TRD001917,BUY,2900,478.42,USD,2026-08-18,91324P102
TRD001918,BUY,1400,101.81,USD,2026-08-05,594918104
TRD001919,BUY,4600,34.03,USD,2026-08-13,46625H100
TRD001920,SELL,1500,365.2,USD,2026-08-18,594918104
TRD001921,SELL,3500,324.1,USD,2026-08-18,594918104
TRD001922,SELL,2200,438.53,USD,2026-08-21,92826C839
TRD001923,BUY,2200,200.96,USD,2026-08-15,91324P102
TRD001924,SELL,2800,408.05,USD,2026-08-10,30303M102
TRD001925,BUY,600,73.46,USD,2026-08-13,92826C839
TRD001926,SELL,4800,472.16,USD,2026-08-21,88160R101
TRD001927,BUY,2100,477.95,USD,2026-08-21,037833100
TRD001928,BUY,3800,277.09,USD,2026-08-15,46625H100
TRD001929,BUY,2400,402.81,USD,2026-08-07,91324P102
TRD001930,SELL,3800,126.63,USD,2026-08-15,037833100
TRD001931,SELL,3000,171.64,USD,2026-08-12,023135106
TRD001932,BUY,3000,90.76,USD,2026-08-12,68389X105
TRD001933,SELL,4500,36.49,USD,2026-08-13,30303M102
TRD001934,SELL,4500,79.26,USD,2026-08-21,478160104
TRD001935,SELL,1400,257.61,USD,2026-08-15,037833100
TRD001936,SELL,2200,93.3,USD,2026-08-09,023135106
TRD001937,SELL,400,463.12,USD,2026-08-08,478160104
TRD001938,SELL,2000,492.51,USD,2026-08-08,037833100
TRD001939,SELL,2200,222.77,USD,2026-08-18,88160R101
TRD001940,SELL,2600,54.48,USD,2026-08-12,30303M102
TRD001941,SELL,1300,356.53,USD,2026-08-20,46625H100
TRD001942,BUY,2100,381.09,USD,2026-08-21,037833100
TRD001943,SELL,4600,165.96,USD,2026-08-08,92826C839
TRD001944,BUY,4500,251.57,USD,2026-08-07,023135106
TRD001945,BUY,4800,113.91,USD,2026-08-03,88160R101
TRD001946,SELL,3700,68.93,USD,2026-08-07,46625H100
TRD001947,SELL,2800,346.13,USD,2026-08-08,037833100
TRD001948,BUY,3100,106.22,USD,2026-08-04,594918104
TRD001949,SELL,4200,182.47,USD,2026-08-16,68389X105
TRD001950,SELL,2600,137.6,USD,2026-08-06,023135106
TRD001951,BUY,2000,350.23,USD,2026-08-08,46625H100
TRD001952,SELL,4300,336.09,USD,2026-08-17,46625H100
TRD001953,BUY,4200,233.66,USD,2026-08-03,594918104
TRD001954,BUY,800,254.82,USD,2026-08-19,023135106
TRD001955,BUY,3700,493.93,USD,2026-08-18,30303M102
TRD001956,SELL,700,401.28,USD,2026-08-08,46625H100
TRD001957,BUY,4200,357.31,USD,2026-08-12,92826C839
TRD001958,BUY,2100,50.48,USD,2026-08-20,68389X105
TRD001959,BUY,4500,29.48,USD,2026-08-20,91324P102
TRD001960,SELL,3400,254.51,USD,2026-08-19,92826C839
TRD001961,SELL,4200,79.56,USD,2026-08-09,594918104
TRD001962,BUY,3900,353.7,USD,2026-08-03,91324P102
TRD001963,BUY,2100,79.06,USD,2026-08-07,92826C839
TRD001964,BUY,1100,62.15,USD,2026-08-11,037833100
TRD001965,BUY,800,262.95,USD,2026-08-14,91324P102
TRD001966,BUY,4300,20.04,USD,2026-08-12,037833100
TRD001967,SELL,3400,454.22,USD,2026-08-12,91324P102
TRD001968,BUY,3700,255.41,USD,2026-08-13,91324P102
TRD001969,SELL,2300,310.96,USD,2026-08-19,023135106
TRD001970,SELL,4300,413.49,USD,2026-08-10,037833100
TRD001971,BUY,2000,430.92,USD,2026-08-09,68389X105
TRD001972,SELL,1400,304.06,USD,2026-08-11,68389X105
TRD001973,SELL,2800,55.69,USD,2026-08-11,30303M102
TRD001974,BUY,1100,212.03,USD,2026-08-05,30303M102
TRD001975,SELL,4500,88.76,USD,2026-08-09,594918104
TRD001976,SELL,1800,497.77,USD,2026-08-09,88160R101
TRD001977,SELL,4200,413.84,USD,2026-08-22,68389X105
TRD001978,BUY,1000,171.85,USD,2026-08-16,46625H100
TRD001979,BUY,3900,138.8,USD,2026-08-11,594918104
TRD001980,SELL,4400,283.22,USD,2026-08-05,88160R101
TRD001981,SELL,2400,456.44,USD,2026-08-11,68389X105
TRD001982,SELL,1500,151.35,USD,2026-08-06,46625H100
TRD001983,SELL,1500,201.74,USD,2026-08-06,594918104
TRD001984,BUY,4700,440.25,USD,2026-08-21,478160104
TRD001985,BUY,2300,356.22,USD,2026-08-12,91324P102
TRD001986,BUY,700,450.35,USD,2026-08-08,88160R101
TRD001987,SELL,2500,106.72,USD,2026-08-20,91324P102
TRD001988,SELL,2600,248.89,USD,2026-08-07,30303M102
TRD001989,BUY,3300,362.35,USD,2026-08-07,68389X105
TRD001990,BUY,4800,148.34,USD,2026-08-14,023135106
TRD001991,SELL,2700,359.26,USD,2026-08-08,478160104
TRD001992,SELL,3000,261.07,USD,2026-08-11,46625H100
TRD001993,SELL,4600,443.07,USD,2026-08-10,30303M102
TRD001994,SELL,600,474.78,USD,2026-08-16,88160R101
TRD001995,SELL,4100,58.15,USD,2026-08-10,594918104
TRD001996,BUY,400,60.6,USD,2026-08-12,91324P102
TRD001997,SELL,100,481.84,USD,2026-08-16,91324P102
TRD001998,SELL,900,250.23,USD,2026-08-19,91324P102
TRD001999,SELL,2600,26.67,USD,2026-08-09,037833100
TRD002000,SELL,4500,276.48,USD,2026-08-14,023135106
TRD002001,SELL,4300,476.42,USD,2026-08-19,92826C839
TRD002002,BUY,2900,483.03,USD,2026-08-19,023135106
TRD002003,BUY,2400,422.92,USD,2026-08-19,88160R101
TRD002004,SELL,2800,257.84,USD,2026-08-08,88160R101
TRD002005,SELL,2200,458.74,USD,2026-08-10,91324P102
TRD002006,SELL,800,159.23,USD,2026-08-18,30303M102
TRD002007,BUY,100,374.25,USD,2026-08-21,46625H100
TRD002008,BUY,2000,465.97,USD,2026-08-19,037833100
TRD002009,SELL,4000,427.21,USD,2026-08-04,88160R101
TRD002010,BUY,3000,177.7,USD,2026-08-14,594918104
TRD002011,BUY,4700,109.36,USD,2026-08-14,037833100
TRD002012,BUY,3200,114.82,USD,2026-08-19,91324P102
TRD002013,SELL,2700,79.44,USD,2026-08-18,037833100
TRD002014,BUY,4300,140.06,USD,2026-08-18,46625H100
TRD002015,BUY,2400,225.6,USD,2026-08-08,91324P102
TRD002016,SELL,700,494.9,USD,2026-08-17,68389X105
TRD002017,BUY,4800,228.3,USD,2026-08-14,023135106
TRD002018,BUY,1900,39.32,USD,2026-08-15,46625H100
TRD002019,SELL,300,96.95,USD,2026-08-09,478160104
TRD002020,SELL,1800,77.02,USD,2026-08-18,91324P102
TRD002021,BUY,4400,362.87,USD,2026-08-13,46625H100
TRD002022,SELL,4800,424.67,USD,2026-08-15,68389X105
TRD002023,BUY,700,400.5,USD,2026-08-07,68389X105
TRD002024,BUY,100,388.34,USD,2026-08-10,037833100
TRD002025,SELL,2200,226.24,USD,2026-08-22,037833100
TRD002026,BUY,1900,155.47,USD,2026-08-05,46625H100
TRD002027,BUY,1000,370.04,USD,2026-08-08,023135106
TRD002028,BUY,800,434.8,USD,2026-08-10,46625H100
TRD002029,BUY,4600,395.7,USD,2026-08-06,91324P102
TRD002030,SELL,1300,496.42,USD,2026-08-21,68389X105
TRD002031,BUY,900,212.62,USD,2026-08-11,023135106
TRD002032,SELL,2800,28.48,USD,2026-08-09,594918104
TRD002033,SELL,2500,215.5,USD,2026-08-12,023135106
TRD002034,BUY,2800,250.01,USD,2026-08-19,46625H100
TRD002035,SELL,2000,72.83,USD,2026-08-14,30303M102
TRD002036,SELL,4600,220.68,USD,2026-08-13,037833100
TRD002037,BUY,100,45.02,USD,2026-08-13,023135106
TRD002038,BUY,1800,456.07,USD,2026-08-06,46625H100
TRD002039,BUY,3200,194.52,USD,2026-08-12,594918104
TRD002040,BUY,100,347.82,USD,2026-08-07,88160R101
TRD002041,BUY,2400,376.61,USD,2026-08-21,91324P102
TRD002042,SELL,1600,332.12,USD,2026-08-09,92826C839
TRD002043,BUY,700,82.63,USD,2026-08-22,594918104
TRD002044,BUY,4200,412.36,USD,2026-08-09,478160104
TRD002045,SELL,500,472.07,USD,2026-08-22,88160R101
TRD002046,BUY,3100,495.03,USD,2026-08-09,91324P102
TRD002047,SELL,300,81.36,USD,2026-08-16,91324P102
TRD002048,SELL,4900,429.65,USD,2026-08-20,88160R101
TRD002049,SELL,2900,322.34,USD,2026-08-06,46625H100
TRD002050,BUY,2700,271.41,USD,2026-08-19,037833100
TRD002051,BUY,1800,354.42,USD,2026-08-07,30303M102
TRD002052,BUY,3700,49.18,USD,2026-08-09,46625H100
TRD002053,BUY,3500,437.72,USD,2026-08-05,68389X105
TRD002054,BUY,3300,204.39,USD,2026-08-15,46625H100
TRD002055,SELL,1400,108.35,USD,2026-08-08,92826C839
TRD002056,BUY,4500,24.25,USD,2026-08-19,478160104
TRD002057,SELL,4700,272.04,USD,2026-08-12,023135106
TRD002058,BUY,1800,285.03,USD,2026-08-08,023135106
TRD002059,BUY,1600,160.08,USD,2026-08-07,30303M102
TRD002060,SELL,1800,439.22,USD,2026-08-04,023135106
TRD002061,SELL,1400,276.61,USD,2026-08-03,88160R101
TRD002062,SELL,2400,175.79,USD,2026-08-20,30303M102
TRD002063,SELL,2700,451.2,USD,2026-08-12,88160R101
TRD002064,SELL,4100,411.64,USD,2026-08-14,023135106
TRD002065,SELL,1800,104.83,USD,2026-08-03,91324P102
TRD002066,SELL,5000,470.73,USD,2026-08-21,594918104
TRD002067,SELL,4500,203.35,USD,2026-08-11,92826C839
TRD002068,SELL,2900,125.91,USD,2026-08-11,023135106
TRD002069,SELL,4900,209.82,USD,2026-08-17,023135106
TRD002070,SELL,2800,196.95,USD,2026-08-18,594918104
TRD002071,BUY,3000,108.81,USD,2026-08-08,023135106
TRD002072,SELL,4700,106.6,USD,2026-08-12,037833100
TRD002073,BUY,1200,412.4,USD,2026-08-22,023135106
TRD002074,BUY,500,224.67,USD,2026-08-17,46625H100
TRD002075,BUY,3400,85.9,USD,2026-08-03,92826C839
TRD002076,BUY,2500,29.94,USD,2026-08-03,037833100
TRD002077,BUY,5000,60.13,USD,2026-08-07,92826C839
TRD002078,BUY,100,479.66,USD,2026-08-06,91324P102
TRD002079,SELL,2200,429.31,USD,2026-08-05,023135106
TRD002080,BUY,4900,290.17,USD,2026-08-17,68389X105
TRD002081,BUY,3100,94.17,USD,2026-08-04,91324P102
TRD002082,SELL,4100,280.93,USD,2026-08-03,037833100
TRD002083,BUY,1900,69.23,USD,2026-08-16,68389X105
TRD002084,BUY,1500,31.52,USD,2026-08-16,46625H100
TRD002085,BUY,4200,157.69,USD,2026-08-15,594918104
TRD002086,BUY,800,127.77,USD,2026-08-12,88160R101
TRD002087,BUY,2200,76.81,USD,2026-08-05,037833100
TRD002088,SELL,1200,225.74,USD,2026-08-13,92826C839
TRD002089,BUY,2800,92.11,USD,2026-08-12,92826C839
TRD002090,SELL,2300,440.19,USD,2026-08-11,478160104
TRD002091,SELL,1700,409.15,USD,2026-08-05,037833100
TRD002092,SELL,1000,393.34,USD,2026-08-07,88160R101
TRD002093,BUY,2900,366.24,USD,2026-08-18,594918104
TRD002094,BUY,2800,480.6,USD,2026-08-11,68389X105
TRD002095,BUY,900,107.3,USD,2026-08-15,88160R101
TRD002096,BUY,2800,251.02,USD,2026-08-16,92826C839
TRD002097,SELL,2200,86.35,USD,2026-08-10,46625H100
TRD002098,BUY,3200,278.6,USD,2026-08-18,91324P102
TRD002099,SELL,1500,204.62,USD,2026-08-21,46625H100
TRD002100,SELL,5000,352.88,USD,2026-08-10,594918104
TRD002101,BUY,100,117.57,USD,2026-08-03,88160R101
TRD002102,SELL,900,462.03,USD,2026-08-04,88160R101
TRD002103,BUY,5000,413.13,USD,2026-08-12,478160104
TRD002104,BUY,3600,486.47,USD,2026-08-16,023135106
TRD002105,BUY,1500,46.82,USD,2026-08-07,594918104
TRD002106,SELL,4600,88.68,USD,2026-08-03,46625H100
TRD002107,BUY,4500,70.88,USD,2026-08-21,594918104
TRD002108,BUY,3900,437.83,USD,2026-08-03,68389X105
TRD002109,BUY,600,137.62,USD,2026-08-03,92826C839
TRD002110,SELL,2700,91.86,USD,2026-08-08,478160104
TRD002111,SELL,4800,273.18,USD,2026-08-12,478160104
TRD002112,BUY,2200,233.11,USD,2026-08-03,30303M102
TRD002113,BUY,400,442.96,USD,2026-08-04,92826C839
TRD002114,SELL,3300,96.97,USD,2026-08-15,46625H100
TRD002115,SELL,3000,285.99,USD,2026-08-11,92826C839
TRD002116,SELL,4600,129.11,USD,2026-08-08,30303M102
TRD002117,SELL,3400,201.23,USD,2026-08-07,023135106
TRD002118,BUY,400,125.08,USD,2026-08-08,91324P102
TRD002119,SELL,500,411.95,USD,2026-08-17,478160104
TRD002120,BUY,4200,214.45,USD,2026-08-15,68389X105
TRD002121,BUY,2400,330.39,USD,2026-08-09,30303M102
TRD002122,BUY,500,194.1,USD,2026-08-13,037833100
TRD002123,BUY,1100,279.95,USD,2026-08-05,023135106
TRD002124,SELL,4900,456.65,USD,2026-08-09,91324P102
TRD002125,BUY,300,135.36,USD,2026-08-05,92826C839
TRD002126,SELL,3700,493.52,USD,2026-08-18,037833100
TRD002127,BUY,600,472.88,USD,2026-08-03,88160R101
TRD002128,SELL,2600,260.1,USD,2026-08-13,46625H100
TRD002129,SELL,900,357.28,USD,2026-08-06,88160R101
TRD002130,BUY,4800,261.72,USD,2026-08-19,68389X105
TRD002131,BUY,2500,248.94,USD,2026-08-04,30303M102
TRD002132,BUY,4400,242.29,USD,2026-08-05,023135106
TRD002133,SELL,4400,334.03,USD,2026-08-08,91324P102
TRD002134,SELL,4700,312.19,USD,2026-08-19,88160R101
TRD002135,BUY,900,182.73,USD,2026-08-14,92826C839
TRD002136,SELL,2800,39.21,USD,2026-08-15,023135106
TRD002137,BUY,4000,311.3,USD,2026-08-07,92826C839
TRD002138,SELL,3200,66.75,USD,2026-08-03,68389X105
TRD002139,SELL,2000,282.63,USD,2026-08-05,478160104
TRD002140,BUY,2100,101.46,USD,2026-08-12,68389X105
TRD002141,BUY,3700,194.4,USD,2026-08-05,594918104
TRD002142,BUY,5000,241.16,USD,2026-08-18,30303M102
TRD002143,SELL,2900,332.14,USD,2026-08-07,594918104
TRD002144,SELL,3200,39.0,USD,2026-08-12,46625H100
TRD002145,BUY,4000,460.23,USD,2026-08-07,478160104
TRD002146,BUY,4000,476.98,USD,2026-08-14,594918104
TRD002147,SELL,3300,236.04,USD,2026-08-04,92826C839
TRD002148,SELL,400,375.7,USD,2026-08-10,91324P102
TRD002149,BUY,700,159.52,USD,2026-08-08,92826C839
TRD002150,BUY,500,127.06,USD,2026-08-17,594918104
TRD002151,BUY,3000,328.39,USD,2026-08-17,594918104
TRD002152,BUY,4700,72.01,USD,2026-08-15,46625H100
TRD002153,BUY,2200,50.95,USD,2026-08-13,92826C839
TRD002154,BUY,4500,375.82,USD,2026-08-06,30303M102
TRD002155,BUY,3500,94.76,USD,2026-08-18,68389X105
TRD002156,SELL,2100,292.74,USD,2026-08-22,46625H100
TRD002157,BUY,2400,398.99,USD,2026-08-18,023135106
TRD002158,BUY,200,477.27,USD,2026-08-16,30303M102
TRD002159,BUY,1200,60.12,USD,2026-08-05,30303M102
TRD002160,BUY,2000,439.41,USD,2026-08-17,46625H100
TRD002161,SELL,4300,448.68,USD,2026-08-08,037833100
TRD002162,BUY,2800,184.17,USD,2026-08-12,68389X105
TRD002163,BUY,2700,251.18,USD,2026-08-20,68389X105
TRD002164,SELL,2800,190.25,USD,2026-08-21,46625H100
TRD002165,SELL,3600,395.87,USD,2026-08-22,023135106
TRD002166,BUY,4300,297.67,USD,2026-08-07,88160R101
TRD002167,SELL,4700,376.56,USD,2026-08-13,037833100
TRD002168,BUY,3000,468.23,USD,2026-08-18,88160R101
TRD002169,BUY,4400,215.07,USD,2026-08-19,037833100
TRD002170,SELL,900,324.46,USD,2026-08-21,594918104
TRD002171,BUY,4800,489.94,USD,2026-08-16,91324P102
TRD002172,SELL,3900,201.23,USD,2026-08-14,023135106
TRD002173,SELL,4400,296.88,USD,2026-08-03,88160R101
TRD002174,SELL,200,164.93,USD,2026-08-12,91324P102
TRD002175,SELL,800,355.67,USD,2026-08-17,46625H100
TRD002176,BUY,2300,417.53,USD,2026-08-16,91324P102
TRD002177,SELL,2200,74.42,USD,2026-08-08,478160104
TRD002178,BUY,1200,285.32,USD,2026-08-08,91324P102
TRD002179,BUY,1900,425.64,USD,2026-08-16,30303M102
TRD002180,SELL,700,497.77,USD,2026-08-06,594918104
TRD002181,SELL,4000,467.6,USD,2026-08-06,478160104
TRD002182,SELL,4000,465.07,USD,2026-08-06,478160104
TRD002183,SELL,300,340.5,USD,2026-08-16,023135106
TRD002184,BUY,3000,284.76,USD,2026-08-06,023135106
TRD002185,SELL,800,188.29,USD,2026-08-17,46625H100
TRD002186,SELL,4200,357.84,USD,2026-08-15,037833100
TRD002187,SELL,1500,263.63,USD,2026-08-11,30303M102
TRD002188,BUY,2700,343.18,USD,2026-08-03,46625H100
TRD002189,BUY,200,93.62,USD,2026-08-14,91324P102
TRD002190,SELL,3900,172.39,USD,2026-08-08,92826C839
TRD002191,SELL,1600,286.75,USD,2026-08-15,023135106
TRD002192,SELL,2600,417.7,USD,2026-08-21,46625H100
TRD002193,BUY,4100,207.4,USD,2026-08-08,46625H100
TRD002194,SELL,3400,96.05,USD,2026-08-10,594918104
TRD002195,SELL,900,262.04,USD,2026-08-21,46625H100
TRD002196,SELL,4100,460.0,USD,2026-08-20,68389X105
TRD002197,SELL,1400,64.76,USD,2026-08-03,46625H100
TRD002198,BUY,5000,304.78,USD,2026-08-03,92826C839
TRD002199,SELL,600,294.46,USD,2026-08-03,68389X105
TRD002200,SELL,4100,323.12,USD,2026-08-14,68389X105
TRD002201,BUY,1500,162.52,USD,2026-08-20,023135106
TRD002202,SELL,2500,389.79,USD,2026-08-04,30303M102
TRD002203,BUY,1000,321.17,USD,2026-08-21,594918104
TRD002204,BUY,3900,78.89,USD,2026-08-07,30303M102
TRD002205,BUY,1200,64.53,USD,2026-08-18,88160R101
TRD002206,SELL,1400,207.58,USD,2026-08-18,037833100
TRD002207,BUY,3200,480.42,USD,2026-08-05,023135106
TRD002208,SELL,2500,447.06,USD,2026-08-17,68389X105
TRD002209,BUY,100,453.75,USD,2026-08-21,92826C839
TRD002210,SELL,800,488.44,USD,2026-08-14,478160104
TRD002211,SELL,3900,282.31,USD,2026-08-08,91324P102
TRD002212,SELL,800,112.57,USD,2026-08-03,91324P102
TRD002213,BUY,3300,385.26,USD,2026-08-09,88160R101
TRD002214,BUY,1400,34.16,USD,2026-08-07,023135106
TRD002215,BUY,4500,471.13,USD,2026-08-11,30303M102
TRD002216,BUY,600,187.31,USD,2026-08-20,30303M102
TRD002217,BUY,3200,229.31,USD,2026-08-15,023135106
TRD002218,BUY,1300,349.79,USD,2026-08-11,46625H100
TRD002219,BUY,5000,302.04,USD,2026-08-08,023135106
TRD002220,SELL,3200,228.07,USD,2026-08-17,46625H100
TRD002221,SELL,1800,411.63,USD,2026-08-22,594918104
TRD002222,SELL,2800,115.87,USD,2026-08-14,88160R101
TRD002223,SELL,500,235.71,USD,2026-08-04,91324P102
TRD002224,BUY,2700,160.87,USD,2026-08-19,88160R101
TRD002225,BUY,800,106.35,USD,2026-08-13,46625H100
TRD002226,SELL,2300,137.75,USD,2026-08-09,88160R101
TRD002227,BUY,5000,170.94,USD,2026-08-03,88160R101
TRD002228,SELL,4600,177.86,USD,2026-08-17,92826C839
TRD002229,SELL,1500,289.59,USD,2026-08-15,30303M102
TRD002230,SELL,3400,124.38,USD,2026-08-20,30303M102
TRD002231,SELL,4300,55.92,USD,2026-08-16,46625H100
TRD002232,BUY,2100,115.11,USD,2026-08-04,478160104
TRD002233,BUY,1800,222.19,USD,2026-08-06,478160104
TRD002234,BUY,2100,303.76,USD,2026-08-10,92826C839
TRD002235,BUY,200,328.96,USD,2026-08-21,037833100
TRD002236,SELL,1900,82.91,USD,2026-08-15,037833100
TRD002237,SELL,3400,38.78,USD,2026-08-03,594918104
TRD002238,BUY,2700,367.16,USD,2026-08-11,88160R101
TRD002239,SELL,2600,58.29,USD,2026-08-13,478160104
TRD002240,SELL,2600,163.25,USD,2026-08-17,478160104
TRD002241,SELL,800,424.68,USD,2026-08-22,594918104
TRD002242,BUY,400,416.22,USD,2026-08-07,594918104
TRD002243,SELL,4500,367.64,USD,2026-08-10,68389X105
TRD002244,BUY,4700,453.09,USD,2026-08-14,91324P102
TRD002245,SELL,4500,436.65,USD,2026-08-11,037833100
TRD002246,BUY,2000,56.02,USD,2026-08-13,92826C839
TRD002247,SELL,2500,149.56,USD,2026-08-08,68389X105
TRD002248,SELL,800,80.62,USD,2026-08-07,92826C839
TRD002249,SELL,2700,325.71,USD,2026-08-06,91324P102
TRD002250,SELL,3700,249.4,USD,2026-08-18,30303M102
TRD002251,BUY,4700,251.7,USD,2026-08-05,30303M102
TRD002252,SELL,4600,59.74,USD,2026-08-20,023135106
TRD002253,SELL,4800,430.81,USD,2026-08-05,594918104
TRD002254,SELL,400,121.99,USD,2026-08-09,478160104
TRD002255,SELL,1300,254.07,USD,2026-08-13,023135106
TRD002256,SELL,4900,273.27,USD,2026-08-13,30303M102
TRD002257,SELL,4200,93.92,USD,2026-08-19,594918104
TRD002258,SELL,1500,460.01,USD,2026-08-15,478160104
TRD002259,SELL,3300,117.45,USD,2026-08-15,023135106
TRD002260,BUY,2800,98.81,USD,2026-08-12,92826C839
TRD002261,SELL,1000,241.26,USD,2026-08-06,594918104
TRD002262,BUY,3000,109.77,USD,2026-08-03,478160104
TRD002263,SELL,2900,188.94,USD,2026-08-06,91324P102
TRD002264,BUY,2800,121.79,USD,2026-08-15,91324P102
TRD002265,BUY,2200,45.52,USD,2026-08-11,88160R101
TRD002266,BUY,4200,203.61,USD,2026-08-16,023135106
TRD002267,BUY,2600,104.79,USD,2026-08-11,91324P102
TRD002268,SELL,3400,228.11,USD,2026-08-04,023135106
TRD002269,SELL,1500,75.29,USD,2026-08-04,92826C839
TRD002270,BUY,500,275.42,USD,2026-08-11,023135106
TRD002271,SELL,4500,363.6,USD,2026-08-15,46625H100
TRD002272,BUY,4700,415.55,USD,2026-08-11,478160104
TRD002273,BUY,1400,186.86,USD,2026-08-12,92826C839
TRD002274,BUY,100,65.24,USD,2026-08-19,92826C839
TRD002275,BUY,2000,429.23,USD,2026-08-10,68389X105
TRD002276,BUY,500,99.99,USD,2026-08-13,478160104
TRD002277,BUY,100,339.7,USD,2026-08-16,88160R101
TRD002278,BUY,1700,443.0,USD,2026-08-08,037833100
TRD002279,SELL,3100,299.92,USD,2026-08-18,023135106
TRD002280,BUY,300,413.08,USD,2026-08-21,30303M102
TRD002281,SELL,3400,261.51,USD,2026-08-07,594918104
TRD002282,BUY,4800,181.13,USD,2026-08-18,88160R101
TRD002283,SELL,1700,338.44,USD,2026-08-11,88160R101
TRD002284,BUY,2300,164.54,USD,2026-08-13,91324P102
TRD002285,SELL,3900,252.49,USD,2026-08-11,91324P102
TRD002286,SELL,200,90.99,USD,2026-08-16,023135106
TRD002287,SELL,1000,191.45,USD,2026-08-03,023135106
TRD002288,SELL,4500,487.18,USD,2026-08-14,023135106
TRD002289,SELL,1300,461.91,USD,2026-08-15,594918104
TRD002290,SELL,4100,345.82,USD,2026-08-17,91324P102
TRD002291,BUY,4400,187.45,USD,2026-08-13,46625H100
TRD002292,SELL,1800,168.48,USD,2026-08-04,92826C839
TRD002293,SELL,2200,420.4,USD,2026-08-06,46625H100
TRD002294,SELL,3700,484.71,USD,2026-08-14,30303M102
TRD002295,BUY,100,259.48,USD,2026-08-07,478160104
TRD002296,SELL,3400,484.0,USD,2026-08-22,91324P102
TRD002297,SELL,2000,253.68,USD,2026-08-05,30303M102
TRD002298,BUY,300,124.32,USD,2026-08-21,594918104
TRD002299,BUY,2000,22.44,USD,2026-08-14,037833100
TRD002300,BUY,900,188.1,USD,2026-08-12,91324P102
TRD002301,SELL,5000,289.16,USD,2026-08-05,30303M102
TRD002302,BUY,4700,114.43,USD,2026-08-21,594918104
TRD002303,BUY,300,247.13,USD,2026-08-14,023135106
TRD002304,SELL,4100,205.4,USD,2026-08-15,594918104
TRD002305,SELL,2000,306.58,USD,2026-08-08,92826C839
TRD002306,BUY,2100,406.1,USD,2026-08-07,023135106
TRD002307,BUY,2700,286.06,USD,2026-08-12,30303M102
TRD002308,BUY,3700,465.02,USD,2026-08-17,91324P102
TRD002309,BUY,2800,66.1,USD,2026-08-19,478160104
TRD002310,SELL,3300,468.74,USD,2026-08-14,478160104
TRD002311,BUY,3000,221.84,USD,2026-08-16,478160104
TRD002312,BUY,3600,32.68,USD,2026-08-16,594918104
TRD002313,SELL,4000,455.29,USD,2026-08-10,92826C839
TRD002314,SELL,900,318.03,USD,2026-08-21,30303M102
TRD002315,BUY,2600,80.45,USD,2026-08-03,478160104
TRD002316,SELL,3400,240.91,USD,2026-08-04,594918104
TRD002317,BUY,4200,71.38,USD,2026-08-22,594918104
TRD002318,SELL,3700,251.1,USD,2026-08-13,037833100
TRD002319,BUY,3800,343.72,USD,2026-08-04,023135106
TRD002320,SELL,3600,375.4,USD,2026-08-18,68389X105
TRD002321,BUY,4400,327.04,USD,2026-08-07,30303M102
TRD002322,SELL,4700,494.8,USD,2026-08-03,478160104
TRD002323,SELL,1300,75.06,USD,2026-08-03,68389X105
TRD002324,SELL,800,269.51,USD,2026-08-10,023135106
TRD002325,BUY,200,419.71,USD,2026-08-17,46625H100
TRD002326,BUY,800,163.96,USD,2026-08-18,68389X105
TRD002327,SELL,3500,144.93,USD,2026-08-22,478160104
TRD002328,SELL,4000,79.13,USD,2026-08-07,037833100
TRD002329,BUY,4800,335.58,USD,2026-08-08,91324P102
TRD002330,SELL,3500,116.17,USD,2026-08-18,30303M102
TRD002331,BUY,700,480.36,USD,2026-08-18,88160R101
TRD002332,SELL,2600,205.19,USD,2026-08-06,478160104
TRD002333,BUY,2800,91.12,USD,2026-08-12,478160104
TRD002334,BUY,2500,25.29,USD,2026-08-12,037833100
TRD002335,SELL,4300,317.54,USD,2026-08-04,88160R101
TRD002336,SELL,3000,443.56,USD,2026-08-17,30303M102
TRD002337,BUY,1100,191.72,USD,2026-08-19,023135106
TRD002338,BUY,4600,272.03,USD,2026-08-19,594918104
TRD002339,BUY,1000,188.9,USD,2026-08-21,88160R101
TRD002340,BUY,900,153.6,USD,2026-08-12,46625H100
TRD002341,BUY,4200,252.2,USD,2026-08-18,92826C839
TRD002342,SELL,3700,360.08,USD,2026-08-19,91324P102
TRD002343,BUY,4500,175.56,USD,2026-08-21,88160R101
TRD002344,SELL,2600,52.43,USD,2026-08-03,68389X105
TRD002345,BUY,4300,70.99,USD,2026-08-18,88160R101
TRD002346,SELL,5000,408.11,USD,2026-08-10,594918104
TRD002347,SELL,1200,369.52,USD,2026-08-15,46625H100
TRD002348,SELL,400,313.71,USD,2026-08-06,037833100
TRD002349,SELL,500,231.93,USD,2026-08-14,92826C839
TRD002350,SELL,200,463.3,USD,2026-08-13,594918104
TRD002351,SELL,2500,83.94,USD,2026-08-21,91324P102
TRD002352,BUY,1700,255.73,USD,2026-08-12,023135106
TRD002353,BUY,1100,228.35,USD,2026-08-19,023135106
TRD002354,BUY,200,321.98,USD,2026-08-06,023135106
TRD002355,BUY,900,448.78,USD,2026-08-14,46625H100
TRD002356,SELL,500,183.54,USD,2026-08-19,478160104
TRD002357,BUY,1400,293.78,USD,2026-08-18,91324P102
TRD002358,BUY,4000,451.88,USD,2026-08-07,594918104
TRD002359,BUY,4100,200.54,USD,2026-08-05,92826C839
TRD002360,BUY,3400,163.15,USD,2026-08-06,478160104
TRD002361,BUY,3900,279.46,USD,2026-08-03,023135106
TRD002362,SELL,1900,462.69,USD,2026-08-11,46625H100
TRD002363,SELL,500,438.77,USD,2026-08-08,30303M102
TRD002364,BUY,3700,135.87,USD,2026-08-19,92826C839
TRD002365,SELL,2600,316.95,USD,2026-08-20,594918104
TRD002366,SELL,1700,333.55,USD,2026-08-04,88160R101
TRD002367,BUY,1300,180.58,USD,2026-08-04,68389X105
TRD002368,BUY,4700,178.21,USD,2026-08-04,023135106
TRD002369,BUY,3700,454.08,USD,2026-08-04,88160R101
TRD002370,SELL,2700,307.11,USD,2026-08-22,594918104
TRD002371,SELL,3100,474.37,USD,2026-08-11,037833100
TRD002372,BUY,3200,263.65,USD,2026-08-14,46625H100
TRD002373,BUY,1500,30.29,USD,2026-08-04,037833100
TRD002374,SELL,1300,276.41,USD,2026-08-15,037833100
TRD002375,SELL,400,205.82,USD,2026-08-15,68389X105
TRD002376,BUY,2800,283.78,USD,2026-08-06,478160104
TRD002377,BUY,4000,491.62,USD,2026-08-14,88160R101
TRD002378,BUY,2800,460.67,USD,2026-08-10,023135106
TRD002379,BUY,100,129.02,USD,2026-08-20,92826C839
TRD002380,BUY,100,439.16,USD,2026-08-10,037833100
TRD002381,BUY,900,230.51,USD,2026-08-12,037833100
TRD002382,BUY,3900,334.5,USD,2026-08-10,30303M102
TRD002383,BUY,2600,249.78,USD,2026-08-06,594918104
TRD002384,BUY,3500,118.81,USD,2026-08-14,023135106
TRD002385,BUY,2000,471.88,USD,2026-08-20,30303M102
TRD002386,SELL,1600,272.89,USD,2026-08-11,88160R101
TRD002387,SELL,3300,70.1,USD,2026-08-14,46625H100
TRD002388,SELL,4000,253.38,USD,2026-08-05,023135106
TRD002389,SELL,3400,130.66,USD,2026-08-20,023135106
TRD002390,BUY,4700,411.86,USD,2026-08-07,037833100
TRD002391,SELL,4500,231.33,USD,2026-08-17,594918104
TRD002392,BUY,300,149.74,USD,2026-08-21,46625H100
TRD002393,BUY,600,48.67,USD,2026-08-22,46625H100
TRD002394,BUY,2500,204.64,USD,2026-08-04,023135106
TRD002395,BUY,1200,336.76,USD,2026-08-20,037833100
TRD002396,SELL,300,279.94,USD,2026-08-14,037833100
TRD002397,SELL,4900,448.72,USD,2026-08-11,92826C839
TRD002398,BUY,200,183.65,USD,2026-08-22,46625H100
TRD002399,SELL,4700,465.71,USD,2026-08-04,594918104
TRD002400,SELL,4700,467.59,USD,2026-08-12,91324P102
TRD002401,BUY,3700,365.23,USD,2026-08-19,30303M102
TRD002402,BUY,2500,244.32,USD,2026-08-10,68389X105
TRD002403,SELL,1800,403.8,USD,2026-08-11,594918104
TRD002404,SELL,5000,280.55,USD,2026-08-13,92826C839
TRD002405,BUY,4000,151.65,USD,2026-08-11,30303M102
TRD002406,SELL,5000,311.84,USD,2026-08-06,30303M102
TRD002407,SELL,2100,421.28,USD,2026-08-08,478160104
TRD002408,BUY,2900,24.26,USD,2026-08-04,88160R101
TRD002409,BUY,3600,124.56,USD,2026-08-04,92826C839
TRD002410,SELL,1800,450.58,USD,2026-08-20,88160R101
TRD002411,SELL,2900,106.31,USD,2026-08-11,30303M102
TRD002412,SELL,900,129.16,USD,2026-08-08,68389X105
TRD002413,SELL,4200,43.8,USD,2026-08-06,037833100
TRD002414,BUY,3300,433.07,USD,2026-08-21,88160R101
TRD002415,BUY,4600,129.42,USD,2026-08-11,30303M102
TRD002416,BUY,2300,279.41,USD,2026-08-04,92826C839
TRD002417,BUY,700,57.19,USD,2026-08-17,594918104
TRD002418,SELL,1600,117.94,USD,2026-08-21,88160R101
TRD002419,SELL,4400,219.67,USD,2026-08-16,30303M102
TRD002420,BUY,2100,311.34,USD,2026-08-14,88160R101
TRD002421,SELL,4200,199.86,USD,2026-08-12,92826C839
TRD002422,BUY,2400,41.41,USD,2026-08-07,92826C839
TRD002423,BUY,3900,121.51,USD,2026-08-13,91324P102
TRD002424,SELL,4800,263.93,USD,2026-08-21,88160R101
TRD002425,SELL,2500,418.75,USD,2026-08-04,68389X105
TRD002426,BUY,4200,57.65,USD,2026-08-05,023135106
TRD002427,SELL,3700,322.56,USD,2026-08-16,91324P102
TRD002428,SELL,3400,403.14,USD,2026-08-22,478160104
TRD002429,SELL,3400,231.69,USD,2026-08-11,023135106
TRD002430,SELL,1900,457.31,USD,2026-08-13,023135106
TRD002431,SELL,2400,130.83,USD,2026-08-13,594918104
TRD002432,SELL,2900,371.74,USD,2026-08-16,88160R101
TRD002433,BUY,3600,262.71,USD,2026-08-14,478160104
TRD002434,SELL,2900,397.43,USD,2026-08-10,92826C839
TRD002435,SELL,900,464.34,USD,2026-08-10,46625H100
TRD002436,SELL,4300,86.31,USD,2026-08-11,30303M102
TRD002437,BUY,800,59.12,USD,2026-08-16,91324P102
TRD002438,SELL,3700,257.22,USD,2026-08-09,68389X105
TRD002439,SELL,100,100.05,USD,2026-08-16,30303M102
TRD002440,SELL,4600,466.46,USD,2026-08-06,68389X105
TRD002441,SELL,2800,31.49,USD,2026-08-08,594918104
TRD002442,BUY,3400,460.94,USD,2026-08-16,88160R101
TRD002443,BUY,4500,287.33,USD,2026-08-12,594918104
TRD002444,BUY,2200,303.91,USD,2026-08-22,594918104
TRD002445,SELL,300,55.4,USD,2026-08-14,478160104
TRD002446,SELL,4100,235.88,USD,2026-08-16,30303M102
TRD002447,SELL,4500,84.61,USD,2026-08-08,92826C839
TRD002448,SELL,3300,60.22,USD,2026-08-03,92826C839
TRD002449,SELL,4400,331.71,USD,2026-08-15,88160R101
TRD002450,BUY,3300,366.82,USD,2026-08-11,594918104
TRD002451,BUY,3200,183.74,USD,2026-08-21,91324P102
TRD002452,SELL,3800,263.95,USD,2026-08-16,30303M102
TRD002453,BUY,2100,383.5,USD,2026-08-07,037833100
TRD002454,SELL,4800,443.54,USD,2026-08-09,46625H100
TRD002455,SELL,3700,442.2,USD,2026-08-13,594918104
TRD002456,BUY,1100,76.9,USD,2026-08-11,478160104
TRD002457,BUY,1100,158.47,USD,2026-08-11,92826C839
TRD002458,SELL,1500,339.89,USD,2026-08-07,594918104
TRD002459,BUY,3300,382.34,USD,2026-08-03,92826C839
TRD002460,SELL,3500,278.2,USD,2026-08-09,037833100
TRD002461,BUY,200,197.38,USD,2026-08-12,92826C839
TRD002462,BUY,2900,270.03,USD,2026-08-17,30303M102
TRD002463,SELL,4600,359.03,USD,2026-08-06,478160104
TRD002464,SELL,3200,146.27,USD,2026-08-07,30303M102
TRD002465,SELL,800,484.85,USD,2026-08-05,023135106
TRD002466,SELL,2100,95.23,USD,2026-08-13,30303M102
TRD002467,BUY,4800,266.17,USD,2026-08-05,88160R101
TRD002468,SELL,300,228.02,USD,2026-08-19,88160R101
TRD002469,BUY,3600,337.34,USD,2026-08-04,037833100
TRD002470,BUY,3800,200.58,USD,2026-08-10,023135106
TRD002471,BUY,1000,252.56,USD,2026-08-08,478160104
TRD002472,BUY,1300,324.69,USD,2026-08-05,91324P102
TRD002473,SELL,4800,122.81,USD,2026-08-16,594918104
TRD002474,BUY,4000,120.1,USD,2026-08-08,037833100
TRD002475,BUY,1700,314.42,USD,2026-08-21,023135106
TRD002476,SELL,3100,274.62,USD,2026-08-08,30303M102
TRD002477,SELL,1900,340.63,USD,2026-08-18,46625H100
TRD002478,SELL,3500,250.86,USD,2026-08-06,023135106
TRD002479,BUY,4900,386.69,USD,2026-08-16,478160104
TRD002480,BUY,4300,223.94,USD,2026-08-08,478160104
TRD002481,SELL,4300,74.5,USD,2026-08-15,68389X105
TRD002482,SELL,3100,423.26,USD,2026-08-18,92826C839
TRD002483,BUY,1600,33.9,USD,2026-08-11,91324P102
TRD002484,BUY,2700,49.19,USD,2026-08-13,30303M102
TRD002485,SELL,2700,207.86,USD,2026-08-17,46625H100
TRD002486,BUY,400,148.79,USD,2026-08-10,88160R101
TRD002487,SELL,300,168.09,USD,2026-08-16,023135106
TRD002488,SELL,1100,277.29,USD,2026-08-06,92826C839
TRD002489,SELL,900,310.38,USD,2026-08-03,037833100
TRD002490,SELL,600,394.61,USD,2026-08-13,88160R101
TRD002491,SELL,3600,50.46,USD,2026-08-04,91324P102
TRD002492,BUY,3500,115.25,USD,2026-08-08,91324P102
TRD002493,BUY,4600,130.08,USD,2026-08-08,88160R101
TRD002494,BUY,1400,285.42,USD,2026-08-10,037833100
TRD002495,BUY,200,382.46,USD,2026-08-19,594918104
TRD002496,SELL,3200,40.3,USD,2026-08-12,30303M102
TRD002497,BUY,4100,390.76,USD,2026-08-10,037833100
TRD002498,BUY,800,410.24,USD,2026-08-15,46625H100
TRD002499,BUY,4800,440.78,USD,2026-08-05,594918104
TRD002500,BUY,4700,357.67,USD,2026-08-16,037833100
TRD002501,BUY,3500,310.34,USD,2026-08-07,594918104
TRD002502,SELL,2600,113.26,USD,2026-08-22,30303M102
TRD002503,SELL,2800,265.93,USD,2026-08-03,30303M102
TRD002504,BUY,1300,67.85,USD,2026-08-21,478160104
TRD002505,BUY,2800,64.67,USD,2026-08-16,91324P102
TRD002506,BUY,1900,455.68,USD,2026-08-20,91324P102
TRD002507,BUY,200,496.71,USD,2026-08-15,88160R101
TRD002508,SELL,4600,71.99,USD,2026-08-10,92826C839
TRD002509,SELL,2600,390.18,USD,2026-08-17,88160R101
TRD002510,BUY,700,328.55,USD,2026-08-13,68389X105
TRD002511,SELL,600,65.79,USD,2026-08-08,023135106
TRD002512,SELL,3200,304.84,USD,2026-08-05,68389X105
TRD002513,BUY,3100,271.23,USD,2026-08-21,023135106
TRD002514,BUY,3200,140.97,USD,2026-08-12,88160R101
TRD002515,SELL,300,174.29,USD,2026-08-21,92826C839
TRD002516,BUY,100,148.71,USD,2026-08-09,91324P102
TRD002517,SELL,3500,259.91,USD,2026-08-10,88160R101
TRD002518,BUY,3100,266.93,USD,2026-08-05,594918104
TRD002519,BUY,500,200.33,USD,2026-08-03,68389X105
TRD002520,SELL,800,99.77,USD,2026-08-17,594918104
TRD002521,BUY,2800,257.69,USD,2026-08-19,478160104
TRD002522,BUY,3600,220.71,USD,2026-08-03,30303M102
TRD002523,BUY,1900,365.57,USD,2026-08-11,91324P102
TRD002524,BUY,2400,290.63,USD,2026-08-08,68389X105
TRD002525,BUY,4400,118.14,USD,2026-08-22,88160R101
TRD002526,SELL,1700,246.61,USD,2026-08-09,88160R101
TRD002527,SELL,4700,498.17,USD,2026-08-07,68389X105
TRD002528,SELL,3100,24.71,USD,2026-08-16,68389X105
TRD002529,BUY,500,496.79,USD,2026-08-03,30303M102
TRD002530,SELL,1300,353.14,USD,2026-08-20,478160104
TRD002531,BUY,400,319.99,USD,2026-08-22,68389X105
TRD002532,BUY,4100,288.39,USD,2026-08-10,88160R101
TRD002533,SELL,1300,151.8,USD,2026-08-16,92826C839
TRD002534,SELL,2400,319.76,USD,2026-08-15,30303M102
TRD002535,SELL,4200,336.5,USD,2026-08-05,92826C839
TRD002536,BUY,4700,123.89,USD,2026-08-08,30303M102
TRD002537,SELL,900,402.5,USD,2026-08-21,46625H100
TRD002538,BUY,5000,429.63,USD,2026-08-22,30303M102
TRD002539,SELL,4800,438.24,USD,2026-08-18,023135106
TRD002540,BUY,1500,494.76,USD,2026-08-05,92826C839
TRD002541,BUY,1100,248.22,USD,2026-08-03,88160R101
TRD002542,BUY,400,85.75,USD,2026-08-17,46625H100
TRD002543,SELL,2100,165.23,USD,2026-08-06,023135106
TRD002544,SELL,2500,391.48,USD,2026-08-18,88160R101
TRD002545,BUY,3400,172.15,USD,2026-08-05,92826C839
TRD002546,SELL,1100,473.84,USD,2026-08-11,68389X105
TRD002547,SELL,3600,231.99,USD,2026-08-11,594918104
TRD002548,SELL,2800,333.0,USD,2026-08-08,037833100
TRD002549,SELL,3000,389.96,USD,2026-08-14,46625H100
TRD002550,BUY,3600,440.62,USD,2026-08-09,46625H100
TRD002551,BUY,4800,497.81,USD,2026-08-09,478160104
TRD002552,BUY,1300,22.69,USD,2026-08-12,88160R101
TRD002553,BUY,2400,459.59,USD,2026-08-19,037833100
TRD002554,SELL,300,330.66,USD,2026-08-18,46625H100
TRD002555,BUY,4500,358.05,USD,2026-08-11,037833100
TRD002556,SELL,200,434.33,USD,2026-08-18,92826C839
TRD002557,SELL,3200,103.41,USD,2026-08-20,594918104
TRD002558,BUY,200,314.2,USD,2026-08-07,68389X105
TRD002559,SELL,900,59.76,USD,2026-08-06,037833100
TRD002560,BUY,4600,49.92,USD,2026-08-06,91324P102
TRD002561,BUY,1300,334.45,USD,2026-08-03,88160R101
TRD002562,SELL,2100,450.91,USD,2026-08-08,92826C839
TRD002563,SELL,2400,267.84,USD,2026-08-15,46625H100
TRD002564,SELL,4300,49.51,USD,2026-08-09,91324P102
TRD002565,BUY,1800,60.3,USD,2026-08-17,037833100
TRD002566,BUY,1300,350.58,USD,2026-08-16,68389X105
TRD002567,SELL,100,169.36,USD,2026-08-20,88160R101
TRD002568,BUY,3000,292.72,USD,2026-08-05,92826C839
TRD002569,SELL,600,75.81,USD,2026-08-05,68389X105
TRD002570,SELL,1200,172.4,USD,2026-08-03,68389X105
TRD002571,SELL,1400,326.21,USD,2026-08-17,594918104
TRD002572,SELL,1600,167.74,USD,2026-08-09,68389X105
TRD002573,BUY,2500,358.84,USD,2026-08-08,30303M102
TRD002574,BUY,2100,218.71,USD,2026-08-09,30303M102
TRD002575,SELL,1200,490.05,USD,2026-08-11,478160104
TRD002576,BUY,3200,190.47,USD,2026-08-14,88160R101
TRD002577,SELL,3400,235.84,USD,2026-08-08,037833100
TRD002578,SELL,3800,205.13,USD,2026-08-20,92826C839
TRD002579,BUY,4500,228.25,USD,2026-08-12,023135106
TRD002580,BUY,3300,284.77,USD,2026-08-11,594918104
TRD002581,SELL,1400,143.94,USD,2026-08-17,30303M102
TRD002582,BUY,800,268.17,USD,2026-08-08,478160104
TRD002583,BUY,3800,175.04,USD,2026-08-21,46625H100
TRD002584,SELL,300,174.74,USD,2026-08-06,88160R101
TRD002585,SELL,100,96.2,USD,2026-08-18,88160R101
TRD002586,BUY,700,109.81,USD,2026-08-14,30303M102
TRD002587,BUY,3500,109.36,USD,2026-08-03,478160104
TRD002588,SELL,3000,304.92,USD,2026-08-16,46625H100
TRD002589,BUY,1600,141.24,USD,2026-08-14,92826C839
TRD002590,BUY,4400,212.55,USD,2026-08-04,023135106
TRD002591,SELL,3300,71.77,USD,2026-08-16,30303M102
TRD002592,SELL,2600,304.68,USD,2026-08-08,91324P102
TRD002593,BUY,2000,445.57,USD,2026-08-19,023135106
TRD002594,SELL,3700,380.89,USD,2026-08-07,88160R101
TRD002595,SELL,400,485.76,USD,2026-08-12,68389X105
TRD002596,SELL,3000,210.08,USD,2026-08-17,037833100
TRD002597,SELL,1300,443.82,USD,2026-08-12,30303M102
TRD002598,BUY,1600,431.73,USD,2026-08-16,594918104
TRD002599,SELL,1000,348.66,USD,2026-08-14,037833100
TRD002600,BUY,2300,67.96,USD,2026-08-20,46625H100
TRD002601,SELL,3100,340.85,USD,2026-08-17,023135106
TRD002602,SELL,700,206.04,USD,2026-08-13,68389X105
TRD002603,BUY,2100,451.05,USD,2026-08-16,92826C839
TRD002604,BUY,500,186.5,USD,2026-08-21,037833100
TRD002605,BUY,3900,105.52,USD,2026-08-10,88160R101
TRD002606,BUY,3300,415.15,USD,2026-08-22,92826C839
TRD002607,SELL,500,329.88,USD,2026-08-07,478160104
TRD002608,BUY,1400,164.93,USD,2026-08-05,88160R101
TRD002609,BUY,1200,224.34,USD,2026-08-12,30303M102
TRD002610,BUY,3100,36.72,USD,2026-08-16,68389X105
TRD002611,BUY,4400,268.33,USD,2026-08-06,478160104
TRD002612,SELL,2300,349.31,USD,2026-08-06,46625H100
TRD002613,SELL,100,97.22,USD,2026-08-07,92826C839
TRD002614,SELL,4400,238.25,USD,2026-08-18,46625H100
TRD002615,BUY,400,165.42,USD,2026-08-11,594918104
TRD002616,SELL,2900,260.99,USD,2026-08-18,88160R101
TRD002617,SELL,2400,73.6,USD,2026-08-08,46625H100
TRD002618,SELL,2500,437.75,USD,2026-08-05,68389X105
TRD002619,BUY,4600,303.27,USD,2026-08-09,91324P102
TRD002620,SELL,4700,438.66,USD,2026-08-16,037833100
TRD002621,BUY,300,78.34,USD,2026-08-18,478160104
TRD002622,BUY,3900,349.47,USD,2026-08-11,46625H100
TRD002623,BUY,1900,388.08,USD,2026-08-03,91324P102
TRD002624,BUY,1900,191.3,USD,2026-08-03,478160104
TRD002625,BUY,4100,37.1,USD,2026-08-06,88160R101
TRD002626,SELL,3500,374.57,USD,2026-08-10,68389X105
TRD002627,BUY,700,80.51,USD,2026-08-07,478160104
TRD002628,BUY,1800,185.79,USD,2026-08-17,92826C839
TRD002629,BUY,4700,413.83,USD,2026-08-21,478160104
TRD002630,BUY,2100,198.94,USD,2026-08-07,92826C839
TRD002631,SELL,4100,409.99,USD,2026-08-06,46625H100
TRD002632,SELL,4700,57.81,USD,2026-08-12,46625H100
TRD002633,BUY,1200,476.17,USD,2026-08-11,594918104
TRD002634,SELL,2800,483.28,USD,2026-08-09,92826C839
TRD002635,BUY,2000,315.48,USD,2026-08-20,023135106
TRD002636,SELL,400,199.63,USD,2026-08-18,023135106
TRD002637,SELL,2800,151.9,USD,2026-08-08,30303M102
TRD002638,SELL,300,310.22,USD,2026-08-08,30303M102
TRD002639,BUY,2700,119.43,USD,2026-08-16,68389X105
TRD002640,BUY,3000,307.56,USD,2026-08-13,594918104
TRD002641,BUY,200,360.32,USD,2026-08-10,594918104
TRD002642,SELL,4700,361.78,USD,2026-08-17,92826C839
TRD002643,BUY,3900,177.8,USD,2026-08-15,478160104
TRD002644,SELL,100,184.62,USD,2026-08-13,88160R101
TRD002645,SELL,1000,241.73,USD,2026-08-18,023135106
TRD002646,SELL,1100,343.03,USD,2026-08-11,46625H100
TRD002647,BUY,3700,484.51,USD,2026-08-18,91324P102
TRD002648,SELL,600,119.62,USD,2026-08-19,88160R101
TRD002649,BUY,4900,171.36,USD,2026-08-17,037833100
TRD002650,BUY,3800,100.03,USD,2026-08-14,92826C839
TRD002651,BUY,4900,31.24,USD,2026-08-12,91324P102
TRD002652,SELL,1600,200.14,USD,2026-08-20,68389X105
TRD002653,BUY,800,66.55,USD,2026-08-09,023135106
TRD002654,SELL,3700,158.89,USD,2026-08-08,46625H100
TRD002655,SELL,2300,380.61,USD,2026-08-16,92826C839
TRD002656,BUY,5000,194.32,USD,2026-08-06,88160R101
TRD002657,SELL,3500,208.24,USD,2026-08-15,478160104
TRD002658,SELL,1900,416.55,USD,2026-08-17,68389X105
TRD002659,SELL,1200,212.03,USD,2026-08-03,91324P102
TRD002660,SELL,4900,242.73,USD,2026-08-08,594918104
TRD002661,BUY,4200,220.69,USD,2026-08-16,46625H100
TRD002662,BUY,200,317.06,USD,2026-08-07,92826C839
TRD002663,SELL,600,307.79,USD,2026-08-16,037833100
TRD002664,BUY,1600,99.9,USD,2026-08-18,594918104
TRD002665,SELL,200,376.62,USD,2026-08-15,91324P102
TRD002666,SELL,1300,428.15,USD,2026-08-08,478160104
TRD002667,BUY,1600,104.1,USD,2026-08-09,88160R101
TRD002668,BUY,500,449.33,USD,2026-08-09,92826C839
TRD002669,BUY,1600,348.16,USD,2026-08-17,023135106
TRD002670,SELL,3000,260.1,USD,2026-08-06,92826C839
TRD002671,SELL,1100,137.53,USD,2026-08-05,037833100
TRD002672,SELL,4400,344.9,USD,2026-08-19,478160104
TRD002673,SELL,500,395.86,USD,2026-08-11,91324P102
TRD002674,BUY,5000,311.35,USD,2026-08-20,037833100
TRD002675,BUY,4700,48.7,USD,2026-08-15,037833100
TRD002676,BUY,4600,465.15,USD,2026-08-17,46625H100
TRD002677,SELL,700,90.07,USD,2026-08-11,92826C839
TRD002678,SELL,800,366.56,USD,2026-08-14,46625H100
TRD002679,SELL,1000,458.23,USD,2026-08-18,023135106
TRD002680,BUY,2200,328.18,USD,2026-08-05,478160104
TRD002681,SELL,3200,381.2,USD,2026-08-11,88160R101
TRD002682,BUY,2900,178.72,USD,2026-08-17,30303M102
TRD002683,SELL,3900,37.16,USD,2026-08-07,68389X105
TRD002684,SELL,200,126.09,USD,2026-08-14,92826C839
TRD002685,BUY,1900,167.2,USD,2026-08-08,92826C839
TRD002686,SELL,3100,362.28,USD,2026-08-12,68389X105
TRD002687,SELL,4500,81.71,USD,2026-08-22,30303M102
TRD002688,SELL,1700,325.65,USD,2026-08-03,023135106
TRD002689,SELL,1000,300.43,USD,2026-08-11,88160R101
TRD002690,SELL,4800,437.71,USD,2026-08-19,46625H100
TRD002691,BUY,1100,486.75,USD,2026-08-07,92826C839
TRD002692,SELL,2100,271.2,USD,2026-08-15,478160104
TRD002693,SELL,3400,251.39,USD,2026-08-18,46625H100
TRD002694,BUY,500,184.34,USD,2026-08-12,023135106
TRD002695,BUY,1800,312.15,USD,2026-08-06,023135106
TRD002696,BUY,3000,293.32,USD,2026-08-03,91324P102
TRD002697,SELL,4800,117.21,USD,2026-08-04,46625H100
TRD002698,SELL,2200,263.56,USD,2026-08-11,91324P102
TRD002699,SELL,4800,278.11,USD,2026-08-05,037833100
TRD002700,BUY,3400,139.03,USD,2026-08-11,68389X105
TRD002701,SELL,4200,431.61,USD,2026-08-10,478160104
TRD002702,BUY,3900,147.57,USD,2026-08-11,594918104
TRD002703,SELL,4700,418.73,USD,2026-08-05,68389X105
TRD002704,SELL,400,119.71,USD,2026-08-10,92826C839
TRD002705,SELL,3100,242.85,USD,2026-08-20,037833100
TRD002706,BUY,4100,55.07,USD,2026-08-18,594918104
TRD002707,BUY,3100,114.75,USD,2026-08-20,92826C839
TRD002708,BUY,3200,163.98,USD,2026-08-03,92826C839
TRD002709,BUY,800,365.59,USD,2026-08-17,023135106
TRD002710,SELL,4100,314.92,USD,2026-08-17,037833100
TRD002711,BUY,2700,308.65,USD,2026-08-18,68389X105
TRD002712,BUY,3100,266.82,USD,2026-08-12,30303M102
TRD002713,SELL,1600,183.75,USD,2026-08-20,91324P102
TRD002714,BUY,2900,73.51,USD,2026-08-08,478160104
TRD002715,BUY,3300,245.84,USD,2026-08-08,68389X105
TRD002716,BUY,2800,343.03,USD,2026-08-06,478160104
TRD002717,BUY,4400,278.52,USD,2026-08-08,023135106
TRD002718,SELL,4900,131.27,USD,2026-08-12,91324P102
TRD002719,BUY,5000,274.59,USD,2026-08-06,30303M102
TRD002720,SELL,1400,294.08,USD,2026-08-07,88160R101
TRD002721,BUY,5000,210.2,USD,2026-08-08,68389X105
TRD002722,SELL,1100,176.33,USD,2026-08-19,478160104
TRD002723,SELL,2700,394.28,USD,2026-08-11,023135106
TRD002724,SELL,3100,468.48,USD,2026-08-12,88160R101
TRD002725,BUY,2200,368.82,USD,2026-08-13,478160104
TRD002726,BUY,3700,208.9,USD,2026-08-16,037833100
TRD002727,SELL,2600,46.55,USD,2026-08-16,88160R101
TRD002728,SELL,900,487.99,USD,2026-08-11,037833100
TRD002729,SELL,1300,120.13,USD,2026-08-11,30303M102
TRD002730,SELL,200,174.49,USD,2026-08-15,88160R101
TRD002731,SELL,4800,115.74,USD,2026-08-09,92826C839
TRD002732,SELL,1800,71.28,USD,2026-08-10,68389X105
TRD002733,BUY,3100,471.92,USD,2026-08-21,478160104
TRD002734,SELL,300,394.99,USD,2026-08-15,478160104
TRD002735,BUY,3900,301.33,USD,2026-08-04,594918104
TRD002736,BUY,2200,152.5,USD,2026-08-14,478160104
TRD002737,SELL,800,246.48,USD,2026-08-05,88160R101
TRD002738,SELL,4700,218.61,USD,2026-08-07,68389X105
TRD002739,SELL,3700,116.0,USD,2026-08-05,478160104
TRD002740,BUY,3700,282.36,USD,2026-08-11,91324P102
TRD002741,SELL,1900,350.99,USD,2026-08-07,594918104
TRD002742,SELL,4500,361.47,USD,2026-08-13,88160R101
TRD002743,SELL,2900,378.69,USD,2026-08-09,68389X105
TRD002744,BUY,1500,241.19,USD,2026-08-13,023135106
TRD002745,SELL,4600,144.33,USD,2026-08-22,037833100
TRD002746,BUY,4200,217.17,USD,2026-08-15,478160104
TRD002747,SELL,3400,48.94,USD,2026-08-19,88160R101
TRD002748,BUY,2800,497.91,USD,2026-08-19,88160R101
TRD002749,SELL,3200,155.67,USD,2026-08-13,594918104
TRD002750,SELL,3700,64.23,USD,2026-08-20,594918104
TRD002751,SELL,3300,426.22,USD,2026-08-05,92826C839
TRD002752,SELL,4000,332.08,USD,2026-08-09,594918104
TRD002753,SELL,2800,412.52,USD,2026-08-17,478160104
TRD002754,SELL,4800,93.06,USD,2026-08-13,594918104
TRD002755,BUY,3700,183.11,USD,2026-08-19,46625H100
TRD002756,SELL,2600,295.87,USD,2026-08-03,92826C839
TRD002757,SELL,200,24.1,USD,2026-08-13,46625H100
TRD002758,BUY,1500,300.5,USD,2026-08-13,91324P102
TRD002759,BUY,4300,116.16,USD,2026-08-21,88160R101
TRD002760,SELL,4600,436.28,USD,2026-08-07,023135106
TRD002761,SELL,1400,168.07,USD,2026-08-06,037833100
TRD002762,SELL,300,394.14,USD,2026-08-20,88160R101
TRD002763,SELL,2100,437.87,USD,2026-08-10,023135106
TRD002764,BUY,1100,223.66,USD,2026-08-11,023135106
TRD002765,SELL,1400,390.73,USD,2026-08-03,68389X105
TRD002766,SELL,2900,79.09,USD,2026-08-15,037833100
TRD002767,BUY,4800,430.01,USD,2026-08-09,46625H100
TRD002768,BUY,2900,211.61,USD,2026-08-09,46625H100
TRD002769,SELL,800,64.57,USD,2026-08-08,91324P102
TRD002770,SELL,4700,267.92,USD,2026-08-08,023135106
TRD002771,BUY,3200,375.51,USD,2026-08-14,88160R101
TRD002772,BUY,1400,492.87,USD,2026-08-19,88160R101
TRD002773,BUY,3300,73.76,USD,2026-08-17,037833100
TRD002774,BUY,2700,212.15,USD,2026-08-06,88160R101
TRD002775,BUY,2000,421.54,USD,2026-08-16,30303M102
TRD002776,BUY,4500,60.54,USD,2026-08-15,478160104
TRD002777,BUY,1800,370.22,USD,2026-08-13,037833100
TRD002778,BUY,1600,105.13,USD,2026-08-03,68389X105
TRD002779,SELL,900,353.63,USD,2026-08-04,037833100
TRD002780,SELL,1400,435.85,USD,2026-08-12,88160R101
TRD002781,SELL,1100,221.23,USD,2026-08-08,91324P102
TRD002782,SELL,4800,408.52,USD,2026-08-08,88160R101
TRD002783,SELL,800,397.55,USD,2026-08-03,478160104
TRD002784,BUY,2600,320.15,USD,2026-08-11,92826C839
TRD002785,BUY,200,179.16,USD,2026-08-18,037833100
TRD002786,SELL,1000,458.52,USD,2026-08-04,91324P102
TRD002787,BUY,3900,366.81,USD,2026-08-08,68389X105
TRD002788,BUY,2300,450.65,USD,2026-08-05,46625H100
TRD002789,SELL,800,484.99,USD,2026-08-17,46625H100
TRD002790,SELL,3500,231.4,USD,2026-08-22,037833100
TRD002791,BUY,3100,451.78,USD,2026-08-11,68389X105
TRD002792,BUY,3500,195.48,USD,2026-08-22,594918104
TRD002793,BUY,4800,418.92,USD,2026-08-21,023135106
TRD002794,BUY,3300,82.31,USD,2026-08-07,023135106
TRD002795,SELL,4800,65.5,USD,2026-08-15,30303M102
TRD002796,SELL,700,139.89,USD,2026-08-11,68389X105
TRD002797,SELL,2000,177.74,USD,2026-08-17,92826C839
TRD002798,SELL,3700,494.07,USD,2026-08-11,68389X105
TRD002799,BUY,2400,337.38,USD,2026-08-21,037833100
TRD002800,SELL,2500,323.3,USD,2026-08-09,68389X105
TRD002801,BUY,4100,36.37,USD,2026-08-10,68389X105
TRD002802,BUY,100,294.6,USD,2026-08-18,88160R101
TRD002803,BUY,3700,214.72,USD,2026-08-09,478160104
TRD002804,SELL,3500,231.13,USD,2026-08-11,91324P102
TRD002805,SELL,2200,498.41,USD,2026-08-08,30303M102
TRD002806,BUY,3200,390.56,USD,2026-08-17,594918104
TRD002807,SELL,2200,386.37,USD,2026-08-11,594918104
TRD002808,SELL,2800,328.3,USD,2026-08-20,68389X105
TRD002809,BUY,3000,418.44,USD,2026-08-06,91324P102
TRD002810,SELL,900,439.19,USD,2026-08-12,478160104
TRD002811,BUY,600,483.82,USD,2026-08-19,68389X105
TRD002812,BUY,3300,113.54,USD,2026-08-10,037833100
TRD002813,BUY,4800,189.89,USD,2026-08-22,68389X105
TRD002814,SELL,3400,272.02,USD,2026-08-20,88160R101
TRD002815,SELL,4500,474.64,USD,2026-08-19,68389X105
TRD002816,BUY,700,346.59,USD,2026-08-22,023135106
TRD002817,SELL,4900,363.72,USD,2026-08-20,92826C839
TRD002818,BUY,1300,153.64,USD,2026-08-15,30303M102
TRD002819,BUY,3400,486.56,USD,2026-08-18,478160104
TRD002820,BUY,4700,470.31,USD,2026-08-03,594918104
TRD002821,BUY,3600,340.7,USD,2026-08-09,92826C839
TRD002822,SELL,500,48.43,USD,2026-08-16,68389X105
TRD002823,BUY,1100,387.0,USD,2026-08-10,46625H100
TRD002824,SELL,4200,221.12,USD,2026-08-21,023135106
TRD002825,BUY,2300,53.86,USD,2026-08-11,68389X105
TRD002826,SELL,800,368.47,USD,2026-08-21,68389X105
TRD002827,BUY,1000,342.67,USD,2026-08-13,037833100
TRD002828,SELL,3400,169.36,USD,2026-08-06,92826C839
TRD002829,BUY,4300,230.37,USD,2026-08-06,91324P102
TRD002830,SELL,3000,93.76,USD,2026-08-13,30303M102
TRD002831,SELL,300,203.12,USD,2026-08-11,594918104
TRD002832,SELL,2800,300.79,USD,2026-08-18,30303M102
TRD002833,BUY,700,62.52,USD,2026-08-22,92826C839
TRD002834,SELL,1600,437.29,USD,2026-08-18,46625H100
TRD002835,BUY,4100,70.49,USD,2026-08-11,30303M102
TRD002836,SELL,4100,263.76,USD,2026-08-16,30303M102
TRD002837,SELL,600,26.2,USD,2026-08-18,023135106
TRD002838,SELL,1500,303.72,USD,2026-08-11,594918104
TRD002839,SELL,4600,254.17,USD,2026-08-22,92826C839
TRD002840,BUY,3400,437.79,USD,2026-08-15,037833100
TRD002841,SELL,3800,422.34,USD,2026-08-06,92826C839
TRD002842,BUY,4900,134.53,USD,2026-08-21,92826C839
TRD002843,BUY,2600,364.78,USD,2026-08-04,88160R101
TRD002844,SELL,2900,429.07,USD,2026-08-21,91324P102
TRD002845,BUY,2600,410.32,USD,2026-08-16,037833100
TRD002846,BUY,1200,31.59,USD,2026-08-13,594918104
TRD002847,BUY,2700,404.91,USD,2026-08-17,30303M102
TRD002848,BUY,4400,185.14,USD,2026-08-10,30303M102
TRD002849,BUY,400,175.77,USD,2026-08-11,68389X105
TRD002850,BUY,5000,434.47,USD,2026-08-13,46625H100
TRD002851,SELL,5000,411.43,USD,2026-08-18,594918104
TRD002852,BUY,4000,278.35,USD,2026-08-10,88160R101
TRD002853,SELL,700,458.8,USD,2026-08-05,46625H100
TRD002854,BUY,3200,326.95,USD,2026-08-15,023135106
TRD002855,BUY,4600,253.01,USD,2026-08-13,478160104
TRD002856,SELL,4900,96.42,USD,2026-08-08,88160R101
TRD002857,BUY,1300,299.29,USD,2026-08-19,91324P102
TRD002858,BUY,3600,278.36,USD,2026-08-15,92826C839
TRD002859,SELL,1300,64.81,USD,2026-08-22,46625H100
TRD002860,SELL,1000,363.63,USD,2026-08-20,88160R101
TRD002861,BUY,2500,69.74,USD,2026-08-12,92826C839
TRD002862,SELL,600,175.44,USD,2026-08-10,478160104
TRD002863,SELL,1600,283.03,USD,2026-08-11,037833100
TRD002864,BUY,4500,491.97,USD,2026-08-10,023135106
TRD002865,BUY,1400,89.78,USD,2026-08-12,023135106
TRD002866,SELL,4000,251.97,USD,2026-08-17,46625H100
TRD002867,SELL,3700,112.27,USD,2026-08-08,91324P102
TRD002868,SELL,4100,296.22,USD,2026-08-15,30303M102
TRD002869,SELL,2400,405.64,USD,2026-08-11,46625H100
TRD002870,BUY,1600,173.67,USD,2026-08-14,594918104
TRD002871,SELL,900,174.4,USD,2026-08-10,91324P102
TRD002872,SELL,700,490.89,USD,2026-08-19,478160104
TRD002873,SELL,700,407.48,USD,2026-08-22,023135106
TRD002874,SELL,4600,357.03,USD,2026-08-20,023135106
TRD002875,BUY,3700,421.57,USD,2026-08-17,92826C839
TRD002876,BUY,3800,229.37,USD,2026-08-08,037833100
TRD002877,SELL,3600,332.13,USD,2026-08-14,478160104
TRD002878,SELL,1000,50.61,USD,2026-08-14,594918104
TRD002879,SELL,1800,293.48,USD,2026-08-03,92826C839
TRD002880,BUY,4600,386.9,USD,2026-08-07,46625H100
TRD002881,BUY,2900,168.72,USD,2026-08-12,88160R101
TRD002882,BUY,3300,474.21,USD,2026-08-07,91324P102
TRD002883,SELL,3800,170.94,USD,2026-08-03,92826C839
TRD002884,BUY,4900,192.01,USD,2026-08-06,594918104
TRD002885,SELL,3400,218.58,USD,2026-08-08,023135106
TRD002886,BUY,3900,391.39,USD,2026-08-08,68389X105
TRD002887,BUY,3200,369.76,USD,2026-08-13,594918104
TRD002888,BUY,2600,295.52,USD,2026-08-15,46625H100
TRD002889,BUY,3100,86.48,USD,2026-08-13,68389X105
TRD002890,BUY,2300,105.16,USD,2026-08-16,30303M102
TRD002891,BUY,1200,145.04,USD,2026-08-09,023135106
TRD002892,BUY,4200,323.84,USD,2026-08-13,478160104
TRD002893,SELL,3400,143.73,USD,2026-08-22,037833100
TRD002894,SELL,400,347.7,USD,2026-08-06,68389X105
TRD002895,BUY,3400,26.04,USD,2026-08-13,46625H100
TRD002896,BUY,3700,290.42,USD,2026-08-05,68389X105
TRD002897,BUY,4000,259.14,USD,2026-08-20,023135106
TRD002898,SELL,700,438.61,USD,2026-08-07,92826C839
TRD002899,BUY,1200,447.89,USD,2026-08-08,91324P102
TRD002900,BUY,2900,34.56,USD,2026-08-04,91324P102
TRD002901,SELL,800,407.46,USD,2026-08-12,30303M102
TRD002902,BUY,4400,106.6,USD,2026-08-19,68389X105
TRD002903,SELL,3200,112.72,USD,2026-08-07,92826C839
TRD002904,SELL,3000,465.73,USD,2026-08-20,46625H100
TRD002905,SELL,800,340.98,USD,2026-08-05,88160R101
TRD002906,BUY,1000,134.94,USD,2026-08-18,023135106
TRD002907,SELL,300,191.99,USD,2026-08-18,92826C839
TRD002908,BUY,3400,63.66,USD,2026-08-13,91324P102
TRD002909,SELL,4500,275.32,USD,2026-08-15,91324P102
TRD002910,SELL,1900,173.75,USD,2026-08-17,023135106
TRD002911,BUY,4100,224.63,USD,2026-08-16,46625H100
TRD002912,BUY,200,255.79,USD,2026-08-13,91324P102
TRD002913,BUY,2500,166.83,USD,2026-08-12,037833100
TRD002914,SELL,300,110.28,USD,2026-08-05,30303M102
TRD002915,SELL,4800,452.13,USD,2026-08-20,68389X105
TRD002916,SELL,4800,43.02,USD,2026-08-03,037833100
TRD002917,SELL,2500,110.35,USD,2026-08-20,037833100
TRD002918,SELL,4400,439.38,USD,2026-08-19,91324P102
TRD002919,SELL,3300,198.0,USD,2026-08-04,023135106
TRD002920,BUY,1200,448.33,USD,2026-08-13,594918104
TRD002921,SELL,3200,119.23,USD,2026-08-22,037833100
TRD002922,BUY,2500,118.89,USD,2026-08-06,30303M102
TRD002923,BUY,1600,336.61,USD,2026-08-13,68389X105
TRD002924,SELL,1500,198.46,USD,2026-08-15,037833100
TRD002925,BUY,3900,138.16,USD,2026-08-11,46625H100
TRD002926,SELL,4600,434.6,USD,2026-08-12,023135106
TRD002927,SELL,4200,373.58,USD,2026-08-11,46625H100
TRD002928,SELL,2700,415.31,USD,2026-08-15,30303M102
TRD002929,SELL,1300,412.03,USD,2026-08-18,30303M102
TRD002930,SELL,4100,352.41,USD,2026-08-04,478160104
TRD002931,BUY,4500,127.03,USD,2026-08-06,594918104
TRD002932,BUY,3200,51.92,USD,2026-08-20,88160R101
TRD002933,BUY,4800,143.12,USD,2026-08-15,30303M102
TRD002934,SELL,1900,430.64,USD,2026-08-11,594918104
TRD002935,SELL,2600,414.98,USD,2026-08-09,594918104
TRD002936,SELL,3200,116.38,USD,2026-08-19,037833100
TRD002937,BUY,700,73.48,USD,2026-08-04,46625H100
TRD002938,BUY,4900,352.94,USD,2026-08-05,023135106
TRD002939,BUY,2400,230.29,USD,2026-08-07,478160104
TRD002940,SELL,300,338.18,USD,2026-08-19,023135106
TRD002941,SELL,4700,172.6,USD,2026-08-21,037833100
TRD002942,SELL,2200,432.55,USD,2026-08-11,68389X105
TRD002943,BUY,1300,452.75,USD,2026-08-04,46625H100
TRD002944,BUY,1900,262.69,USD,2026-08-10,68389X105
TRD002945,SELL,2200,335.85,USD,2026-08-17,037833100
TRD002946,SELL,500,424.84,USD,2026-08-22,91324P102
TRD002947,BUY,1100,88.81,USD,2026-08-13,037833100
TRD002948,BUY,500,216.76,USD,2026-08-20,037833100
TRD002949,SELL,1100,367.56,USD,2026-08-13,88160R101
TRD002950,BUY,700,348.47,USD,2026-08-03,46625H100
TRD002951,BUY,400,410.58,USD,2026-08-21,594918104
TRD002952,SELL,4900,321.58,USD,2026-08-21,91324P102
TRD002953,BUY,4200,415.52,USD,2026-08-18,92826C839
TRD002954,SELL,1900,349.09,USD,2026-08-15,478160104
TRD002955,SELL,1600,347.78,USD,2026-08-22,30303M102
TRD002956,BUY,4100,238.39,USD,2026-08-07,478160104
TRD002957,SELL,2400,127.44,USD,2026-08-12,68389X105
TRD002958,SELL,2500,499.59,USD,2026-08-08,88160R101
TRD002959,SELL,2800,406.62,USD,2026-08-07,037833100
TRD002960,BUY,4600,442.31,USD,2026-08-10,46625H100
TRD002961,BUY,4100,189.41,USD,2026-08-15,46625H100
TRD002962,SELL,3000,372.06,USD,2026-08-17,46625H100
TRD002963,BUY,2200,176.49,USD,2026-08-15,68389X105
TRD002964,SELL,1400,138.08,USD,2026-08-09,92826C839
TRD002965,BUY,4700,336.48,USD,2026-08-22,88160R101
TRD002966,SELL,3600,433.97,USD,2026-08-16,88160R101
TRD002967,SELL,1400,208.56,USD,2026-08-18,594918104
TRD002968,SELL,2900,164.15,USD,2026-08-22,46625H100
TRD002969,BUY,1400,182.09,USD,2026-08-08,46625H100
TRD002970,SELL,2800,106.55,USD,2026-08-17,037833100
TRD002971,SELL,2500,292.35,USD,2026-08-08,30303M102
TRD002972,SELL,4400,290.41,USD,2026-08-07,46625H100
TRD002973,SELL,1300,92.33,USD,2026-08-13,478160104
TRD002974,BUY,4800,82.67,USD,2026-08-18,88160R101
TRD002975,SELL,4900,313.92,USD,2026-08-04,594918104
TRD002976,SELL,600,30.3,USD,2026-08-04,88160R101
TRD002977,SELL,2100,467.15,USD,2026-08-14,023135106
TRD002978,SELL,1400,167.63,USD,2026-08-05,88160R101
TRD002979,SELL,2100,300.06,USD,2026-08-17,478160104
TRD002980,BUY,1200,159.08,USD,2026-08-06,91324P102
TRD002981,BUY,1000,98.36,USD,2026-08-06,91324P102
TRD002982,SELL,2700,95.97,USD,2026-08-20,478160104
TRD002983,SELL,1800,351.18,USD,2026-08-10,594918104
TRD002984,SELL,1000,456.41,USD,2026-08-06,037833100
TRD002985,BUY,2500,246.95,USD,2026-08-18,68389X105
TRD002986,SELL,3800,350.3,USD,2026-08-14,478160104
TRD002987,SELL,1200,234.72,USD,2026-08-03,478160104
TRD002988,SELL,3700,185.04,USD,2026-08-13,594918104
TRD002989,SELL,500,105.07,USD,2026-08-22,30303M102
TRD002990,SELL,1000,73.27,USD,2026-08-09,88160R101
TRD002991,BUY,600,190.26,USD,2026-08-18,037833100
TRD002992,SELL,3800,220.51,USD,2026-08-08,88160R101
TRD002993,SELL,1300,266.44,USD,2026-08-19,037833100
TRD002994,BUY,1100,44.97,USD,2026-08-10,30303M102
TRD002995,BUY,2800,182.01,USD,2026-08-11,478160104
TRD002996,SELL,2200,284.61,USD,2026-08-07,92826C839
TRD002997,BUY,3700,29.22,USD,2026-08-15,023135106
TRD002998,SELL,2500,206.43,USD,2026-08-11,46625H100
TRD002999,BUY,3300,429.74,USD,2026-08-16,46625H100
TRD003000,SELL,900,472.6,USD,2026-08-11,91324P102
TRD003001,BUY,1900,148.0,USD,2026-08-17,594918104
TRD003002,SELL,2100,433.51,USD,2026-08-06,037833100
TRD003003,SELL,4900,71.38,USD,2026-08-05,68389X105
TRD003004,BUY,1000,294.52,USD,2026-08-10,594918104
TRD003005,SELL,100,367.09,USD,2026-08-13,92826C839
TRD003006,BUY,3800,320.54,USD,2026-08-17,88160R101
TRD003007,SELL,700,314.03,USD,2026-08-04,68389X105
TRD003008,BUY,4800,464.75,USD,2026-08-08,594918104
TRD003009,SELL,600,21.84,USD,2026-08-10,023135106
TRD003010,BUY,600,205.71,USD,2026-08-19,023135106
TRD003011,BUY,1300,359.95,USD,2026-08-18,92826C839
TRD003012,SELL,3100,158.27,USD,2026-08-21,037833100
TRD003013,BUY,3300,23.03,USD,2026-08-08,023135106
TRD003014,BUY,3500,296.21,USD,2026-08-09,594918104
TRD003015,SELL,500,110.34,USD,2026-08-13,023135106
TRD003016,BUY,4100,421.3,USD,2026-08-12,92826C839
TRD003017,BUY,4100,156.99,USD,2026-08-16,30303M102
TRD003018,SELL,4800,135.57,USD,2026-08-03,30303M102
TRD003019,BUY,1100,51.03,USD,2026-08-05,478160104
TRD003020,BUY,4700,48.99,USD,2026-08-16,594918104
TRD003021,SELL,4600,234.05,USD,2026-08-05,88160R101
TRD003022,SELL,2400,355.08,USD,2026-08-22,594918104
TRD003023,SELL,4700,423.07,USD,2026-08-17,88160R101
TRD003024,SELL,3100,197.81,USD,2026-08-12,478160104
TRD003025,BUY,4800,111.34,USD,2026-08-21,68389X105
TRD003026,BUY,2300,216.67,USD,2026-08-17,88160R101
TRD003027,SELL,2600,242.54,USD,2026-08-17,478160104
TRD003028,BUY,4800,380.27,USD,2026-08-16,037833100
TRD003029,SELL,2100,203.1,USD,2026-08-07,46625H100
TRD003030,BUY,2800,399.86,USD,2026-08-08,68389X105
TRD003031,SELL,1200,124.16,USD,2026-08-03,46625H100
TRD003032,BUY,1800,181.91,USD,2026-08-03,478160104
TRD003033,BUY,2000,418.29,USD,2026-08-20,30303M102
TRD003034,BUY,3200,311.28,USD,2026-08-18,46625H100
TRD003035,BUY,1100,253.92,USD,2026-08-04,88160R101
TRD003036,SELL,500,477.42,USD,2026-08-18,92826C839
TRD003037,BUY,1600,269.01,USD,2026-08-18,023135106
TRD003038,BUY,100,479.29,USD,2026-08-08,88160R101
TRD003039,SELL,4400,316.87,USD,2026-08-22,594918104
TRD003040,SELL,3400,155.31,USD,2026-08-14,68389X105
TRD003041,BUY,3100,50.3,USD,2026-08-17,88160R101
TRD003042,BUY,1400,473.4,USD,2026-08-10,88160R101
TRD003043,SELL,3100,397.67,USD,2026-08-20,88160R101
TRD003044,SELL,2200,355.2,USD,2026-08-07,88160R101
TRD003045,SELL,3700,486.15,USD,2026-08-10,92826C839
TRD003046,SELL,1600,254.52,USD,2026-08-18,037833100
TRD003047,BUY,700,204.39,USD,2026-08-07,92826C839
TRD003048,BUY,3400,255.65,USD,2026-08-22,30303M102
TRD003049,BUY,2500,393.17,USD,2026-08-11,68389X105
TRD003050,BUY,5000,48.33,USD,2026-08-10,023135106
TRD003051,SELL,2100,190.96,USD,2026-08-22,478160104
TRD003052,SELL,1800,479.2,USD,2026-08-18,88160R101
TRD003053,SELL,3500,116.03,USD,2026-08-09,92826C839
TRD003054,SELL,1900,372.04,USD,2026-08-09,91324P102
TRD003055,SELL,1900,139.15,USD,2026-08-15,46625H100
TRD003056,SELL,100,163.12,USD,2026-08-09,68389X105
TRD003057,BUY,200,332.78,USD,2026-08-16,594918104
TRD003058,BUY,5000,456.71,USD,2026-08-07,478160104
TRD003059,SELL,3600,95.35,USD,2026-08-17,88160R101
TRD003060,BUY,1800,238.85,USD,2026-08-09,92826C839
TRD003061,BUY,1100,301.51,USD,2026-08-13,037833100
TRD003062,BUY,2100,285.24,USD,2026-08-14,68389X105
TRD003063,BUY,4700,200.01,USD,2026-08-03,46625H100
TRD003064,SELL,2600,105.44,USD,2026-08-22,037833100
TRD003065,SELL,2100,291.5,USD,2026-08-21,037833100
TRD003066,SELL,400,366.93,USD,2026-08-07,478160104
TRD003067,BUY,500,87.16,USD,2026-08-06,91324P102
TRD003068,BUY,4600,132.81,USD,2026-08-14,88160R101
TRD003069,BUY,2700,184.92,USD,2026-08-05,478160104
TRD003070,BUY,400,271.85,USD,2026-08-15,68389X105
TRD003071,SELL,600,410.89,USD,2026-08-17,68389X105
TRD003072,BUY,1700,129.15,USD,2026-08-04,91324P102
TRD003073,BUY,4200,424.59,USD,2026-08-10,478160104
TRD003074,BUY,1500,384.09,USD,2026-08-07,68389X105
TRD003075,SELL,2100,206.01,USD,2026-08-15,037833100
TRD003076,SELL,1900,256.27,USD,2026-08-16,91324P102
TRD003077,BUY,1300,303.04,USD,2026-08-09,023135106
TRD003078,SELL,100,187.7,USD,2026-08-05,92826C839
TRD003079,SELL,3300,451.32,USD,2026-08-08,46625H100
TRD003080,BUY,3500,23.53,USD,2026-08-22,30303M102
TRD003081,BUY,2400,265.22,USD,2026-08-08,023135106
TRD003082,SELL,1700,180.55,USD,2026-08-13,30303M102
TRD003083,BUY,4200,156.98,USD,2026-08-03,478160104
TRD003084,SELL,4200,342.49,USD,2026-08-15,023135106
TRD003085,BUY,300,205.98,USD,2026-08-06,023135106
TRD003086,BUY,3700,373.14,USD,2026-08-12,023135106
TRD003087,SELL,2000,193.25,USD,2026-08-04,023135106
TRD003088,SELL,1700,124.07,USD,2026-08-03,30303M102
TRD003089,BUY,1200,432.97,USD,2026-08-09,478160104
TRD003090,SELL,2500,365.59,USD,2026-08-17,46625H100
TRD003091,SELL,1100,461.99,USD,2026-08-18,91324P102
TRD003092,SELL,4300,431.53,USD,2026-08-10,594918104
TRD003093,SELL,100,429.29,USD,2026-08-22,037833100
TRD003094,SELL,1800,466.48,USD,2026-08-12,478160104
TRD003095,BUY,3700,481.38,USD,2026-08-06,037833100
TRD003096,BUY,4200,111.58,USD,2026-08-16,88160R101
TRD003097,BUY,2700,333.74,USD,2026-08-12,037833100
TRD003098,SELL,2000,88.08,USD,2026-08-17,023135106
TRD003099,BUY,4100,377.25,USD,2026-08-03,478160104
TRD003100,BUY,800,61.33,USD,2026-08-10,478160104
TRD003101,SELL,3800,353.56,USD,2026-08-11,30303M102
TRD003102,BUY,3700,250.27,USD,2026-08-07,023135106
TRD003103,BUY,4400,201.16,USD,2026-08-04,478160104
TRD003104,BUY,3000,217.96,USD,2026-08-03,92826C839
TRD003105,SELL,4300,50.24,USD,2026-08-11,30303M102
TRD003106,SELL,1300,404.93,USD,2026-08-03,30303M102
TRD003107,SELL,1300,132.71,USD,2026-08-17,037833100
TRD003108,SELL,300,439.29,USD,2026-08-16,91324P102
TRD003109,SELL,3200,400.14,USD,2026-08-04,30303M102
TRD003110,BUY,3900,196.3,USD,2026-08-18,91324P102
TRD003111,BUY,4300,452.87,USD,2026-08-20,91324P102
TRD003112,BUY,4800,326.87,USD,2026-08-16,68389X105
TRD003113,SELL,2400,244.39,USD,2026-08-14,30303M102
TRD003114,BUY,4400,380.8,USD,2026-08-18,91324P102
TRD003115,BUY,2800,61.49,USD,2026-08-11,68389X105
TRD003116,BUY,2300,329.82,USD,2026-08-17,91324P102
TRD003117,SELL,1100,447.08,USD,2026-08-13,91324P102
TRD003118,SELL,4100,89.62,USD,2026-08-13,91324P102
TRD003119,SELL,4800,96.53,USD,2026-08-21,68389X105
TRD003120,SELL,1400,415.85,USD,2026-08-15,594918104
TRD003121,SELL,800,495.44,USD,2026-08-20,037833100
TRD003122,SELL,3700,21.94,USD,2026-08-20,68389X105
TRD003123,SELL,4400,360.68,USD,2026-08-13,478160104
TRD003124,BUY,4700,421.51,USD,2026-08-14,91324P102
TRD003125,SELL,3400,335.31,USD,2026-08-15,023135106
TRD003126,SELL,4800,215.84,USD,2026-08-06,023135106
TRD003127,SELL,3000,94.74,USD,2026-08-09,037833100
TRD003128,SELL,3300,403.97,USD,2026-08-18,68389X105
TRD003129,SELL,4500,476.05,USD,2026-08-10,46625H100
TRD003130,BUY,1400,280.14,USD,2026-08-06,023135106
TRD003131,BUY,200,161.98,USD,2026-08-09,68389X105
TRD003132,SELL,4400,54.24,USD,2026-08-11,478160104
TRD003133,SELL,2800,473.54,USD,2026-08-15,037833100
TRD003134,SELL,2000,184.72,USD,2026-08-14,023135106
TRD003135,BUY,4000,303.05,USD,2026-08-18,92826C839
TRD003136,SELL,4400,255.84,USD,2026-08-04,478160104
TRD003137,BUY,200,142.78,USD,2026-08-18,46625H100
TRD003138,SELL,5000,67.04,USD,2026-08-21,92826C839
TRD003139,SELL,4400,255.35,USD,2026-08-03,46625H100
TRD003140,BUY,3200,384.34,USD,2026-08-05,478160104
TRD003141,BUY,600,59.82,USD,2026-08-06,478160104
TRD003142,BUY,2200,135.86,USD,2026-08-18,037833100
TRD003143,BUY,3600,393.04,USD,2026-08-17,023135106
TRD003144,SELL,700,24.94,USD,2026-08-07,92826C839
TRD003145,SELL,5000,33.55,USD,2026-08-19,478160104
TRD003146,BUY,1200,242.33,USD,2026-08-21,46625H100
TRD003147,SELL,3500,333.78,USD,2026-08-04,30303M102
TRD003148,SELL,4500,268.03,USD,2026-08-08,478160104
TRD003149,BUY,1100,39.11,USD,2026-08-22,88160R101
TRD003150,BUY,4400,94.3,USD,2026-08-05,023135106
TRD003151,BUY,1600,22.73,USD,2026-08-08,46625H100
TRD003152,BUY,1200,127.24,USD,2026-08-21,478160104
TRD003153,BUY,2900,408.04,USD,2026-08-06,594918104
TRD003154,BUY,900,375.37,USD,2026-08-22,92826C839
TRD003155,BUY,3200,196.0,USD,2026-08-16,037833100
TRD003156,SELL,4500,196.78,USD,2026-08-20,594918104
TRD003157,BUY,300,153.87,USD,2026-08-20,46625H100
TRD003158,BUY,600,146.13,USD,2026-08-14,478160104
TRD003159,BUY,1600,455.18,USD,2026-08-07,594918104
TRD003160,BUY,600,293.8,USD,2026-08-09,478160104
TRD003161,SELL,3500,199.19,USD,2026-08-11,478160104
TRD003162,BUY,4300,109.04,USD,2026-08-16,594918104
TRD003163,SELL,1500,117.17,USD,2026-08-12,68389X105
TRD003164,SELL,2600,25.37,USD,2026-08-04,91324P102
TRD003165,SELL,800,271.79,USD,2026-08-11,92826C839
TRD003166,SELL,2000,442.58,USD,2026-08-07,88160R101
TRD003167,SELL,3100,404.59,USD,2026-08-09,478160104
TRD003168,BUY,1400,67.54,USD,2026-08-15,91324P102
TRD003169,SELL,3500,432.17,USD,2026-08-05,68389X105
TRD003170,SELL,3300,89.79,USD,2026-08-05,478160104
TRD003171,SELL,500,291.76,USD,2026-08-10,46625H100
TRD003172,SELL,2400,470.05,USD,2026-08-11,46625H100
TRD003173,BUY,2800,40.6,USD,2026-08-13,46625H100
TRD003174,BUY,4300,368.72,USD,2026-08-14,46625H100
TRD003175,BUY,1500,379.33,USD,2026-08-07,478160104
TRD003176,SELL,3300,446.6,USD,2026-08-08,023135106
TRD003177,SELL,1900,258.62,USD,2026-08-05,46625H100
TRD003178,SELL,2700,51.84,USD,2026-08-05,68389X105
TRD003179,SELL,300,197.37,USD,2026-08-15,30303M102
TRD003180,BUY,2200,165.68,USD,2026-08-20,92826C839
TRD003181,BUY,2000,430.58,USD,2026-08-18,91324P102
TRD003182,BUY,4900,438.16,USD,2026-08-21,91324P102
TRD003183,SELL,3900,307.68,USD,2026-08-21,68389X105
TRD003184,BUY,600,351.88,USD,2026-08-13,91324P102
TRD003185,SELL,4100,50.21,USD,2026-08-11,30303M102
TRD003186,SELL,3900,266.49,USD,2026-08-13,88160R101
TRD003187,SELL,3700,111.81,USD,2026-08-12,023135106
TRD003188,SELL,3400,344.53,USD,2026-08-11,30303M102
TRD003189,SELL,4300,336.37,USD,2026-08-22,68389X105
TRD003190,SELL,4500,161.61,USD,2026-08-14,91324P102
TRD003191,SELL,1400,403.05,USD,2026-08-21,91324P102
TRD003192,BUY,4700,366.92,USD,2026-08-12,023135106
TRD003193,BUY,4100,418.59,USD,2026-08-08,478160104
TRD003194,BUY,2600,252.48,USD,2026-08-11,92826C839
TRD003195,BUY,2200,90.24,USD,2026-08-22,594918104
TRD003196,BUY,2500,410.29,USD,2026-08-15,037833100
TRD003197,BUY,1700,465.35,USD,2026-08-17,91324P102
TRD003198,SELL,1800,265.34,USD,2026-08-16,023135106
TRD003199,BUY,2800,321.49,USD,2026-08-18,92826C839
TRD003200,BUY,2800,205.7,USD,2026-08-06,68389X105
TRD003201,BUY,2400,384.86,USD,2026-08-04,037833100
TRD003202,SELL,1800,71.58,USD,2026-08-20,30303M102
TRD003203,BUY,700,464.36,USD,2026-08-16,023135106
TRD003204,BUY,4300,291.95,USD,2026-08-03,594918104
TRD003205,BUY,4000,365.39,USD,2026-08-12,46625H100
TRD003206,BUY,1500,316.79,USD,2026-08-21,30303M102
TRD003207,SELL,2300,423.57,USD,2026-08-07,037833100
TRD003208,SELL,2100,385.93,USD,2026-08-08,46625H100
TRD003209,BUY,4000,28.37,USD,2026-08-08,594918104
TRD003210,SELL,4000,489.76,USD,2026-08-11,478160104
TRD003211,BUY,1600,425.78,USD,2026-08-10,023135106
TRD003212,BUY,1100,448.1,USD,2026-08-10,30303M102
TRD003213,BUY,1600,342.16,USD,2026-08-16,92826C839
TRD003214,SELL,2500,234.16,USD,2026-08-10,594918104
TRD003215,SELL,2700,361.96,USD,2026-08-17,68389X105
TRD003216,SELL,2500,428.28,USD,2026-08-15,037833100
TRD003217,SELL,1800,118.46,USD,2026-08-18,46625H100
TRD003218,SELL,3400,184.3,USD,2026-08-03,478160104
TRD003219,SELL,2500,422.35,USD,2026-08-22,023135106
TRD003220,BUY,4600,57.13,USD,2026-08-15,68389X105
TRD003221,SELL,1400,124.61,USD,2026-08-14,46625H100
TRD003222,BUY,4600,159.53,USD,2026-08-10,46625H100
TRD003223,SELL,3100,481.11,USD,2026-08-21,023135106
TRD003224,SELL,500,237.08,USD,2026-08-03,46625H100
TRD003225,SELL,2400,202.87,USD,2026-08-18,46625H100
TRD003226,SELL,2800,62.94,USD,2026-08-11,88160R101
TRD003227,BUY,2400,457.57,USD,2026-08-11,478160104
TRD003228,BUY,1500,429.75,USD,2026-08-19,92826C839
TRD003229,SELL,1300,426.03,USD,2026-08-15,88160R101
TRD003230,BUY,1500,63.19,USD,2026-08-08,594918104
TRD003231,SELL,3600,44.03,USD,2026-08-05,91324P102
TRD003232,SELL,2900,91.53,USD,2026-08-07,46625H100
TRD003233,BUY,1200,129.96,USD,2026-08-12,68389X105
TRD003234,SELL,1500,438.47,USD,2026-08-22,037833100
TRD003235,SELL,4800,104.45,USD,2026-08-20,478160104
TRD003236,SELL,1100,133.4,USD,2026-08-09,92826C839
TRD003237,SELL,500,390.96,USD,2026-08-11,68389X105
TRD003238,SELL,5000,242.02,USD,2026-08-14,68389X105
TRD003239,BUY,1200,137.91,USD,2026-08-03,88160R101
TRD003240,SELL,5000,150.72,USD,2026-08-03,91324P102
TRD003241,SELL,400,209.03,USD,2026-08-08,037833100
TRD003242,BUY,900,136.12,USD,2026-08-22,88160R101
TRD003243,SELL,1800,241.95,USD,2026-08-17,68389X105
TRD003244,SELL,4600,139.14,USD,2026-08-22,037833100
TRD003245,BUY,2500,85.23,USD,2026-08-12,478160104
TRD003246,SELL,3200,345.21,USD,2026-08-15,91324P102
TRD003247,SELL,2600,446.62,USD,2026-08-17,91324P102
TRD003248,BUY,3900,297.19,USD,2026-08-15,30303M102
TRD003249,SELL,2700,100.11,USD,2026-08-18,68389X105
TRD003250,SELL,1400,55.24,USD,2026-08-14,30303M102
TRD003251,BUY,2700,203.63,USD,2026-08-12,88160R101
TRD003252,BUY,3200,115.38,USD,2026-08-03,023135106
TRD003253,BUY,4100,380.17,USD,2026-08-17,92826C839
TRD003254,SELL,4800,87.13,USD,2026-08-12,46625H100
TRD003255,BUY,200,452.24,USD,2026-08-17,30303M102
TRD003256,BUY,3000,362.19,USD,2026-08-14,023135106
TRD003257,BUY,2700,480.62,USD,2026-08-10,68389X105
TRD003258,SELL,700,161.8,USD,2026-08-04,88160R101
TRD003259,BUY,2500,445.78,USD,2026-08-16,594918104
TRD003260,SELL,2300,414.13,USD,2026-08-20,478160104
TRD003261,BUY,3100,52.52,USD,2026-08-13,023135106
TRD003262,BUY,3300,99.65,USD,2026-08-06,68389X105
TRD003263,SELL,3600,149.41,USD,2026-08-03,91324P102
TRD003264,BUY,3400,198.21,USD,2026-08-17,46625H100
TRD003265,BUY,4000,240.94,USD,2026-08-22,88160R101
TRD003266,BUY,400,404.59,USD,2026-08-21,594918104
TRD003267,SELL,4900,254.01,USD,2026-08-19,037833100
TRD003268,SELL,3600,369.76,USD,2026-08-21,91324P102
TRD003269,BUY,1000,467.81,USD,2026-08-15,88160R101
TRD003270,SELL,2900,371.1,USD,2026-08-11,68389X105
TRD003271,BUY,1300,64.73,USD,2026-08-15,30303M102
TRD003272,BUY,300,41.13,USD,2026-08-03,68389X105
TRD003273,BUY,3700,112.96,USD,2026-08-07,46625H100
TRD003274,SELL,1700,495.4,USD,2026-08-09,037833100
TRD003275,SELL,1100,432.24,USD,2026-08-11,478160104
TRD003276,SELL,1500,244.79,USD,2026-08-08,478160104
TRD003277,BUY,4300,240.61,USD,2026-08-13,92826C839
TRD003278,SELL,2400,428.29,USD,2026-08-11,92826C839
TRD003279,SELL,4800,178.69,USD,2026-08-13,91324P102
TRD003280,BUY,4400,420.97,USD,2026-08-21,91324P102
TRD003281,SELL,3900,393.58,USD,2026-08-10,023135106
TRD003282,SELL,2800,252.03,USD,2026-08-13,91324P102
TRD003283,BUY,4700,495.83,USD,2026-08-04,92826C839
TRD003284,BUY,1700,71.12,USD,2026-08-07,91324P102
TRD003285,BUY,1500,442.76,USD,2026-08-10,478160104
TRD003286,SELL,700,354.74,USD,2026-08-19,88160R101
TRD003287,BUY,2600,221.26,USD,2026-08-13,30303M102
TRD003288,BUY,1100,319.07,USD,2026-08-05,88160R101
TRD003289,SELL,400,229.1,USD,2026-08-16,68389X105
TRD003290,BUY,200,180.22,USD,2026-08-14,594918104
TRD003291,BUY,3200,441.97,USD,2026-08-18,46625H100
TRD003292,SELL,2600,226.45,USD,2026-08-10,30303M102
TRD003293,BUY,1100,181.33,USD,2026-08-22,88160R101
TRD003294,SELL,600,68.32,USD,2026-08-05,037833100
TRD003295,BUY,2800,256.47,USD,2026-08-05,68389X105
TRD003296,SELL,100,246.18,USD,2026-08-04,68389X105
TRD003297,BUY,2400,345.8,USD,2026-08-14,92826C839
TRD003298,BUY,1100,448.58,USD,2026-08-13,594918104
TRD003299,BUY,3800,59.53,USD,2026-08-04,92826C839
TRD003300,BUY,1300,398.98,USD,2026-08-15,478160104
TRD003301,BUY,3800,159.89,USD,2026-08-19,594918104
TRD003302,SELL,1900,86.54,USD,2026-08-17,92826C839
TRD003303,SELL,1100,328.86,USD,2026-08-19,594918104
TRD003304,BUY,1500,350.74,USD,2026-08-04,46625H100
TRD003305,SELL,4300,98.15,USD,2026-08-18,478160104
TRD003306,BUY,3300,167.07,USD,2026-08-15,46625H100
TRD003307,SELL,1600,401.24,USD,2026-08-12,88160R101
TRD003308,BUY,3000,91.39,USD,2026-08-07,037833100
TRD003309,BUY,3800,440.07,USD,2026-08-07,594918104
TRD003310,SELL,900,91.68,USD,2026-08-05,30303M102
TRD003311,SELL,4500,173.58,USD,2026-08-10,478160104
TRD003312,BUY,800,466.34,USD,2026-08-20,92826C839
TRD003313,BUY,4600,120.69,USD,2026-08-18,037833100
TRD003314,BUY,2600,111.91,USD,2026-08-05,037833100
TRD003315,BUY,1700,206.99,USD,2026-08-18,478160104
TRD003316,SELL,2600,396.19,USD,2026-08-13,478160104
TRD003317,BUY,2100,377.74,USD,2026-08-16,88160R101
TRD003318,SELL,4900,291.95,USD,2026-08-08,037833100
TRD003319,SELL,1100,478.06,USD,2026-08-16,594918104
TRD003320,BUY,2200,91.12,USD,2026-08-07,023135106
TRD003321,SELL,3200,479.39,USD,2026-08-09,68389X105
TRD003322,BUY,5000,24.43,USD,2026-08-14,88160R101
TRD003323,SELL,2400,181.85,USD,2026-08-06,478160104
TRD003324,SELL,3300,116.82,USD,2026-08-07,88160R101
TRD003325,SELL,4800,377.15,USD,2026-08-11,91324P102
TRD003326,BUY,3400,496.94,USD,2026-08-22,92826C839
TRD003327,BUY,5000,475.91,USD,2026-08-04,478160104
TRD003328,SELL,3800,282.62,USD,2026-08-20,478160104
TRD003329,BUY,2200,28.6,USD,2026-08-21,594918104
TRD003330,BUY,2700,465.94,USD,2026-08-22,92826C839
TRD003331,BUY,2100,420.71,USD,2026-08-10,478160104
TRD003332,BUY,4200,429.04,USD,2026-08-10,92826C839
TRD003333,BUY,1700,22.06,USD,2026-08-10,037833100
TRD003334,BUY,2900,134.71,USD,2026-08-03,46625H100
TRD003335,BUY,500,405.15,USD,2026-08-11,91324P102
TRD003336,SELL,3500,471.16,USD,2026-08-03,91324P102
TRD003337,SELL,4700,401.42,USD,2026-08-12,92826C839
TRD003338,SELL,3200,494.66,USD,2026-08-09,91324P102
TRD003339,SELL,1900,394.24,USD,2026-08-10,46625H100
TRD003340,SELL,2200,105.07,USD,2026-08-09,037833100
TRD003341,SELL,600,177.81,USD,2026-08-10,478160104
TRD003342,BUY,900,466.92,USD,2026-08-11,68389X105
TRD003343,SELL,4300,143.4,USD,2026-08-08,46625H100
TRD003344,BUY,1100,193.49,USD,2026-08-12,30303M102
TRD003345,SELL,4500,283.37,USD,2026-08-05,594918104
TRD003346,SELL,800,429.45,USD,2026-08-03,023135106
TRD003347,BUY,5000,401.32,USD,2026-08-11,68389X105
TRD003348,BUY,2900,182.01,USD,2026-08-19,91324P102
TRD003349,BUY,800,251.0,USD,2026-08-22,30303M102
TRD003350,SELL,2300,398.72,USD,2026-08-14,68389X105
TRD003351,BUY,1300,281.75,USD,2026-08-11,037833100
TRD003352,SELL,4000,406.1,USD,2026-08-05,594918104
TRD003353,BUY,2200,96.96,USD,2026-08-20,023135106
TRD003354,BUY,4900,323.15,USD,2026-08-03,88160R101
TRD003355,SELL,4900,227.55,USD,2026-08-19,46625H100
TRD003356,BUY,1300,318.12,USD,2026-08-18,92826C839
TRD003357,SELL,500,488.55,USD,2026-08-10,478160104
TRD003358,SELL,3000,205.89,USD,2026-08-14,023135106
TRD003359,SELL,300,237.4,USD,2026-08-03,92826C839
TRD003360,BUY,4300,468.28,USD,2026-08-13,46625H100
TRD003361,SELL,100,485.4,USD,2026-08-17,594918104
TRD003362,BUY,700,305.43,USD,2026-08-20,594918104
TRD003363,SELL,3100,257.29,USD,2026-08-20,88160R101
TRD003364,BUY,300,397.35,USD,2026-08-13,023135106
TRD003365,BUY,2800,160.86,USD,2026-08-06,037833100
TRD003366,SELL,4300,482.76,USD,2026-08-07,30303M102
TRD003367,SELL,1000,154.72,USD,2026-08-16,594918104
TRD003368,SELL,2400,56.05,USD,2026-08-12,30303M102
TRD003369,BUY,200,491.0,USD,2026-08-13,68389X105
TRD003370,SELL,900,467.08,USD,2026-08-22,92826C839
TRD003371,SELL,2400,74.42,USD,2026-08-11,88160R101
TRD003372,BUY,800,107.66,USD,2026-08-09,92826C839
TRD003373,SELL,1500,43.56,USD,2026-08-12,91324P102
TRD003374,SELL,600,409.56,USD,2026-08-20,92826C839
TRD003375,SELL,3500,162.66,USD,2026-08-20,30303M102
TRD003376,BUY,2600,381.1,USD,2026-08-04,30303M102
TRD003377,SELL,2700,64.62,USD,2026-08-13,30303M102
TRD003378,SELL,900,53.0,USD,2026-08-21,037833100
TRD003379,BUY,3100,40.41,USD,2026-08-14,46625H100
TRD003380,SELL,1700,96.23,USD,2026-08-20,023135106
TRD003381,BUY,1100,108.86,USD,2026-08-21,594918104
TRD003382,SELL,200,245.75,USD,2026-08-07,68389X105
TRD003383,SELL,4400,264.65,USD,2026-08-16,037833100
TRD003384,SELL,1800,296.81,USD,2026-08-09,478160104
TRD003385,SELL,400,226.27,USD,2026-08-22,46625H100
TRD003386,BUY,3400,160.5,USD,2026-08-07,46625H100
TRD003387,SELL,2700,457.16,USD,2026-08-12,30303M102
TRD003388,BUY,800,359.31,USD,2026-08-11,92826C839
TRD003389,BUY,800,214.66,USD,2026-08-09,30303M102
TRD003390,SELL,3700,108.49,USD,2026-08-21,594918104
TRD003391,SELL,1600,83.58,USD,2026-08-04,023135106
TRD003392,SELL,4800,42.35,USD,2026-08-05,46625H100
TRD003393,BUY,1400,152.74,USD,2026-08-06,92826C839
TRD003394,BUY,1400,364.27,USD,2026-08-03,46625H100
TRD003395,BUY,1400,234.6,USD,2026-08-07,594918104
TRD003396,SELL,2100,489.08,USD,2026-08-15,91324P102
TRD003397,SELL,2900,338.3,USD,2026-08-07,023135106
TRD003398,BUY,1300,437.58,USD,2026-08-10,478160104
TRD003399,BUY,1800,229.98,USD,2026-08-11,037833100
TRD003400,BUY,1100,49.47,USD,2026-08-04,478160104
TRD003401,SELL,1400,218.43,USD,2026-08-12,68389X105
TRD003402,BUY,1200,224.55,USD,2026-08-03,478160104
TRD003403,SELL,3400,51.34,USD,2026-08-17,88160R101
TRD003404,BUY,1500,235.68,USD,2026-08-11,478160104
TRD003405,SELL,1800,97.02,USD,2026-08-10,478160104
TRD003406,SELL,200,394.88,USD,2026-08-18,46625H100
TRD003407,BUY,3600,264.65,USD,2026-08-07,594918104
TRD003408,BUY,2400,270.57,USD,2026-08-06,30303M102
TRD003409,SELL,3400,403.74,USD,2026-08-15,037833100
TRD003410,BUY,700,135.79,USD,2026-08-12,30303M102
TRD003411,SELL,4900,479.69,USD,2026-08-20,92826C839
TRD003412,SELL,3400,462.48,USD,2026-08-18,91324P102
TRD003413,BUY,200,177.14,USD,2026-08-20,46625H100
TRD003414,SELL,100,250.89,USD,2026-08-08,594918104
TRD003415,SELL,4700,386.8,USD,2026-08-11,30303M102
TRD003416,SELL,4100,212.94,USD,2026-08-22,92826C839
TRD003417,SELL,700,202.36,USD,2026-08-22,023135106
TRD003418,SELL,2100,41.99,USD,2026-08-13,88160R101
TRD003419,BUY,1600,275.59,USD,2026-08-18,023135106
TRD003420,BUY,3600,27.89,USD,2026-08-05,594918104
TRD003421,SELL,900,131.03,USD,2026-08-04,023135106
TRD003422,BUY,3500,498.06,USD,2026-08-05,594918104
TRD003423,SELL,3600,231.81,USD,2026-08-07,023135106
TRD003424,SELL,1400,198.02,USD,2026-08-04,30303M102
TRD003425,BUY,3800,216.39,USD,2026-08-11,92826C839
TRD003426,SELL,1400,64.87,USD,2026-08-10,92826C839
TRD003427,BUY,1700,399.73,USD,2026-08-20,023135106
TRD003428,BUY,4500,153.0,USD,2026-08-08,037833100
TRD003429,SELL,3200,412.19,USD,2026-08-09,46625H100
TRD003430,SELL,700,62.58,USD,2026-08-21,023135106
TRD003431,SELL,1800,20.04,USD,2026-08-14,88160R101
TRD003432,SELL,3600,354.05,USD,2026-08-03,594918104
TRD003433,SELL,3700,30.25,USD,2026-08-11,023135106
TRD003434,BUY,1100,132.43,USD,2026-08-04,68389X105
TRD003435,BUY,1400,114.87,USD,2026-08-12,478160104
TRD003436,BUY,2900,128.3,USD,2026-08-07,037833100
TRD003437,BUY,4700,118.0,USD,2026-08-12,46625H100
TRD003438,BUY,500,420.14,USD,2026-08-08,478160104
TRD003439,BUY,1100,199.78,USD,2026-08-20,68389X105
TRD003440,SELL,2700,72.09,USD,2026-08-08,023135106
TRD003441,BUY,2700,72.05,USD,2026-08-10,68389X105
TRD003442,BUY,3400,362.59,USD,2026-08-19,92826C839
TRD003443,SELL,3800,492.52,USD,2026-08-17,68389X105
TRD003444,SELL,3900,275.77,USD,2026-08-21,023135106
TRD003445,SELL,2800,102.62,USD,2026-08-17,30303M102
TRD003446,BUY,3900,122.79,USD,2026-08-03,023135106
TRD003447,BUY,2500,390.83,USD,2026-08-17,594918104
TRD003448,SELL,800,402.37,USD,2026-08-07,037833100
TRD003449,BUY,4500,276.1,USD,2026-08-06,91324P102
TRD003450,BUY,4200,298.72,USD,2026-08-07,037833100
TRD003451,SELL,3500,440.38,USD,2026-08-07,023135106
TRD003452,SELL,3300,431.99,USD,2026-08-20,594918104
TRD003453,BUY,3600,60.11,USD,2026-08-19,91324P102
TRD003454,BUY,1700,179.4,USD,2026-08-07,68389X105
TRD003455,BUY,3200,428.12,USD,2026-08-09,68389X105
TRD003456,SELL,1500,355.41,USD,2026-08-05,91324P102
TRD003457,BUY,2900,54.29,USD,2026-08-20,594918104
TRD003458,SELL,2100,241.23,USD,2026-08-11,88160R101
TRD003459,BUY,4900,25.53,USD,2026-08-03,037833100
TRD003460,SELL,4700,34.57,USD,2026-08-13,68389X105
TRD003461,SELL,4100,301.2,USD,2026-08-05,023135106
TRD003462,BUY,700,230.71,USD,2026-08-20,88160R101
TRD003463,BUY,4100,379.27,USD,2026-08-22,037833100
TRD003464,SELL,2300,170.17,USD,2026-08-06,91324P102
TRD003465,SELL,4900,160.23,USD,2026-08-08,594918104
TRD003466,SELL,1000,308.17,USD,2026-08-21,91324P102
TRD003467,BUY,3200,270.67,USD,2026-08-05,68389X105
TRD003468,BUY,4900,158.71,USD,2026-08-22,037833100
TRD003469,BUY,3100,39.38,USD,2026-08-16,478160104
TRD003470,BUY,3900,43.45,USD,2026-08-11,023135106
TRD003471,BUY,4100,183.91,USD,2026-08-14,91324P102
TRD003472,BUY,1000,214.49,USD,2026-08-21,594918104
TRD003473,BUY,1000,402.9,USD,2026-08-19,023135106
TRD003474,SELL,2400,337.44,USD,2026-08-14,30303M102
TRD003475,SELL,3700,200.16,USD,2026-08-04,91324P102
TRD003476,SELL,4100,245.49,USD,2026-08-16,023135106
TRD003477,BUY,3900,430.89,USD,2026-08-20,478160104
TRD003478,SELL,200,390.74,USD,2026-08-19,68389X105
TRD003479,BUY,400,148.55,USD,2026-08-04,594918104
TRD003480,SELL,1700,420.75,USD,2026-08-06,91324P102
TRD003481,SELL,4800,22.39,USD,2026-08-11,68389X105
TRD003482,SELL,3100,259.25,USD,2026-08-10,91324P102
TRD003483,BUY,4600,386.65,USD,2026-08-19,594918104
TRD003484,BUY,1600,94.33,USD,2026-08-05,68389X105
TRD003485,SELL,4000,345.39,USD,2026-08-08,91324P102
TRD003486,SELL,4300,340.15,USD,2026-08-12,46625H100
TRD003487,BUY,200,136.5,USD,2026-08-16,68389X105
TRD003488,BUY,4700,425.62,USD,2026-08-16,023135106
TRD003489,BUY,5000,140.89,USD,2026-08-17,037833100
TRD003490,SELL,1900,473.82,USD,2026-08-15,68389X105
TRD003491,BUY,4900,199.36,USD,2026-08-12,037833100
TRD003492,BUY,1500,366.14,USD,2026-08-14,88160R101
TRD003493,SELL,1200,161.04,USD,2026-08-03,594918104
TRD003494,BUY,2000,217.37,USD,2026-08-11,30303M102
TRD003495,SELL,3400,262.5,USD,2026-08-03,023135106
TRD003496,SELL,2400,135.89,USD,2026-08-19,91324P102
TRD003497,BUY,1800,179.14,USD,2026-08-07,478160104
TRD003498,SELL,4500,49.53,USD,2026-08-13,037833100
TRD003499,BUY,4100,47.61,USD,2026-08-12,023135106
TRD003500,BUY,1400,120.29,USD,2026-08-14,023135106
TRD003501,SELL,1700,301.82,USD,2026-08-06,46625H100
TRD003502,SELL,1000,406.86,USD,2026-08-05,594918104
TRD003503,SELL,3000,272.58,USD,2026-08-06,91324P102
TRD003504,BUY,1300,135.73,USD,2026-08-05,023135106
TRD003505,BUY,900,214.4,USD,2026-08-13,023135106
TRD003506,BUY,2700,430.31,USD,2026-08-05,594918104
TRD003507,SELL,4000,385.45,USD,2026-08-18,88160R101
TRD003508,SELL,700,241.62,USD,2026-08-19,46625H100
TRD003509,SELL,4700,434.73,USD,2026-08-03,037833100
TRD003510,SELL,1400,413.77,USD,2026-08-03,92826C839
TRD003511,BUY,5000,219.21,USD,2026-08-20,68389X105
TRD003512,SELL,3400,463.68,USD,2026-08-10,46625H100
TRD003513,BUY,4100,357.36,USD,2026-08-11,30303M102
TRD003514,SELL,3900,77.46,USD,2026-08-16,037833100
TRD003515,SELL,4400,122.58,USD,2026-08-14,92826C839
TRD003516,SELL,900,445.22,USD,2026-08-05,30303M102
TRD003517,SELL,800,438.0,USD,2026-08-21,30303M102
TRD003518,BUY,1900,128.41,USD,2026-08-15,91324P102
TRD003519,BUY,200,301.55,USD,2026-08-16,023135106
TRD003520,BUY,4700,95.69,USD,2026-08-09,92826C839
TRD003521,SELL,1000,55.28,USD,2026-08-17,30303M102
TRD003522,BUY,2700,56.84,USD,2026-08-11,037833100
TRD003523,SELL,4700,161.1,USD,2026-08-19,91324P102
TRD003524,BUY,4800,40.57,USD,2026-08-14,037833100
TRD003525,SELL,2200,134.07,USD,2026-08-15,46625H100
TRD003526,BUY,4800,42.25,USD,2026-08-06,594918104
TRD003527,SELL,2800,394.55,USD,2026-08-03,037833100
TRD003528,SELL,400,269.72,USD,2026-08-09,88160R101
TRD003529,BUY,3900,62.42,USD,2026-08-03,46625H100
TRD003530,BUY,3000,54.89,USD,2026-08-09,594918104
TRD003531,SELL,5000,124.93,USD,2026-08-13,88160R101
TRD003532,BUY,2800,264.36,USD,2026-08-08,46625H100
TRD003533,SELL,3200,320.66,USD,2026-08-18,46625H100
TRD003534,SELL,4200,453.16,USD,2026-08-22,023135106
TRD003535,SELL,1700,159.39,USD,2026-08-04,594918104
TRD003536,BUY,3600,22.38,USD,2026-08-19,478160104
TRD003537,SELL,2200,163.25,USD,2026-08-18,91324P102
TRD003538,SELL,3400,85.52,USD,2026-08-04,023135106
TRD003539,BUY,2400,314.96,USD,2026-08-06,037833100
TRD003540,BUY,2400,236.74,USD,2026-08-03,92826C839
TRD003541,SELL,3300,196.76,USD,2026-08-21,92826C839
TRD003542,SELL,1900,157.17,USD,2026-08-08,037833100
TRD003543,SELL,2900,496.11,USD,2026-08-21,68389X105
TRD003544,BUY,3900,358.96,USD,2026-08-22,46625H100
TRD003545,SELL,3700,407.87,USD,2026-08-12,91324P102
TRD003546,SELL,4900,308.15,USD,2026-08-17,594918104
TRD003547,SELL,1900,89.69,USD,2026-08-14,92826C839
TRD003548,BUY,3700,139.14,USD,2026-08-13,92826C839
TRD003549,BUY,200,390.7,USD,2026-08-12,92826C839
TRD003550,SELL,1300,477.58,USD,2026-08-09,594918104
TRD003551,BUY,5000,407.4,USD,2026-08-10,30303M102
TRD003552,SELL,5000,485.17,USD,2026-08-15,92826C839
TRD003553,SELL,400,215.75,USD,2026-08-03,91324P102
TRD003554,BUY,2600,327.31,USD,2026-08-17,46625H100
TRD003555,SELL,200,328.13,USD,2026-08-08,023135106
TRD003556,BUY,4700,129.49,USD,2026-08-22,023135106
TRD003557,BUY,4300,309.15,USD,2026-08-14,023135106
TRD003558,SELL,3400,86.49,USD,2026-08-20,037833100
TRD003559,SELL,1900,417.45,USD,2026-08-14,46625H100
TRD003560,SELL,800,491.17,USD,2026-08-21,92826C839
TRD003561,BUY,200,283.64,USD,2026-08-07,46625H100
TRD003562,SELL,2300,281.36,USD,2026-08-07,46625H100
TRD003563,SELL,600,396.13,USD,2026-08-15,92826C839
TRD003564,BUY,2700,322.57,USD,2026-08-09,037833100
TRD003565,SELL,2800,67.16,USD,2026-08-07,023135106
TRD003566,SELL,2100,294.32,USD,2026-08-06,30303M102
TRD003567,SELL,5000,148.18,USD,2026-08-20,68389X105
TRD003568,BUY,5000,169.16,USD,2026-08-19,30303M102
TRD003569,SELL,300,430.23,USD,2026-08-08,478160104
TRD003570,SELL,100,23.13,USD,2026-08-19,46625H100
TRD003571,SELL,2500,50.05,USD,2026-08-04,594918104
TRD003572,SELL,4900,205.85,USD,2026-08-09,594918104
TRD003573,BUY,1300,410.87,USD,2026-08-13,037833100
TRD003574,BUY,500,200.09,USD,2026-08-04,92826C839
TRD003575,SELL,600,160.66,USD,2026-08-22,594918104
TRD003576,SELL,2100,46.08,USD,2026-08-16,68389X105
TRD003577,SELL,3400,114.03,USD,2026-08-21,478160104
TRD003578,SELL,4100,88.95,USD,2026-08-14,023135106
TRD003579,SELL,1800,28.07,USD,2026-08-18,478160104
TRD003580,BUY,1900,207.55,USD,2026-08-04,478160104
TRD003581,SELL,4700,213.55,USD,2026-08-16,68389X105
TRD003582,SELL,2300,29.34,USD,2026-08-05,478160104
TRD003583,SELL,3100,462.96,USD,2026-08-04,68389X105
TRD003584,SELL,3900,52.06,USD,2026-08-11,037833100
TRD003585,BUY,3400,343.82,USD,2026-08-11,594918104
TRD003586,SELL,1300,117.28,USD,2026-08-10,594918104
TRD003587,SELL,2100,191.78,USD,2026-08-08,023135106
TRD003588,BUY,2600,72.18,USD,2026-08-20,594918104
TRD003589,BUY,1400,427.78,USD,2026-08-08,594918104
TRD003590,BUY,1100,20.22,USD,2026-08-06,023135106
TRD003591,SELL,1600,416.08,USD,2026-08-13,68389X105
TRD003592,BUY,3500,295.25,USD,2026-08-14,46625H100
TRD003593,BUY,1400,234.79,USD,2026-08-20,30303M102
TRD003594,BUY,3800,43.61,USD,2026-08-08,92826C839
TRD003595,BUY,1000,434.78,USD,2026-08-12,91324P102
TRD003596,BUY,700,226.96,USD,2026-08-12,037833100
TRD003597,BUY,1400,347.38,USD,2026-08-06,46625H100
TRD003598,BUY,700,465.29,USD,2026-08-17,478160104
TRD003599,SELL,1100,459.28,USD,2026-08-05,037833100
TRD003600,SELL,4100,64.29,USD,2026-08-18,92826C839
TRD003601,SELL,1200,69.12,USD,2026-08-09,30303M102
TRD003602,SELL,2700,102.38,USD,2026-08-20,88160R101
TRD003603,SELL,3200,396.51,USD,2026-08-22,478160104
TRD003604,BUY,2800,435.96,USD,2026-08-10,91324P102
TRD003605,BUY,800,427.08,USD,2026-08-08,91324P102
TRD003606,SELL,2100,216.04,USD,2026-08-13,023135106
TRD003607,SELL,2900,480.69,USD,2026-08-03,478160104
TRD003608,SELL,3800,281.41,USD,2026-08-16,46625H100
TRD003609,SELL,800,237.72,USD,2026-08-04,46625H100
TRD003610,SELL,3200,133.26,USD,2026-08-15,91324P102
TRD003611,SELL,1000,432.85,USD,2026-08-03,88160R101
TRD003612,SELL,2500,279.5,USD,2026-08-05,68389X105
TRD003613,BUY,4100,187.67,USD,2026-08-08,594918104
TRD003614,SELL,4400,439.26,USD,2026-08-14,037833100
TRD003615,SELL,3500,494.66,USD,2026-08-06,30303M102
TRD003616,BUY,1000,371.6,USD,2026-08-19,68389X105
TRD003617,BUY,3700,86.6,USD,2026-08-21,46625H100
TRD003618,SELL,4900,305.2,USD,2026-08-04,91324P102
TRD003619,SELL,5000,347.29,USD,2026-08-10,46625H100
TRD003620,SELL,3500,158.63,USD,2026-08-20,037833100
TRD003621,SELL,900,448.24,USD,2026-08-04,88160R101
TRD003622,SELL,3900,352.06,USD,2026-08-10,91324P102
TRD003623,BUY,4700,307.15,USD,2026-08-11,91324P102
TRD003624,SELL,4200,82.39,USD,2026-08-22,88160R101
TRD003625,SELL,4000,265.86,USD,2026-08-05,594918104
TRD003626,BUY,2900,320.51,USD,2026-08-19,478160104
TRD003627,SELL,4900,458.2,USD,2026-08-17,594918104
TRD003628,BUY,1200,132.93,USD,2026-08-20,46625H100
TRD003629,BUY,3100,114.07,USD,2026-08-08,037833100
TRD003630,SELL,2900,151.95,USD,2026-08-05,92826C839
TRD003631,BUY,4100,338.57,USD,2026-08-17,478160104
TRD003632,SELL,3200,204.55,USD,2026-08-07,92826C839
TRD003633,SELL,2800,262.79,USD,2026-08-07,68389X105
TRD003634,BUY,3700,114.15,USD,2026-08-04,91324P102
TRD003635,BUY,3400,20.31,USD,2026-08-08,023135106
TRD003636,BUY,4500,149.28,USD,2026-08-03,88160R101
TRD003637,SELL,2500,202.85,USD,2026-08-22,88160R101
TRD003638,SELL,3700,38.39,USD,2026-08-06,68389X105
TRD003639,BUY,3500,104.44,USD,2026-08-13,88160R101
TRD003640,BUY,1200,468.43,USD,2026-08-15,478160104
TRD003641,SELL,1300,87.37,USD,2026-08-22,30303M102
TRD003642,BUY,1600,324.3,USD,2026-08-07,91324P102
TRD003643,SELL,1800,398.98,USD,2026-08-10,023135106
TRD003644,SELL,3700,468.58,USD,2026-08-13,46625H100
TRD003645,BUY,600,348.55,USD,2026-08-13,68389X105
TRD003646,SELL,2200,366.76,USD,2026-08-18,68389X105
TRD003647,SELL,2200,206.76,USD,2026-08-21,68389X105
TRD003648,BUY,3800,126.39,USD,2026-08-10,88160R101
TRD003649,SELL,4400,197.62,USD,2026-08-10,91324P102
TRD003650,BUY,4600,207.79,USD,2026-08-14,037833100
TRD003651,SELL,3200,269.09,USD,2026-08-15,91324P102
TRD003652,BUY,4000,173.81,USD,2026-08-18,30303M102
TRD003653,SELL,1500,23.65,USD,2026-08-12,92826C839
TRD003654,BUY,4400,449.06,USD,2026-08-21,594918104
TRD003655,SELL,800,458.66,USD,2026-08-22,478160104
TRD003656,BUY,1300,270.34,USD,2026-08-13,92826C839
TRD003657,BUY,300,61.28,USD,2026-08-14,023135106
TRD003658,BUY,600,176.12,USD,2026-08-17,594918104
TRD003659,BUY,2100,117.1,USD,2026-08-09,68389X105
TRD003660,BUY,1400,412.42,USD,2026-08-18,91324P102
TRD003661,BUY,2800,234.72,USD,2026-08-13,037833100
TRD003662,BUY,4000,147.56,USD,2026-08-07,594918104
TRD003663,BUY,5000,400.38,USD,2026-08-04,88160R101
TRD003664,BUY,2500,315.55,USD,2026-08-06,92826C839
TRD003665,SELL,3600,48.87,USD,2026-08-07,478160104
TRD003666,BUY,2400,82.29,USD,2026-08-19,91324P102
TRD003667,SELL,5000,187.19,USD,2026-08-08,68389X105
TRD003668,SELL,3600,408.37,USD,2026-08-16,46625H100
TRD003669,BUY,2100,434.74,USD,2026-08-21,91324P102
TRD003670,BUY,4900,235.89,USD,2026-08-17,30303M102
TRD003671,BUY,1100,86.35,USD,2026-08-13,91324P102
TRD003672,BUY,4800,448.72,USD,2026-08-11,91324P102
TRD003673,SELL,4700,302.39,USD,2026-08-14,88160R101
TRD003674,SELL,4000,158.26,USD,2026-08-19,68389X105
TRD003675,BUY,4000,457.03,USD,2026-08-05,46625H100
TRD003676,SELL,200,85.34,USD,2026-08-03,037833100
TRD003677,BUY,2000,198.8,USD,2026-08-10,92826C839
TRD003678,SELL,1500,54.92,USD,2026-08-10,68389X105
TRD003679,SELL,800,403.67,USD,2026-08-13,594918104
TRD003680,BUY,2100,183.17,USD,2026-08-04,91324P102
TRD003681,BUY,4100,224.33,USD,2026-08-08,594918104
TRD003682,BUY,1900,428.54,USD,2026-08-19,92826C839
TRD003683,BUY,3800,317.58,USD,2026-08-18,68389X105
TRD003684,BUY,4500,495.42,USD,2026-08-10,46625H100
TRD003685,BUY,4100,398.64,USD,2026-08-12,46625H100
TRD003686,BUY,100,82.27,USD,2026-08-19,68389X105
TRD003687,SELL,1900,120.39,USD,2026-08-05,91324P102
TRD003688,BUY,1200,359.63,USD,2026-08-06,68389X105
TRD003689,BUY,500,80.62,USD,2026-08-22,68389X105
TRD003690,SELL,4200,23.4,USD,2026-08-12,92826C839
TRD003691,BUY,2500,374.38,USD,2026-08-05,91324P102
TRD003692,BUY,1700,254.98,USD,2026-08-09,91324P102
TRD003693,BUY,200,275.61,USD,2026-08-18,46625H100
TRD003694,SELL,600,339.28,USD,2026-08-08,68389X105
TRD003695,SELL,3100,242.85,USD,2026-08-11,88160R101
TRD003696,SELL,1800,252.24,USD,2026-08-15,68389X105
TRD003697,SELL,300,176.21,USD,2026-08-22,594918104
TRD003698,SELL,5000,430.34,USD,2026-08-17,46625H100
TRD003699,SELL,3600,135.72,USD,2026-08-06,46625H100
TRD003700,BUY,1200,364.78,USD,2026-08-06,478160104
TRD003701,BUY,3000,349.99,USD,2026-08-09,478160104
TRD003702,SELL,4700,124.29,USD,2026-08-21,92826C839
TRD003703,SELL,200,176.39,USD,2026-08-08,68389X105
TRD003704,SELL,3700,456.63,USD,2026-08-09,46625H100
TRD003705,SELL,700,371.75,USD,2026-08-13,92826C839
TRD003706,BUY,2000,133.41,USD,2026-08-20,68389X105
TRD003707,BUY,1100,176.05,USD,2026-08-14,023135106
TRD003708,SELL,3500,117.53,USD,2026-08-20,30303M102
TRD003709,BUY,800,254.77,USD,2026-08-17,478160104
TRD003710,BUY,2600,159.12,USD,2026-08-03,92826C839
TRD003711,BUY,1700,297.25,USD,2026-08-18,92826C839
TRD003712,SELL,800,106.62,USD,2026-08-17,92826C839
TRD003713,SELL,3800,230.62,USD,2026-08-08,92826C839
TRD003714,BUY,500,97.8,USD,2026-08-13,023135106
TRD003715,SELL,3900,244.89,USD,2026-08-19,478160104
TRD003716,SELL,1400,255.36,USD,2026-08-13,68389X105
TRD003717,SELL,3600,473.99,USD,2026-08-19,023135106
TRD003718,BUY,200,409.91,USD,2026-08-06,68389X105
TRD003719,SELL,2600,370.02,USD,2026-08-04,91324P102
TRD003720,BUY,300,444.02,USD,2026-08-11,91324P102
TRD003721,BUY,4400,444.72,USD,2026-08-19,91324P102
TRD003722,SELL,3700,230.42,USD,2026-08-09,88160R101
TRD003723,SELL,2300,108.63,USD,2026-08-20,46625H100
TRD003724,SELL,4900,399.36,USD,2026-08-04,023135106
TRD003725,BUY,2000,133.42,USD,2026-08-15,594918104
TRD003726,SELL,3700,173.95,USD,2026-08-17,594918104
TRD003727,BUY,1100,477.97,USD,2026-08-21,594918104
TRD003728,BUY,1000,328.6,USD,2026-08-08,92826C839
TRD003729,SELL,4300,31.53,USD,2026-08-12,023135106
TRD003730,BUY,4200,436.57,USD,2026-08-19,023135106
TRD003731,BUY,1300,457.59,USD,2026-08-21,46625H100
TRD003732,SELL,600,121.0,USD,2026-08-21,478160104
TRD003733,BUY,800,89.69,USD,2026-08-04,68389X105
TRD003734,SELL,800,119.48,USD,2026-08-06,478160104
TRD003735,BUY,4900,336.89,USD,2026-08-04,594918104
TRD003736,SELL,4800,343.25,USD,2026-08-06,594918104
TRD003737,BUY,700,82.16,USD,2026-08-08,037833100
TRD003738,BUY,4700,35.32,USD,2026-08-07,88160R101
TRD003739,SELL,3400,384.78,USD,2026-08-10,023135106
TRD003740,SELL,4800,370.25,USD,2026-08-04,30303M102
TRD003741,SELL,2800,202.54,USD,2026-08-09,91324P102
TRD003742,BUY,1200,238.56,USD,2026-08-12,91324P102
TRD003743,BUY,4900,396.8,USD,2026-08-08,594918104
TRD003744,BUY,200,399.12,USD,2026-08-15,91324P102
TRD003745,BUY,2200,432.73,USD,2026-08-21,88160R101
TRD003746,SELL,1000,306.24,USD,2026-08-15,68389X105
TRD003747,BUY,3800,112.95,USD,2026-08-14,88160R101
TRD003748,SELL,500,409.02,USD,2026-08-03,023135106
TRD003749,SELL,3700,306.18,USD,2026-08-07,92826C839
TRD003750,BUY,200,392.65,USD,2026-08-10,478160104
TRD003751,BUY,1800,111.56,USD,2026-08-14,91324P102
TRD003752,BUY,2400,205.94,USD,2026-08-07,023135106
TRD003753,SELL,1700,471.93,USD,2026-08-07,037833100
TRD003754,BUY,3100,466.49,USD,2026-08-16,594918104
TRD003755,BUY,1100,250.07,USD,2026-08-20,478160104
TRD003756,BUY,1100,307.55,USD,2026-08-04,478160104
TRD003757,SELL,600,226.99,USD,2026-08-21,037833100
TRD003758,BUY,900,80.71,USD,2026-08-12,91324P102
TRD003759,SELL,700,184.35,USD,2026-08-11,68389X105
TRD003760,SELL,4400,323.23,USD,2026-08-03,023135106
TRD003761,SELL,1900,35.54,USD,2026-08-04,594918104
TRD003762,BUY,2400,455.83,USD,2026-08-15,478160104
TRD003763,SELL,5000,327.12,USD,2026-08-14,46625H100
TRD003764,SELL,2000,319.0,USD,2026-08-14,478160104
TRD003765,SELL,5000,499.06,USD,2026-08-14,30303M102
TRD003766,BUY,1200,473.97,USD,2026-08-11,478160104
TRD003767,SELL,900,421.65,USD,2026-08-11,478160104
TRD003768,BUY,800,41.18,USD,2026-08-04,594918104
TRD003769,SELL,3300,78.87,USD,2026-08-09,037833100
TRD003770,SELL,4800,400.41,USD,2026-08-20,023135106
TRD003771,BUY,2600,152.56,USD,2026-08-05,478160104
TRD003772,BUY,3400,40.46,USD,2026-08-03,91324P102
TRD003773,BUY,4700,341.69,USD,2026-08-17,594918104
TRD003774,BUY,200,436.85,USD,2026-08-06,88160R101
TRD003775,SELL,3000,60.53,USD,2026-08-19,037833100
TRD003776,BUY,700,138.32,USD,2026-08-17,023135106
TRD003777,BUY,400,410.24,USD,2026-08-12,88160R101
TRD003778,SELL,1800,256.18,USD,2026-08-09,46625H100
TRD003779,BUY,4600,114.35,USD,2026-08-03,92826C839
TRD003780,BUY,2300,275.21,USD,2026-08-19,88160R101
TRD003781,BUY,4600,226.15,USD,2026-08-11,478160104
TRD003782,BUY,800,289.4,USD,2026-08-13,023135106
TRD003783,SELL,5000,116.18,USD,2026-08-15,68389X105
TRD003784,SELL,2900,462.55,USD,2026-08-16,46625H100
TRD003785,BUY,1000,57.89,USD,2026-08-21,594918104
TRD003786,SELL,900,355.75,USD,2026-08-18,037833100
TRD003787,BUY,1800,213.43,USD,2026-08-16,594918104
TRD003788,BUY,2200,320.88,USD,2026-08-03,594918104
TRD003789,SELL,400,234.53,USD,2026-08-18,478160104
TRD003790,BUY,1700,37.93,USD,2026-08-11,92826C839
TRD003791,BUY,5000,471.91,USD,2026-08-05,92826C839
TRD003792,SELL,4600,322.92,USD,2026-08-11,92826C839
TRD003793,BUY,1600,340.5,USD,2026-08-05,88160R101
TRD003794,SELL,300,142.65,USD,2026-08-22,91324P102
TRD003795,BUY,3800,162.86,USD,2026-08-22,478160104
TRD003796,SELL,2600,396.0,USD,2026-08-19,478160104
TRD003797,SELL,4200,51.26,USD,2026-08-17,92826C839
TRD003798,BUY,800,410.56,USD,2026-08-15,92826C839
TRD003799,SELL,1900,68.99,USD,2026-08-15,594918104
TRD003800,BUY,3200,157.59,USD,2026-08-04,478160104
TRD003801,BUY,1800,139.16,USD,2026-08-08,88160R101
TRD003802,BUY,1400,373.74,USD,2026-08-19,92826C839
TRD003803,SELL,3800,292.86,USD,2026-08-06,92826C839
TRD003804,BUY,100,52.16,USD,2026-08-11,68389X105
TRD003805,SELL,4300,86.99,USD,2026-08-09,478160104
TRD003806,BUY,3000,413.51,USD,2026-08-20,68389X105
TRD003807,BUY,2700,46.36,USD,2026-08-08,037833100
TRD003808,SELL,4300,321.33,USD,2026-08-06,91324P102
TRD003809,SELL,600,132.9,USD,2026-08-22,92826C839
TRD003810,SELL,3300,444.78,USD,2026-08-21,478160104
TRD003811,SELL,800,60.08,USD,2026-08-17,037833100
TRD003812,SELL,3500,261.75,USD,2026-08-21,30303M102
TRD003813,SELL,3300,34.66,USD,2026-08-05,91324P102
TRD003814,SELL,1700,165.97,USD,2026-08-07,68389X105
TRD003815,SELL,2900,474.47,USD,2026-08-14,91324P102
TRD003816,SELL,1500,294.12,USD,2026-08-17,91324P102
TRD003817,BUY,100,278.77,USD,2026-08-04,037833100
TRD003818,BUY,300,221.02,USD,2026-08-13,478160104
TRD003819,SELL,1200,424.22,USD,2026-08-15,92826C839
TRD003820,BUY,3900,213.55,USD,2026-08-05,68389X105
TRD003821,SELL,3200,343.68,USD,2026-08-21,30303M102
TRD003822,SELL,3900,341.8,USD,2026-08-20,91324P102
TRD003823,BUY,4700,381.04,USD,2026-08-21,478160104
TRD003824,SELL,400,148.22,USD,2026-08-21,88160R101
TRD003825,BUY,800,144.15,USD,2026-08-05,92826C839
TRD003826,BUY,2300,225.03,USD,2026-08-18,91324P102
TRD003827,SELL,1200,254.0,USD,2026-08-20,91324P102
TRD003828,BUY,4700,201.15,USD,2026-08-06,478160104
TRD003829,SELL,4300,341.61,USD,2026-08-15,68389X105
TRD003830,BUY,300,444.69,USD,2026-08-16,30303M102
TRD003831,SELL,2500,204.19,USD,2026-08-10,30303M102
TRD003832,SELL,2800,32.3,USD,2026-08-17,91324P102
TRD003833,BUY,500,233.09,USD,2026-08-07,91324P102
TRD003834,BUY,2500,88.32,USD,2026-08-14,92826C839
TRD003835,SELL,4100,215.18,USD,2026-08-20,91324P102
TRD003836,BUY,3300,484.48,USD,2026-08-10,30303M102
TRD003837,SELL,3500,354.41,USD,2026-08-10,92826C839
TRD003838,BUY,2800,85.98,USD,2026-08-11,46625H100
TRD003839,BUY,4900,273.06,USD,2026-08-22,92826C839
TRD003840,BUY,200,319.15,USD,2026-08-05,594918104
TRD003841,BUY,1400,499.38,USD,2026-08-06,92826C839
TRD003842,SELL,4700,139.18,USD,2026-08-22,68389X105
TRD003843,SELL,1400,363.07,USD,2026-08-06,023135106
TRD003844,BUY,4700,215.66,USD,2026-08-03,88160R101
TRD003845,BUY,1600,41.02,USD,2026-08-11,88160R101
TRD003846,SELL,700,212.29,USD,2026-08-03,68389X105
TRD003847,BUY,1800,380.23,USD,2026-08-18,68389X105
TRD003848,BUY,4000,66.73,USD,2026-08-13,037833100
TRD003849,SELL,4500,158.79,USD,2026-08-03,92826C839
TRD003850,BUY,500,245.62,USD,2026-08-18,594918104
TRD003851,SELL,900,356.09,USD,2026-08-22,91324P102
TRD003852,SELL,3500,322.63,USD,2026-08-20,91324P102
TRD003853,SELL,4700,21.37,USD,2026-08-15,478160104
TRD003854,SELL,1000,66.51,USD,2026-08-05,478160104
TRD003855,BUY,3400,426.94,USD,2026-08-06,023135106
TRD003856,SELL,4000,108.66,USD,2026-08-15,46625H100
TRD003857,SELL,3500,222.65,USD,2026-08-20,92826C839
TRD003858,SELL,1600,355.46,USD,2026-08-21,46625H100
TRD003859,SELL,3600,231.37,USD,2026-08-19,46625H100
TRD003860,SELL,4500,448.41,USD,2026-08-05,88160R101
TRD003861,BUY,1700,489.87,USD,2026-08-04,594918104
TRD003862,BUY,900,366.74,USD,2026-08-08,037833100
TRD003863,SELL,5000,249.32,USD,2026-08-14,023135106
TRD003864,SELL,2500,446.79,USD,2026-08-04,88160R101
TRD003865,BUY,3100,57.73,USD,2026-08-04,023135106
TRD003866,SELL,3500,381.3,USD,2026-08-20,46625H100
TRD003867,BUY,2100,139.31,USD,2026-08-07,594918104
TRD003868,SELL,1700,177.27,USD,2026-08-22,037833100
TRD003869,BUY,100,43.59,USD,2026-08-22,92826C839
TRD003870,BUY,900,163.38,USD,2026-08-21,30303M102
TRD003871,BUY,1900,461.84,USD,2026-08-15,30303M102
TRD003872,SELL,4800,433.55,USD,2026-08-22,46625H100
TRD003873,BUY,2700,44.0,USD,2026-08-16,30303M102
TRD003874,BUY,2000,171.08,USD,2026-08-14,478160104
TRD003875,SELL,2200,278.01,USD,2026-08-03,92826C839
TRD003876,BUY,2000,388.64,USD,2026-08-10,023135106
TRD003877,SELL,3900,33.87,USD,2026-08-07,023135106
TRD003878,SELL,2400,143.88,USD,2026-08-15,46625H100
TRD003879,SELL,4100,108.48,USD,2026-08-16,88160R101
TRD003880,SELL,400,72.03,USD,2026-08-13,92826C839
TRD003881,SELL,1500,464.17,USD,2026-08-03,46625H100
TRD003882,BUY,1200,76.84,USD,2026-08-07,30303M102
TRD003883,BUY,4900,403.13,USD,2026-08-16,478160104
TRD003884,SELL,3100,169.1,USD,2026-08-07,88160R101
TRD003885,SELL,2500,33.32,USD,2026-08-05,68389X105
TRD003886,BUY,700,64.3,USD,2026-08-19,30303M102
TRD003887,SELL,3400,326.92,USD,2026-08-04,037833100
TRD003888,SELL,3500,27.21,USD,2026-08-18,92826C839
TRD003889,SELL,2600,250.98,USD,2026-08-18,91324P102
TRD003890,BUY,600,102.99,USD,2026-08-22,88160R101
TRD003891,BUY,100,466.87,USD,2026-08-11,478160104
TRD003892,BUY,4600,216.1,USD,2026-08-11,68389X105
TRD003893,SELL,2800,56.55,USD,2026-08-06,68389X105
TRD003894,BUY,3400,140.59,USD,2026-08-18,88160R101
TRD003895,BUY,2300,354.29,USD,2026-08-15,91324P102
TRD003896,BUY,3600,188.17,USD,2026-08-08,88160R101
TRD003897,SELL,3300,103.92,USD,2026-08-07,594918104
TRD003898,SELL,4500,380.57,USD,2026-08-19,88160R101
TRD003899,SELL,2400,402.52,USD,2026-08-11,037833100
TRD003900,BUY,2800,142.14,USD,2026-08-14,30303M102
TRD003901,SELL,2200,375.09,USD,2026-08-09,594918104
TRD003902,BUY,1300,94.0,USD,2026-08-17,30303M102
TRD003903,SELL,4000,387.37,USD,2026-08-18,92826C839
TRD003904,SELL,600,236.36,USD,2026-08-15,023135106
TRD003905,BUY,1900,329.63,USD,2026-08-08,478160104
TRD003906,BUY,1300,436.45,USD,2026-08-20,91324P102
TRD003907,BUY,1100,413.43,USD,2026-08-18,88160R101
TRD003908,SELL,4200,280.59,USD,2026-08-05,92826C839
TRD003909,SELL,1600,416.82,USD,2026-08-11,88160R101
TRD003910,SELL,1300,35.94,USD,2026-08-22,023135106
TRD003911,BUY,3500,261.46,USD,2026-08-07,30303M102
TRD003912,SELL,1500,178.89,USD,2026-08-10,30303M102
TRD003913,BUY,4500,398.16,USD,2026-08-06,91324P102
TRD003914,BUY,2600,231.46,USD,2026-08-19,30303M102
TRD003915,SELL,500,424.43,USD,2026-08-14,68389X105
TRD003916,BUY,1700,460.06,USD,2026-08-14,30303M102
TRD003917,BUY,400,416.41,USD,2026-08-09,91324P102
TRD003918,SELL,4500,51.66,USD,2026-08-22,92826C839
TRD003919,BUY,4600,396.45,USD,2026-08-06,037833100
TRD003920,SELL,4200,382.71,USD,2026-08-13,023135106
TRD003921,SELL,800,90.6,USD,2026-08-17,91324P102
TRD003922,SELL,1700,439.58,USD,2026-08-15,92826C839
TRD003923,SELL,2800,494.32,USD,2026-08-19,91324P102
TRD003924,SELL,4900,351.49,USD,2026-08-04,30303M102
TRD003925,SELL,2100,251.0,USD,2026-08-07,478160104
TRD003926,BUY,2900,346.89,USD,2026-08-11,46625H100
TRD003927,BUY,600,433.69,USD,2026-08-22,91324P102
TRD003928,SELL,2500,361.03,USD,2026-08-08,30303M102
TRD003929,BUY,1400,419.19,USD,2026-08-10,92826C839
TRD003930,BUY,3400,133.02,USD,2026-08-21,594918104
TRD003931,BUY,800,492.96,USD,2026-08-20,478160104
TRD003932,BUY,1100,472.98,USD,2026-08-21,023135106
TRD003933,SELL,3400,436.13,USD,2026-08-04,92826C839
TRD003934,SELL,1400,100.54,USD,2026-08-06,037833100
TRD003935,SELL,100,108.85,USD,2026-08-08,037833100
TRD003936,BUY,4500,270.57,USD,2026-08-17,46625H100
TRD003937,BUY,300,456.82,USD,2026-08-19,92826C839
TRD003938,SELL,3600,461.38,USD,2026-08-18,46625H100
TRD003939,BUY,3600,60.13,USD,2026-08-12,023135106
TRD003940,BUY,600,158.61,USD,2026-08-10,91324P102
TRD003941,BUY,2100,331.94,USD,2026-08-05,92826C839
TRD003942,SELL,400,397.36,USD,2026-08-11,46625H100
TRD003943,SELL,5000,430.98,USD,2026-08-07,023135106
TRD003944,BUY,2700,435.85,USD,2026-08-21,88160R101
TRD003945,SELL,700,36.74,USD,2026-08-09,037833100
TRD003946,BUY,4900,214.05,USD,2026-08-08,037833100
TRD003947,BUY,1800,472.86,USD,2026-08-21,46625H100
TRD003948,BUY,500,179.08,USD,2026-08-04,46625H100
TRD003949,BUY,4300,207.17,USD,2026-08-11,594918104
TRD003950,BUY,4200,208.63,USD,2026-08-14,30303M102
TRD003951,SELL,4600,63.34,USD,2026-08-10,30303M102
TRD003952,BUY,2900,279.99,USD,2026-08-06,46625H100
TRD003953,SELL,3800,149.05,USD,2026-08-22,478160104
TRD003954,BUY,4000,27.22,USD,2026-08-20,023135106
TRD003955,BUY,3600,117.11,USD,2026-08-20,68389X105
TRD003956,BUY,4700,292.38,USD,2026-08-22,46625H100
TRD003957,BUY,3900,240.37,USD,2026-08-03,91324P102
TRD003958,BUY,2800,287.85,USD,2026-08-19,92826C839
TRD003959,BUY,3400,497.6,USD,2026-08-18,92826C839
TRD003960,BUY,200,198.08,USD,2026-08-21,46625H100
TRD003961,BUY,3000,425.07,USD,2026-08-21,478160104
TRD003962,SELL,200,352.74,USD,2026-08-10,68389X105
TRD003963,BUY,600,83.7,USD,2026-08-14,478160104
TRD003964,SELL,4100,270.55,USD,2026-08-20,68389X105
TRD003965,BUY,2000,489.33,USD,2026-08-20,037833100
TRD003966,SELL,3700,196.9,USD,2026-08-07,594918104
TRD003967,SELL,2400,181.09,USD,2026-08-13,594918104
TRD003968,BUY,3000,159.58,USD,2026-08-05,68389X105
TRD003969,BUY,2500,309.02,USD,2026-08-05,594918104
TRD003970,SELL,4200,284.68,USD,2026-08-11,594918104
TRD003971,SELL,3800,213.35,USD,2026-08-07,46625H100
TRD003972,BUY,1100,87.64,USD,2026-08-18,88160R101
TRD003973,SELL,500,235.65,USD,2026-08-11,88160R101
TRD003974,BUY,900,70.51,USD,2026-08-20,88160R101
TRD003975,SELL,2400,253.33,USD,2026-08-04,88160R101
TRD003976,BUY,3300,80.68,USD,2026-08-21,68389X105
TRD003977,BUY,2400,258.53,USD,2026-08-03,92826C839
TRD003978,BUY,4700,43.89,USD,2026-08-15,023135106
TRD003979,SELL,2200,216.8,USD,2026-08-04,478160104
TRD003980,BUY,900,153.65,USD,2026-08-18,68389X105
TRD003981,SELL,3600,313.29,USD,2026-08-11,037833100
TRD003982,BUY,3200,269.68,USD,2026-08-19,68389X105
TRD003983,BUY,1700,364.2,USD,2026-08-10,594918104
TRD003984,BUY,2700,54.79,USD,2026-08-20,88160R101
TRD003985,BUY,500,48.28,USD,2026-08-14,91324P102
TRD003986,SELL,4900,475.42,USD,2026-08-05,594918104
TRD003987,SELL,100,313.0,USD,2026-08-17,594918104
TRD003988,SELL,4300,61.36,USD,2026-08-08,46625H100
TRD003989,BUY,300,377.06,USD,2026-08-10,478160104
TRD003990,BUY,3700,85.36,USD,2026-08-04,037833100
TRD003991,BUY,2800,304.95,USD,2026-08-03,037833100
TRD003992,SELL,1700,454.9,USD,2026-08-05,91324P102
TRD003993,SELL,2000,289.65,USD,2026-08-13,30303M102
TRD003994,BUY,4200,87.61,USD,2026-08-21,91324P102
TRD003995,BUY,3800,286.56,USD,2026-08-09,46625H100
TRD003996,BUY,3900,143.4,USD,2026-08-18,594918104
TRD003997,BUY,4700,62.28,USD,2026-08-22,91324P102
TRD003998,SELL,3100,117.05,USD,2026-08-12,91324P102
TRD003999,BUY,5000,368.17,USD,2026-08-05,037833100
TRD004000,BUY,300,93.79,USD,2026-08-20,92826C839
TRD004001,BUY,4400,107.92,USD,2026-08-17,30303M102
TRD004002,BUY,4700,192.77,USD,2026-08-11,91324P102
TRD004003,SELL,1600,181.95,USD,2026-08-07,46625H100
TRD004004,SELL,2600,433.78,USD,2026-08-20,46625H100
TRD004005,BUY,2800,234.95,USD,2026-08-21,91324P102
TRD004006,BUY,4600,498.3,USD,2026-08-12,91324P102
TRD004007,SELL,3600,165.75,USD,2026-08-08,88160R101
TRD004008,SELL,2500,462.15,USD,2026-08-12,46625H100
TRD004009,SELL,3500,42.77,USD,2026-08-13,037833100
TRD004010,BUY,2900,464.97,USD,2026-08-04,46625H100
TRD004011,BUY,4000,181.07,USD,2026-08-05,88160R101
TRD004012,SELL,1100,118.88,USD,2026-08-08,037833100
TRD004013,SELL,3500,469.72,USD,2026-08-13,594918104
TRD004014,BUY,4100,355.92,USD,2026-08-03,92826C839
TRD004015,BUY,1500,67.87,USD,2026-08-05,594918104
TRD004016,BUY,3300,471.87,USD,2026-08-06,92826C839
TRD004017,SELL,200,88.32,USD,2026-08-12,478160104
TRD004018,SELL,400,349.63,USD,2026-08-08,68389X105
TRD004019,SELL,2600,364.2,USD,2026-08-14,023135106
TRD004020,BUY,1800,355.34,USD,2026-08-05,68389X105
TRD004021,SELL,600,340.09,USD,2026-08-08,478160104
TRD004022,SELL,3700,191.53,USD,2026-08-04,037833100
TRD004023,BUY,2700,384.58,USD,2026-08-04,594918104
TRD004024,BUY,2200,123.01,USD,2026-08-08,88160R101
TRD004025,SELL,4200,349.46,USD,2026-08-21,30303M102
TRD004026,BUY,4000,183.1,USD,2026-08-17,30303M102
TRD004027,BUY,3200,67.95,USD,2026-08-17,023135106
TRD004028,SELL,3000,305.58,USD,2026-08-04,88160R101
TRD004029,SELL,3800,343.55,USD,2026-08-03,023135106
TRD004030,SELL,500,43.11,USD,2026-08-15,30303M102
TRD004031,SELL,4000,123.79,USD,2026-08-12,037833100
TRD004032,BUY,3800,76.89,USD,2026-08-11,88160R101
TRD004033,BUY,300,441.58,USD,2026-08-16,037833100
TRD004034,SELL,4500,486.71,USD,2026-08-12,594918104
TRD004035,BUY,2000,320.89,USD,2026-08-06,023135106
TRD004036,SELL,2200,442.64,USD,2026-08-22,68389X105
TRD004037,SELL,2300,186.13,USD,2026-08-10,88160R101
TRD004038,SELL,2200,90.32,USD,2026-08-14,46625H100
TRD004039,BUY,400,215.63,USD,2026-08-18,92826C839
TRD004040,SELL,100,329.18,USD,2026-08-15,92826C839
TRD004041,BUY,3600,48.22,USD,2026-08-20,46625H100
TRD004042,SELL,3100,146.13,USD,2026-08-10,478160104
TRD004043,SELL,4500,346.5,USD,2026-08-09,023135106
TRD004044,SELL,1900,167.24,USD,2026-08-14,023135106
TRD004045,BUY,2600,255.57,USD,2026-08-15,68389X105
TRD004046,BUY,100,124.62,USD,2026-08-14,037833100
TRD004047,BUY,1400,492.98,USD,2026-08-13,30303M102
TRD004048,BUY,2600,108.15,USD,2026-08-06,478160104
TRD004049,SELL,1200,299.41,USD,2026-08-08,92826C839
TRD004050,SELL,1000,125.04,USD,2026-08-10,30303M102
TRD004051,BUY,700,53.48,USD,2026-08-04,92826C839
TRD004052,BUY,2700,422.69,USD,2026-08-04,88160R101
TRD004053,BUY,4100,386.87,USD,2026-08-20,91324P102
TRD004054,SELL,3300,141.57,USD,2026-08-03,68389X105
TRD004055,SELL,800,62.43,USD,2026-08-15,478160104
TRD004056,BUY,900,315.81,USD,2026-08-03,30303M102
TRD004057,SELL,2200,479.69,USD,2026-08-17,88160R101
TRD004058,SELL,3700,287.11,USD,2026-08-20,478160104
TRD004059,BUY,3700,433.14,USD,2026-08-05,68389X105
TRD004060,SELL,3800,390.11,USD,2026-08-12,68389X105
TRD004061,BUY,1500,477.56,USD,2026-08-10,46625H100
TRD004062,SELL,1200,402.72,USD,2026-08-07,478160104
TRD004063,BUY,3400,109.54,USD,2026-08-11,478160104
TRD004064,SELL,200,353.55,USD,2026-08-07,037833100
TRD004065,SELL,800,63.6,USD,2026-08-14,68389X105
TRD004066,BUY,4900,284.35,USD,2026-08-08,023135106
TRD004067,BUY,1100,67.51,USD,2026-08-22,68389X105
TRD004068,BUY,3400,397.12,USD,2026-08-19,92826C839
TRD004069,SELL,4700,22.05,USD,2026-08-14,92826C839
TRD004070,BUY,700,390.95,USD,2026-08-19,46625H100
TRD004071,BUY,2400,179.51,USD,2026-08-20,594918104
TRD004072,SELL,2100,293.11,USD,2026-08-17,478160104
TRD004073,BUY,4500,65.21,USD,2026-08-20,91324P102
TRD004074,BUY,400,380.2,USD,2026-08-13,023135106
TRD004075,BUY,4900,407.98,USD,2026-08-22,023135106
TRD004076,BUY,2500,312.16,USD,2026-08-07,91324P102
TRD004077,SELL,3100,451.62,USD,2026-08-19,30303M102
TRD004078,BUY,2000,435.79,USD,2026-08-06,91324P102
TRD004079,BUY,4700,381.92,USD,2026-08-08,037833100
TRD004080,BUY,3600,122.6,USD,2026-08-12,91324P102
TRD004081,BUY,1500,84.93,USD,2026-08-07,037833100
TRD004082,BUY,1800,153.8,USD,2026-08-11,023135106
TRD004083,SELL,4800,432.92,USD,2026-08-06,594918104
TRD004084,BUY,2400,297.09,USD,2026-08-09,037833100
TRD004085,SELL,4800,321.11,USD,2026-08-03,68389X105
TRD004086,BUY,1400,489.76,USD,2026-08-11,68389X105
TRD004087,BUY,900,82.68,USD,2026-08-17,478160104
TRD004088,BUY,900,353.82,USD,2026-08-06,023135106
TRD004089,BUY,1300,39.89,USD,2026-08-07,91324P102
TRD004090,BUY,2200,445.44,USD,2026-08-16,30303M102
TRD004091,BUY,100,347.45,USD,2026-08-04,88160R101
TRD004092,SELL,3900,130.79,USD,2026-08-17,478160104
TRD004093,BUY,2600,453.48,USD,2026-08-06,92826C839
TRD004094,SELL,900,388.59,USD,2026-08-03,68389X105
TRD004095,SELL,600,219.54,USD,2026-08-05,478160104
TRD004096,BUY,3900,39.62,USD,2026-08-08,92826C839
TRD004097,SELL,3400,124.72,USD,2026-08-03,30303M102
TRD004098,BUY,4800,279.78,USD,2026-08-11,594918104
TRD004099,SELL,2600,97.86,USD,2026-08-21,594918104
TRD004100,SELL,1300,470.67,USD,2026-08-16,478160104
TRD004101,BUY,400,196.11,USD,2026-08-20,88160R101
TRD004102,SELL,2700,423.89,USD,2026-08-15,478160104
TRD004103,SELL,300,203.92,USD,2026-08-15,68389X105
TRD004104,BUY,3300,406.01,USD,2026-08-14,88160R101
TRD004105,BUY,3800,157.73,USD,2026-08-11,30303M102
TRD004106,SELL,2900,483.35,USD,2026-08-15,023135106
TRD004107,SELL,3900,389.7,USD,2026-08-10,92826C839
TRD004108,BUY,100,165.1,USD,2026-08-22,46625H100
TRD004109,BUY,1300,82.15,USD,2026-08-08,46625H100
TRD004110,BUY,800,62.46,USD,2026-08-07,30303M102
TRD004111,BUY,2700,339.42,USD,2026-08-13,91324P102
TRD004112,SELL,1800,343.28,USD,2026-08-06,91324P102
TRD004113,SELL,4100,445.42,USD,2026-08-04,91324P102
TRD004114,SELL,3900,476.18,USD,2026-08-22,594918104
TRD004115,SELL,2700,90.81,USD,2026-08-10,30303M102
TRD004116,SELL,4600,60.62,USD,2026-08-22,92826C839
TRD004117,SELL,1700,125.89,USD,2026-08-20,88160R101
TRD004118,SELL,900,365.68,USD,2026-08-12,478160104
TRD004119,SELL,1200,446.7,USD,2026-08-04,88160R101
TRD004120,SELL,1500,137.85,USD,2026-08-09,037833100
TRD004121,SELL,1600,57.22,USD,2026-08-14,91324P102
TRD004122,BUY,200,199.45,USD,2026-08-11,88160R101
TRD004123,SELL,5000,369.33,USD,2026-08-21,30303M102
TRD004124,BUY,3000,212.66,USD,2026-08-11,88160R101
TRD004125,SELL,2400,484.19,USD,2026-08-16,88160R101
TRD004126,SELL,1800,208.65,USD,2026-08-22,91324P102
TRD004127,BUY,500,226.84,USD,2026-08-11,68389X105
TRD004128,BUY,2200,157.06,USD,2026-08-03,91324P102
TRD004129,SELL,100,294.89,USD,2026-08-22,30303M102
TRD004130,SELL,2200,108.98,USD,2026-08-15,92826C839
TRD004131,BUY,2400,296.34,USD,2026-08-15,30303M102
TRD004132,SELL,1200,74.16,USD,2026-08-10,037833100
TRD004133,BUY,1800,85.62,USD,2026-08-14,92826C839
TRD004134,SELL,1800,107.16,USD,2026-08-06,30303M102
TRD004135,BUY,4300,477.76,USD,2026-08-20,92826C839
TRD004136,BUY,1100,471.66,USD,2026-08-06,30303M102
TRD004137,SELL,2000,122.48,USD,2026-08-04,478160104
TRD004138,SELL,1500,335.74,USD,2026-08-17,023135106
TRD004139,BUY,4400,453.76,USD,2026-08-03,91324P102
TRD004140,SELL,4700,78.55,USD,2026-08-19,88160R101
TRD004141,SELL,1000,467.32,USD,2026-08-05,88160R101
TRD004142,SELL,2900,64.34,USD,2026-08-20,30303M102
TRD004143,BUY,1400,194.12,USD,2026-08-11,68389X105
TRD004144,BUY,3300,402.81,USD,2026-08-11,30303M102
TRD004145,SELL,4200,447.34,USD,2026-08-18,037833100
TRD004146,BUY,1300,328.55,USD,2026-08-08,037833100
TRD004147,SELL,2700,402.38,USD,2026-08-07,023135106
TRD004148,SELL,3000,237.42,USD,2026-08-21,46625H100
TRD004149,BUY,2100,215.23,USD,2026-08-09,478160104
TRD004150,BUY,1800,457.29,USD,2026-08-04,88160R101
TRD004151,SELL,2900,467.57,USD,2026-08-05,037833100
TRD004152,SELL,2400,176.23,USD,2026-08-19,037833100
TRD004153,BUY,1000,252.25,USD,2026-08-08,68389X105
TRD004154,BUY,1200,173.5,USD,2026-08-09,594918104
TRD004155,BUY,3900,164.54,USD,2026-08-21,594918104
TRD004156,SELL,1400,386.27,USD,2026-08-19,594918104
TRD004157,BUY,1100,456.05,USD,2026-08-09,594918104
TRD004158,BUY,4000,186.01,USD,2026-08-07,91324P102
TRD004159,SELL,1200,455.11,USD,2026-08-03,92826C839
TRD004160,SELL,3700,368.6,USD,2026-08-18,023135106
TRD004161,BUY,4700,199.29,USD,2026-08-22,88160R101
TRD004162,SELL,4300,347.79,USD,2026-08-10,68389X105
TRD004163,BUY,4100,352.75,USD,2026-08-17,023135106
TRD004164,SELL,1300,448.94,USD,2026-08-22,92826C839
TRD004165,BUY,1900,194.52,USD,2026-08-18,023135106
TRD004166,SELL,1500,82.02,USD,2026-08-16,46625H100
TRD004167,BUY,2300,486.56,USD,2026-08-18,46625H100
TRD004168,BUY,400,284.59,USD,2026-08-17,037833100
TRD004169,SELL,2500,311.42,USD,2026-08-06,91324P102
TRD004170,SELL,1300,202.94,USD,2026-08-06,037833100
TRD004171,BUY,1000,210.28,USD,2026-08-14,91324P102
TRD004172,BUY,3600,345.33,USD,2026-08-08,594918104
TRD004173,SELL,3200,339.79,USD,2026-08-16,30303M102
TRD004174,SELL,1700,394.09,USD,2026-08-18,023135106
TRD004175,BUY,4900,146.07,USD,2026-08-07,023135106
TRD004176,SELL,1400,491.43,USD,2026-08-07,68389X105
TRD004177,SELL,4600,264.01,USD,2026-08-06,92826C839
TRD004178,BUY,1000,186.13,USD,2026-08-21,68389X105
TRD004179,SELL,4300,495.59,USD,2026-08-08,68389X105
TRD004180,SELL,2300,214.41,USD,2026-08-15,68389X105
TRD004181,SELL,4000,496.59,USD,2026-08-13,023135106
TRD004182,BUY,400,452.1,USD,2026-08-10,478160104
TRD004183,SELL,1600,52.0,USD,2026-08-06,91324P102
TRD004184,BUY,2600,348.16,USD,2026-08-18,30303M102
TRD004185,BUY,1600,23.03,USD,2026-08-13,023135106
TRD004186,SELL,2000,390.64,USD,2026-08-20,88160R101
TRD004187,BUY,4300,54.43,USD,2026-08-15,68389X105
TRD004188,BUY,400,264.18,USD,2026-08-12,46625H100
TRD004189,BUY,4700,247.29,USD,2026-08-14,46625H100
TRD004190,BUY,4700,152.89,USD,2026-08-18,037833100
TRD004191,BUY,1700,292.96,USD,2026-08-08,594918104
TRD004192,BUY,2800,489.13,USD,2026-08-11,594918104
TRD004193,BUY,5000,460.79,USD,2026-08-13,88160R101
TRD004194,BUY,200,293.4,USD,2026-08-05,92826C839
TRD004195,SELL,3800,492.69,USD,2026-08-21,88160R101
TRD004196,BUY,3200,191.72,USD,2026-08-08,037833100
TRD004197,BUY,100,409.38,USD,2026-08-03,30303M102
TRD004198,BUY,1100,340.0,USD,2026-08-05,92826C839
TRD004199,SELL,3200,66.13,USD,2026-08-05,68389X105
TRD004200,BUY,1300,294.36,USD,2026-08-16,92826C839
TRD004201,BUY,3500,291.93,USD,2026-08-17,46625H100
TRD004202,BUY,3400,247.79,USD,2026-08-05,68389X105
TRD004203,BUY,3100,131.04,USD,2026-08-22,68389X105
TRD004204,BUY,4200,206.91,USD,2026-08-03,478160104
TRD004205,SELL,4500,296.85,USD,2026-08-19,91324P102
TRD004206,SELL,4200,281.45,USD,2026-08-14,023135106
TRD004207,SELL,1400,471.54,USD,2026-08-21,30303M102
TRD004208,BUY,3900,64.01,USD,2026-08-15,88160R101
TRD004209,BUY,200,477.83,USD,2026-08-21,88160R101
TRD004210,BUY,800,89.47,USD,2026-08-08,594918104
TRD004211,SELL,2300,424.24,USD,2026-08-14,478160104
TRD004212,SELL,1800,496.73,USD,2026-08-21,478160104
TRD004213,SELL,1900,250.37,USD,2026-08-04,037833100
TRD004214,BUY,3600,242.85,USD,2026-08-12,30303M102
TRD004215,SELL,4900,228.92,USD,2026-08-15,30303M102
TRD004216,SELL,3800,236.07,USD,2026-08-12,594918104
TRD004217,BUY,1300,205.12,USD,2026-08-14,46625H100
TRD004218,SELL,300,143.33,USD,2026-08-13,037833100
TRD004219,BUY,1600,189.44,USD,2026-08-10,478160104
TRD004220,BUY,3800,374.78,USD,2026-08-11,92826C839
TRD004221,BUY,1200,482.19,USD,2026-08-17,594918104
TRD004222,BUY,4100,291.41,USD,2026-08-14,68389X105
TRD004223,SELL,2500,126.92,USD,2026-08-09,037833100
TRD004224,SELL,3800,243.66,USD,2026-08-03,68389X105
TRD004225,BUY,800,97.53,USD,2026-08-08,478160104
TRD004226,BUY,1400,224.75,USD,2026-08-10,594918104
TRD004227,SELL,4000,159.19,USD,2026-08-19,92826C839
TRD004228,SELL,3700,386.46,USD,2026-08-22,46625H100
TRD004229,BUY,1900,218.69,USD,2026-08-16,023135106
TRD004230,BUY,2200,381.79,USD,2026-08-12,023135106
TRD004231,BUY,1700,397.07,USD,2026-08-12,92826C839
TRD004232,BUY,3700,465.44,USD,2026-08-21,023135106
TRD004233,SELL,1600,420.22,USD,2026-08-11,30303M102
TRD004234,SELL,1900,128.68,USD,2026-08-11,46625H100
TRD004235,BUY,3400,384.35,USD,2026-08-20,68389X105
TRD004236,BUY,400,304.79,USD,2026-08-19,46625H100
TRD004237,BUY,4700,248.97,USD,2026-08-09,92826C839
TRD004238,SELL,3500,328.42,USD,2026-08-19,92826C839
TRD004239,SELL,1800,67.88,USD,2026-08-08,594918104
TRD004240,SELL,4900,294.08,USD,2026-08-07,037833100
TRD004241,SELL,800,433.0,USD,2026-08-04,478160104
TRD004242,BUY,3400,186.92,USD,2026-08-12,46625H100
TRD004243,BUY,3100,404.17,USD,2026-08-07,68389X105
TRD004244,BUY,100,40.6,USD,2026-08-11,92826C839
TRD004245,BUY,2000,203.12,USD,2026-08-05,68389X105
TRD004246,SELL,1500,291.96,USD,2026-08-03,68389X105
TRD004247,SELL,2300,71.19,USD,2026-08-06,023135106
TRD004248,SELL,3000,179.99,USD,2026-08-15,88160R101
TRD004249,SELL,3900,207.97,USD,2026-08-13,92826C839
TRD004250,BUY,4400,423.0,USD,2026-08-03,91324P102
TRD004251,SELL,600,462.89,USD,2026-08-22,023135106
TRD004252,SELL,1700,358.79,USD,2026-08-20,30303M102
TRD004253,BUY,4500,177.08,USD,2026-08-15,023135106
TRD004254,BUY,1500,468.58,USD,2026-08-20,88160R101
TRD004255,BUY,1400,162.38,USD,2026-08-08,023135106
TRD004256,SELL,1100,467.74,USD,2026-08-07,037833100
TRD004257,SELL,1300,168.81,USD,2026-08-12,68389X105
TRD004258,BUY,1400,334.89,USD,2026-08-03,30303M102
TRD004259,BUY,2900,362.82,USD,2026-08-16,91324P102
TRD004260,SELL,4400,404.48,USD,2026-08-15,91324P102
TRD004261,SELL,300,285.04,USD,2026-08-13,68389X105
TRD004262,SELL,1800,203.09,USD,2026-08-21,037833100
TRD004263,BUY,4200,63.04,USD,2026-08-18,478160104
TRD004264,SELL,500,243.59,USD,2026-08-09,037833100
TRD004265,BUY,2100,48.05,USD,2026-08-10,91324P102
TRD004266,SELL,2400,474.68,USD,2026-08-08,68389X105
TRD004267,SELL,4000,473.27,USD,2026-08-16,46625H100
TRD004268,BUY,2900,380.77,USD,2026-08-08,023135106
TRD004269,BUY,3400,497.13,USD,2026-08-22,023135106
TRD004270,BUY,200,84.53,USD,2026-08-15,92826C839
TRD004271,SELL,1400,118.12,USD,2026-08-03,023135106
TRD004272,BUY,1300,141.75,USD,2026-08-17,478160104
TRD004273,BUY,4500,78.97,USD,2026-08-16,478160104
TRD004274,BUY,100,230.02,USD,2026-08-16,68389X105
TRD004275,SELL,4000,312.78,USD,2026-08-13,023135106
TRD004276,SELL,400,103.31,USD,2026-08-14,023135106
TRD004277,BUY,1200,456.91,USD,2026-08-21,91324P102
TRD004278,SELL,3200,101.9,USD,2026-08-03,023135106
TRD004279,BUY,900,42.4,USD,2026-08-20,30303M102
TRD004280,BUY,3800,408.56,USD,2026-08-03,594918104
TRD004281,BUY,1100,479.65,USD,2026-08-07,30303M102
TRD004282,BUY,2400,48.08,USD,2026-08-16,30303M102
TRD004283,SELL,3500,242.03,USD,2026-08-06,478160104
TRD004284,SELL,4500,257.69,USD,2026-08-11,46625H100
TRD004285,BUY,3900,469.14,USD,2026-08-08,30303M102
TRD004286,BUY,2400,327.11,USD,2026-08-10,91324P102
TRD004287,SELL,2900,93.96,USD,2026-08-18,68389X105
TRD004288,BUY,500,106.34,USD,2026-08-13,92826C839
TRD004289,BUY,3800,395.33,USD,2026-08-13,46625H100
TRD004290,BUY,3500,155.24,USD,2026-08-11,91324P102
TRD004291,SELL,1000,474.63,USD,2026-08-18,023135106
TRD004292,SELL,2900,295.23,USD,2026-08-05,68389X105
TRD004293,BUY,600,61.26,USD,2026-08-04,594918104
TRD004294,SELL,3300,40.14,USD,2026-08-14,91324P102
TRD004295,BUY,4800,314.81,USD,2026-08-05,478160104
TRD004296,SELL,3200,159.85,USD,2026-08-04,023135106
TRD004297,SELL,2300,69.71,USD,2026-08-22,92826C839
TRD004298,BUY,2300,105.54,USD,2026-08-13,594918104
TRD004299,BUY,1200,104.24,USD,2026-08-18,46625H100
TRD004300,SELL,1600,125.75,USD,2026-08-17,68389X105
TRD004301,BUY,2400,431.43,USD,2026-08-07,68389X105
TRD004302,BUY,1200,200.9,USD,2026-08-13,30303M102
TRD004303,SELL,4200,203.6,USD,2026-08-09,023135106
TRD004304,SELL,100,352.33,USD,2026-08-09,023135106
TRD004305,SELL,1900,164.98,USD,2026-08-03,30303M102
TRD004306,SELL,3400,259.57,USD,2026-08-22,92826C839
TRD004307,SELL,100,150.06,USD,2026-08-03,68389X105
TRD004308,BUY,2400,314.65,USD,2026-08-15,91324P102
TRD004309,SELL,500,313.8,USD,2026-08-13,023135106
TRD004310,SELL,2900,258.48,USD,2026-08-22,68389X105
TRD004311,BUY,4100,335.81,USD,2026-08-08,92826C839
TRD004312,SELL,2700,131.92,USD,2026-08-08,478160104
TRD004313,SELL,3100,173.08,USD,2026-08-08,68389X105
TRD004314,SELL,3700,93.73,USD,2026-08-16,594918104
TRD004315,SELL,2300,280.51,USD,2026-08-07,92826C839
TRD004316,BUY,4200,197.07,USD,2026-08-08,68389X105
TRD004317,SELL,800,54.24,USD,2026-08-16,023135106
TRD004318,BUY,3800,172.52,USD,2026-08-21,46625H100
TRD004319,BUY,1600,242.37,USD,2026-08-07,46625H100
TRD004320,BUY,4000,366.91,USD,2026-08-08,037833100
TRD004321,BUY,500,180.91,USD,2026-08-11,92826C839
TRD004322,SELL,4200,341.04,USD,2026-08-13,594918104
TRD004323,BUY,4700,71.35,USD,2026-08-20,037833100
TRD004324,BUY,3700,276.53,USD,2026-08-10,68389X105
TRD004325,BUY,4200,60.18,USD,2026-08-07,594918104
TRD004326,SELL,1200,395.41,USD,2026-08-14,30303M102
TRD004327,SELL,800,361.39,USD,2026-08-20,68389X105
TRD004328,SELL,3500,220.24,USD,2026-08-18,46625H100
TRD004329,BUY,100,69.91,USD,2026-08-21,594918104
TRD004330,SELL,1700,287.01,USD,2026-08-04,46625H100
TRD004331,BUY,2000,380.04,USD,2026-08-03,037833100
TRD004332,SELL,1200,293.61,USD,2026-08-19,478160104
TRD004333,BUY,3400,250.61,USD,2026-08-13,91324P102
TRD004334,BUY,4800,480.69,USD,2026-08-15,30303M102
TRD004335,SELL,2600,379.49,USD,2026-08-06,92826C839
TRD004336,BUY,900,124.5,USD,2026-08-08,594918104
TRD004337,SELL,4600,466.48,USD,2026-08-07,68389X105
TRD004338,BUY,1200,28.21,USD,2026-08-05,037833100
TRD004339,BUY,4000,141.41,USD,2026-08-09,594918104
TRD004340,BUY,3200,470.08,USD,2026-08-21,594918104
TRD004341,BUY,4000,234.33,USD,2026-08-16,92826C839
TRD004342,SELL,4000,153.29,USD,2026-08-19,594918104
TRD004343,SELL,3300,355.19,USD,2026-08-06,91324P102
TRD004344,BUY,1500,440.09,USD,2026-08-16,46625H100
TRD004345,BUY,4500,377.66,USD,2026-08-03,037833100
TRD004346,BUY,1300,379.04,USD,2026-08-20,88160R101
TRD004347,BUY,2600,110.5,USD,2026-08-06,037833100
TRD004348,BUY,300,176.79,USD,2026-08-08,30303M102
TRD004349,BUY,3400,451.59,USD,2026-08-20,037833100
TRD004350,SELL,3600,350.77,USD,2026-08-16,92826C839
TRD004351,BUY,5000,290.99,USD,2026-08-22,037833100
TRD004352,BUY,2600,276.31,USD,2026-08-16,68389X105
TRD004353,SELL,4900,229.35,USD,2026-08-10,023135106
TRD004354,BUY,3600,496.61,USD,2026-08-09,91324P102
TRD004355,SELL,2500,343.12,USD,2026-08-09,023135106
TRD004356,SELL,2700,452.06,USD,2026-08-05,91324P102
TRD004357,BUY,800,443.97,USD,2026-08-20,46625H100
TRD004358,BUY,3000,70.28,USD,2026-08-16,91324P102
TRD004359,BUY,5000,72.16,USD,2026-08-05,023135106
TRD004360,BUY,3300,399.73,USD,2026-08-09,023135106
TRD004361,SELL,1000,67.59,USD,2026-08-20,91324P102
TRD004362,SELL,1500,187.68,USD,2026-08-08,478160104
TRD004363,SELL,4700,430.95,USD,2026-08-19,478160104
TRD004364,BUY,4900,373.42,USD,2026-08-03,46625H100
TRD004365,SELL,3100,256.64,USD,2026-08-06,037833100
TRD004366,BUY,4100,367.21,USD,2026-08-21,68389X105
TRD004367,BUY,3500,270.87,USD,2026-08-11,023135106
TRD004368,SELL,4000,81.17,USD,2026-08-22,478160104
TRD004369,SELL,800,241.11,USD,2026-08-19,594918104
TRD004370,BUY,3800,221.12,USD,2026-08-20,023135106
TRD004371,SELL,2000,187.97,USD,2026-08-18,68389X105
TRD004372,SELL,200,495.52,USD,2026-08-07,46625H100
TRD004373,BUY,4500,477.6,USD,2026-08-15,91324P102
TRD004374,BUY,1100,313.59,USD,2026-08-14,92826C839
TRD004375,SELL,900,175.36,USD,2026-08-09,30303M102
TRD004376,SELL,3800,291.44,USD,2026-08-08,88160R101
TRD004377,BUY,3900,150.96,USD,2026-08-16,037833100
TRD004378,SELL,4800,162.97,USD,2026-08-07,92826C839
TRD004379,SELL,200,233.62,USD,2026-08-18,68389X105
TRD004380,SELL,2700,223.06,USD,2026-08-12,594918104
TRD004381,SELL,3700,316.99,USD,2026-08-18,037833100
TRD004382,SELL,3600,395.29,USD,2026-08-17,30303M102
TRD004383,SELL,3200,142.36,USD,2026-08-14,92826C839
TRD004384,SELL,1900,214.7,USD,2026-08-05,91324P102
TRD004385,BUY,3900,404.95,USD,2026-08-12,594918104
TRD004386,BUY,1600,158.71,USD,2026-08-17,91324P102
TRD004387,SELL,2200,119.0,USD,2026-08-21,91324P102
TRD004388,SELL,700,498.68,USD,2026-08-12,92826C839
TRD004389,SELL,1700,159.21,USD,2026-08-03,92826C839
TRD004390,BUY,4100,267.09,USD,2026-08-15,037833100
TRD004391,BUY,1100,76.77,USD,2026-08-04,68389X105
TRD004392,BUY,3000,38.76,USD,2026-08-15,30303M102
TRD004393,SELL,400,28.68,USD,2026-08-20,68389X105
TRD004394,BUY,1700,192.11,USD,2026-08-06,023135106
TRD004395,BUY,3500,295.1,USD,2026-08-09,037833100
TRD004396,BUY,2000,340.04,USD,2026-08-20,91324P102
TRD004397,BUY,3900,373.71,USD,2026-08-11,594918104
TRD004398,SELL,2700,492.44,USD,2026-08-10,037833100
TRD004399,BUY,2900,398.39,USD,2026-08-03,037833100
TRD004400,BUY,300,346.24,USD,2026-08-15,46625H100
TRD004401,BUY,5000,306.29,USD,2026-08-09,037833100
TRD004402,SELL,2300,205.95,USD,2026-08-06,91324P102
TRD004403,BUY,3700,111.96,USD,2026-08-17,91324P102
TRD004404,SELL,1900,227.36,USD,2026-08-21,037833100
TRD004405,SELL,3100,458.71,USD,2026-08-03,594918104
TRD004406,SELL,1100,218.93,USD,2026-08-04,037833100
TRD004407,BUY,4900,117.94,USD,2026-08-14,594918104
TRD004408,BUY,1800,461.09,USD,2026-08-12,30303M102
TRD004409,BUY,3900,470.31,USD,2026-08-15,478160104
TRD004410,BUY,2200,478.25,USD,2026-08-20,46625H100
TRD004411,SELL,2400,99.12,USD,2026-08-04,46625H100
TRD004412,BUY,5000,80.5,USD,2026-08-13,88160R101
TRD004413,SELL,2800,438.68,USD,2026-08-07,88160R101
TRD004414,SELL,5000,105.57,USD,2026-08-08,594918104
TRD004415,SELL,2200,133.24,USD,2026-08-12,478160104
TRD004416,SELL,1700,259.47,USD,2026-08-18,46625H100
TRD004417,BUY,1900,348.67,USD,2026-08-13,88160R101
TRD004418,SELL,3900,229.8,USD,2026-08-08,594918104
TRD004419,SELL,1500,276.5,USD,2026-08-13,037833100
TRD004420,BUY,600,485.34,USD,2026-08-12,88160R101
TRD004421,SELL,1400,68.78,USD,2026-08-22,037833100
TRD004422,BUY,1600,209.31,USD,2026-08-08,594918104
TRD004423,SELL,500,466.06,USD,2026-08-18,023135106
TRD004424,SELL,4100,88.73,USD,2026-08-17,478160104
TRD004425,BUY,5000,149.94,USD,2026-08-20,023135106
TRD004426,SELL,3600,174.07,USD,2026-08-13,91324P102
TRD004427,BUY,1200,300.54,USD,2026-08-12,68389X105
TRD004428,SELL,2300,87.17,USD,2026-08-13,594918104
TRD004429,BUY,3300,177.29,USD,2026-08-14,92826C839
TRD004430,BUY,500,46.27,USD,2026-08-04,91324P102
TRD004431,SELL,400,194.37,USD,2026-08-22,594918104
TRD004432,BUY,3000,167.48,USD,2026-08-18,023135106
TRD004433,SELL,4100,123.12,USD,2026-08-07,30303M102
TRD004434,BUY,3400,371.26,USD,2026-08-12,594918104
TRD004435,SELL,3000,77.16,USD,2026-08-21,30303M102
TRD004436,SELL,3700,240.54,USD,2026-08-11,30303M102
TRD004437,SELL,3900,117.52,USD,2026-08-13,023135106
TRD004438,BUY,3500,34.54,USD,2026-08-09,594918104
TRD004439,SELL,2700,59.91,USD,2026-08-05,023135106
TRD004440,BUY,4200,270.16,USD,2026-08-22,68389X105
TRD004441,BUY,300,266.23,USD,2026-08-19,91324P102
TRD004442,SELL,3600,52.79,USD,2026-08-08,478160104
TRD004443,SELL,1300,24.63,USD,2026-08-20,46625H100
TRD004444,BUY,4400,50.05,USD,2026-08-08,594918104
TRD004445,BUY,2000,216.12,USD,2026-08-09,88160R101
TRD004446,SELL,3100,409.84,USD,2026-08-19,037833100
TRD004447,BUY,3700,434.47,USD,2026-08-14,46625H100
TRD004448,SELL,1300,160.42,USD,2026-08-15,478160104
TRD004449,BUY,3100,232.49,USD,2026-08-15,68389X105
TRD004450,SELL,2600,302.65,USD,2026-08-05,30303M102
TRD004451,BUY,2600,85.54,USD,2026-08-22,92826C839
TRD004452,BUY,2500,321.97,USD,2026-08-16,30303M102
TRD004453,SELL,2200,45.28,USD,2026-08-21,92826C839
TRD004454,SELL,200,350.96,USD,2026-08-06,037833100
TRD004455,SELL,3600,183.34,USD,2026-08-10,92826C839
TRD004456,BUY,1500,419.68,USD,2026-08-13,68389X105
TRD004457,BUY,600,279.35,USD,2026-08-16,91324P102
TRD004458,BUY,1900,101.7,USD,2026-08-12,46625H100
TRD004459,BUY,3300,392.71,USD,2026-08-12,92826C839
TRD004460,SELL,4300,315.23,USD,2026-08-17,92826C839
TRD004461,BUY,1100,289.3,USD,2026-08-14,478160104
TRD004462,BUY,4600,294.09,USD,2026-08-19,68389X105
TRD004463,SELL,4800,73.36,USD,2026-08-21,037833100
TRD004464,BUY,500,231.73,USD,2026-08-21,478160104
TRD004465,SELL,3900,336.96,USD,2026-08-05,68389X105
TRD004466,BUY,3500,110.02,USD,2026-08-22,478160104
TRD004467,SELL,3000,26.91,USD,2026-08-13,92826C839
TRD004468,SELL,1700,464.21,USD,2026-08-06,30303M102
TRD004469,SELL,1400,224.22,USD,2026-08-08,91324P102
TRD004470,SELL,3400,70.31,USD,2026-08-08,023135106
TRD004471,SELL,1400,273.52,USD,2026-08-13,46625H100
TRD004472,SELL,800,392.17,USD,2026-08-21,023135106
TRD004473,SELL,3200,420.46,USD,2026-08-05,30303M102
TRD004474,SELL,2200,296.69,USD,2026-08-03,92826C839
TRD004475,SELL,4700,294.97,USD,2026-08-08,594918104
TRD004476,BUY,3700,42.56,USD,2026-08-13,68389X105
TRD004477,SELL,2800,463.81,USD,2026-08-21,023135106
TRD004478,BUY,2400,62.93,USD,2026-08-13,91324P102
TRD004479,SELL,200,382.18,USD,2026-08-17,037833100
TRD004480,SELL,4300,172.84,USD,2026-08-07,46625H100
TRD004481,BUY,4800,78.34,USD,2026-08-21,023135106
TRD004482,SELL,600,25.01,USD,2026-08-20,68389X105
TRD004483,SELL,3100,167.54,USD,2026-08-13,88160R101
TRD004484,BUY,4700,224.76,USD,2026-08-21,037833100
TRD004485,SELL,2100,416.65,USD,2026-08-06,91324P102
TRD004486,SELL,300,156.04,USD,2026-08-04,68389X105
TRD004487,BUY,4600,241.3,USD,2026-08-15,594918104
TRD004488,SELL,4500,401.64,USD,2026-08-19,478160104
TRD004489,BUY,4900,212.99,USD,2026-08-17,594918104
TRD004490,BUY,2300,264.64,USD,2026-08-22,46625H100
TRD004491,SELL,1400,189.55,USD,2026-08-22,037833100
TRD004492,SELL,4100,180.25,USD,2026-08-13,46625H100
TRD004493,BUY,4100,478.7,USD,2026-08-17,023135106
TRD004494,BUY,2200,433.17,USD,2026-08-15,023135106
TRD004495,SELL,3700,109.25,USD,2026-08-14,594918104
TRD004496,BUY,1900,138.13,USD,2026-08-22,037833100
TRD004497,SELL,3300,457.29,USD,2026-08-18,478160104
TRD004498,BUY,200,430.52,USD,2026-08-20,92826C839
TRD004499,BUY,5000,332.08,USD,2026-08-16,037833100
TRD004500,BUY,1600,161.59,USD,2026-08-19,594918104
TRD004501,BUY,1700,143.08,USD,2026-08-16,594918104
TRD004502,BUY,700,319.26,USD,2026-08-17,88160R101
TRD004503,SELL,1400,180.69,USD,2026-08-12,46625H100
TRD004504,SELL,300,488.15,USD,2026-08-06,037833100
TRD004505,BUY,3600,282.49,USD,2026-08-07,478160104
TRD004506,SELL,100,146.75,USD,2026-08-18,46625H100
TRD004507,BUY,900,468.14,USD,2026-08-19,594918104
TRD004508,BUY,1700,344.69,USD,2026-08-17,594918104
TRD004509,SELL,3800,130.36,USD,2026-08-13,023135106
TRD004510,SELL,3700,217.65,USD,2026-08-04,46625H100
TRD004511,BUY,1700,353.68,USD,2026-08-22,037833100
TRD004512,SELL,1200,262.72,USD,2026-08-11,92826C839
TRD004513,SELL,4900,149.42,USD,2026-08-13,88160R101
TRD004514,BUY,4600,133.82,USD,2026-08-13,91324P102
TRD004515,SELL,3000,85.18,USD,2026-08-18,594918104
TRD004516,BUY,1300,30.21,USD,2026-08-16,91324P102
TRD004517,SELL,800,398.64,USD,2026-08-15,30303M102
TRD004518,SELL,5000,417.92,USD,2026-08-09,30303M102
TRD004519,SELL,3800,261.86,USD,2026-08-19,594918104
TRD004520,SELL,1400,283.22,USD,2026-08-17,88160R101
TRD004521,SELL,1500,371.5,USD,2026-08-09,46625H100
TRD004522,BUY,3100,235.76,USD,2026-08-11,594918104
TRD004523,BUY,100,310.42,USD,2026-08-22,594918104
TRD004524,SELL,2300,112.64,USD,2026-08-16,037833100
TRD004525,BUY,900,210.03,USD,2026-08-14,30303M102
TRD004526,SELL,300,463.44,USD,2026-08-05,68389X105
TRD004527,SELL,1500,449.33,USD,2026-08-22,037833100
TRD004528,SELL,2300,236.1,USD,2026-08-07,037833100
TRD004529,BUY,1800,51.82,USD,2026-08-04,478160104
TRD004530,SELL,4600,150.61,USD,2026-08-21,023135106
TRD004531,BUY,2400,498.96,USD,2026-08-10,91324P102
TRD004532,SELL,400,318.26,USD,2026-08-22,30303M102
TRD004533,BUY,4100,463.33,USD,2026-08-07,30303M102
TRD004534,SELL,3000,33.52,USD,2026-08-20,478160104
TRD004535,BUY,2500,491.82,USD,2026-08-21,46625H100
TRD004536,BUY,1200,199.13,USD,2026-08-18,30303M102
TRD004537,SELL,1200,159.01,USD,2026-08-11,023135106
TRD004538,BUY,700,71.78,USD,2026-08-22,037833100
TRD004539,BUY,2000,203.63,USD,2026-08-16,594918104
TRD004540,SELL,1400,44.13,USD,2026-08-03,68389X105
TRD004541,SELL,2900,353.34,USD,2026-08-08,037833100
TRD004542,SELL,1000,393.94,USD,2026-08-04,92826C839
TRD004543,BUY,1600,207.64,USD,2026-08-16,68389X105
TRD004544,BUY,2400,114.37,USD,2026-08-20,92826C839
TRD004545,BUY,2200,243.13,USD,2026-08-22,88160R101
TRD004546,BUY,700,257.57,USD,2026-08-07,88160R101
TRD004547,SELL,3700,483.53,USD,2026-08-03,478160104
TRD004548,BUY,3000,62.95,USD,2026-08-04,478160104
TRD004549,BUY,600,72.4,USD,2026-08-20,46625H100
TRD004550,SELL,4800,264.47,USD,2026-08-05,46625H100
TRD004551,BUY,1200,77.58,USD,2026-08-11,88160R101
TRD004552,SELL,4600,391.27,USD,2026-08-16,594918104
TRD004553,SELL,800,293.35,USD,2026-08-20,594918104
TRD004554,BUY,100,238.3,USD,2026-08-12,023135106
TRD004555,BUY,1000,416.03,USD,2026-08-12,30303M102
TRD004556,SELL,900,108.16,USD,2026-08-07,594918104
TRD004557,SELL,100,89.15,USD,2026-08-08,023135106
TRD004558,SELL,1800,382.56,USD,2026-08-07,037833100
TRD004559,SELL,2000,376.12,USD,2026-08-17,478160104
TRD004560,SELL,2500,316.17,USD,2026-08-09,68389X105
TRD004561,BUY,4100,189.5,USD,2026-08-06,023135106
TRD004562,SELL,3100,216.31,USD,2026-08-17,92826C839
TRD004563,SELL,4700,287.45,USD,2026-08-07,30303M102
TRD004564,SELL,4500,192.36,USD,2026-08-20,88160R101
TRD004565,BUY,300,83.08,USD,2026-08-06,92826C839
TRD004566,SELL,2100,478.44,USD,2026-08-20,92826C839
TRD004567,SELL,600,101.95,USD,2026-08-16,91324P102
TRD004568,SELL,4900,357.5,USD,2026-08-22,91324P102
TRD004569,SELL,1700,249.91,USD,2026-08-16,91324P102
TRD004570,SELL,900,122.67,USD,2026-08-15,037833100
TRD004571,SELL,3300,272.25,USD,2026-08-12,478160104
TRD004572,BUY,3300,379.62,USD,2026-08-17,91324P102
TRD004573,SELL,3700,72.58,USD,2026-08-04,478160104
TRD004574,BUY,3700,82.7,USD,2026-08-16,30303M102
TRD004575,BUY,2600,294.21,USD,2026-08-19,023135106
TRD004576,BUY,4700,320.16,USD,2026-08-09,88160R101
TRD004577,SELL,1800,279.36,USD,2026-08-19,46625H100
TRD004578,BUY,300,262.0,USD,2026-08-06,023135106
TRD004579,SELL,3400,216.9,USD,2026-08-11,46625H100
TRD004580,BUY,4600,430.73,USD,2026-08-08,594918104
TRD004581,SELL,1300,376.87,USD,2026-08-18,68389X105
TRD004582,SELL,2300,453.28,USD,2026-08-03,023135106
TRD004583,SELL,100,49.26,USD,2026-08-03,91324P102
TRD004584,SELL,1600,400.77,USD,2026-08-15,478160104
TRD004585,BUY,800,313.85,USD,2026-08-03,91324P102
TRD004586,SELL,5000,393.51,USD,2026-08-05,594918104
TRD004587,BUY,2600,403.19,USD,2026-08-03,92826C839
TRD004588,SELL,600,204.55,USD,2026-08-07,023135106
TRD004589,BUY,3200,116.74,USD,2026-08-17,92826C839
TRD004590,SELL,5000,297.04,USD,2026-08-17,92826C839
TRD004591,BUY,100,280.05,USD,2026-08-13,30303M102
TRD004592,SELL,600,472.55,USD,2026-08-20,46625H100
TRD004593,BUY,1700,206.48,USD,2026-08-04,037833100
TRD004594,BUY,3900,411.65,USD,2026-08-21,91324P102
TRD004595,BUY,1500,139.54,USD,2026-08-06,594918104
TRD004596,SELL,1600,477.48,USD,2026-08-05,594918104
TRD004597,SELL,600,172.8,USD,2026-08-22,91324P102
TRD004598,SELL,4500,144.39,USD,2026-08-19,68389X105
TRD004599,SELL,2000,92.04,USD,2026-08-03,023135106
TRD004600,SELL,4300,25.78,USD,2026-08-14,023135106
TRD004601,BUY,1600,153.31,USD,2026-08-16,037833100
TRD004602,BUY,2500,472.86,USD,2026-08-22,92826C839
TRD004603,BUY,3800,447.47,USD,2026-08-11,46625H100
TRD004604,BUY,1000,363.73,USD,2026-08-06,037833100
TRD004605,SELL,1800,442.99,USD,2026-08-03,68389X105
TRD004606,SELL,3500,456.92,USD,2026-08-19,68389X105
TRD004607,SELL,4200,126.8,USD,2026-08-17,92826C839
TRD004608,SELL,1900,484.71,USD,2026-08-07,46625H100
TRD004609,BUY,3400,186.39,USD,2026-08-05,478160104
TRD004610,BUY,2100,454.32,USD,2026-08-17,023135106
TRD004611,SELL,2300,325.84,USD,2026-08-09,46625H100
TRD004612,BUY,1500,185.33,USD,2026-08-17,037833100
TRD004613,BUY,600,96.55,USD,2026-08-06,91324P102
TRD004614,SELL,3600,356.59,USD,2026-08-06,91324P102
TRD004615,BUY,2700,470.37,USD,2026-08-08,88160R101
TRD004616,BUY,200,157.7,USD,2026-08-15,594918104
TRD004617,SELL,400,243.03,USD,2026-08-08,023135106
TRD004618,BUY,2800,216.03,USD,2026-08-04,594918104
TRD004619,BUY,1600,270.74,USD,2026-08-17,594918104
TRD004620,BUY,4700,441.91,USD,2026-08-08,023135106
TRD004621,SELL,900,292.54,USD,2026-08-16,594918104
TRD004622,BUY,900,34.1,USD,2026-08-11,91324P102
TRD004623,SELL,100,258.92,USD,2026-08-16,46625H100
TRD004624,SELL,1500,478.75,USD,2026-08-11,30303M102
TRD004625,BUY,300,485.91,USD,2026-08-12,68389X105
TRD004626,SELL,2900,221.1,USD,2026-08-10,30303M102
TRD004627,BUY,200,71.39,USD,2026-08-05,88160R101
TRD004628,BUY,2400,259.63,USD,2026-08-09,30303M102
TRD004629,BUY,1000,144.55,USD,2026-08-14,91324P102
TRD004630,SELL,600,255.76,USD,2026-08-16,91324P102
TRD004631,BUY,2100,383.29,USD,2026-08-07,478160104
TRD004632,SELL,1200,209.24,USD,2026-08-03,91324P102
TRD004633,BUY,2700,357.72,USD,2026-08-15,88160R101
TRD004634,SELL,2600,477.3,USD,2026-08-07,30303M102
TRD004635,SELL,4000,442.07,USD,2026-08-16,91324P102
TRD004636,BUY,1800,399.25,USD,2026-08-12,478160104
TRD004637,BUY,600,337.95,USD,2026-08-21,037833100
TRD004638,SELL,2400,27.22,USD,2026-08-16,594918104
TRD004639,SELL,2000,260.29,USD,2026-08-18,30303M102
TRD004640,SELL,900,132.94,USD,2026-08-11,023135106
TRD004641,BUY,2000,368.51,USD,2026-08-15,91324P102
TRD004642,BUY,800,92.39,USD,2026-08-13,46625H100
TRD004643,SELL,3900,374.36,USD,2026-08-14,68389X105
TRD004644,BUY,3700,397.11,USD,2026-08-03,46625H100
TRD004645,SELL,1800,404.49,USD,2026-08-05,594918104
TRD004646,BUY,4600,313.98,USD,2026-08-09,91324P102
TRD004647,SELL,3400,90.44,USD,2026-08-10,037833100
TRD004648,SELL,2800,132.08,USD,2026-08-10,88160R101
TRD004649,SELL,1900,260.21,USD,2026-08-19,68389X105
TRD004650,SELL,3400,268.07,USD,2026-08-21,46625H100
TRD004651,SELL,2600,214.47,USD,2026-08-03,88160R101
TRD004652,SELL,700,496.62,USD,2026-08-08,594918104
TRD004653,BUY,2400,169.28,USD,2026-08-11,594918104
TRD004654,SELL,1200,138.62,USD,2026-08-03,594918104
TRD004655,SELL,400,169.26,USD,2026-08-19,46625H100
TRD004656,BUY,1600,258.4,USD,2026-08-06,91324P102
TRD004657,BUY,400,117.27,USD,2026-08-04,023135106
TRD004658,BUY,2900,284.36,USD,2026-08-21,92826C839
TRD004659,SELL,400,58.49,USD,2026-08-11,037833100
TRD004660,SELL,1400,162.95,USD,2026-08-18,594918104
TRD004661,BUY,4900,351.13,USD,2026-08-06,92826C839
TRD004662,SELL,4900,333.07,USD,2026-08-16,037833100
TRD004663,SELL,700,444.62,USD,2026-08-15,68389X105
TRD004664,SELL,2300,348.2,USD,2026-08-22,037833100
TRD004665,SELL,1700,67.29,USD,2026-08-12,478160104
TRD004666,SELL,2200,436.32,USD,2026-08-03,594918104
TRD004667,BUY,2900,183.55,USD,2026-08-13,91324P102
TRD004668,BUY,800,30.86,USD,2026-08-08,91324P102
TRD004669,SELL,2900,270.84,USD,2026-08-03,478160104
TRD004670,BUY,3000,307.4,USD,2026-08-04,023135106
TRD004671,BUY,2700,70.78,USD,2026-08-03,91324P102
TRD004672,SELL,800,394.01,USD,2026-08-18,68389X105
TRD004673,BUY,1300,344.89,USD,2026-08-21,46625H100
TRD004674,BUY,3200,391.95,USD,2026-08-20,023135106
TRD004675,BUY,1500,39.35,USD,2026-08-16,91324P102
TRD004676,SELL,100,107.39,USD,2026-08-12,91324P102
TRD004677,BUY,4700,363.83,USD,2026-08-14,88160R101
TRD004678,BUY,3300,35.11,USD,2026-08-08,30303M102
TRD004679,SELL,1900,113.19,USD,2026-08-07,023135106
TRD004680,SELL,1200,97.89,USD,2026-08-06,46625H100
TRD004681,SELL,2500,309.18,USD,2026-08-15,91324P102
TRD004682,BUY,3000,144.6,USD,2026-08-18,037833100
TRD004683,BUY,2900,347.48,USD,2026-08-14,594918104
TRD004684,BUY,4500,76.83,USD,2026-08-21,88160R101
TRD004685,SELL,1000,62.93,USD,2026-08-04,594918104
TRD004686,SELL,2000,415.26,USD,2026-08-15,594918104
TRD004687,BUY,100,124.44,USD,2026-08-14,037833100
TRD004688,SELL,4200,270.89,USD,2026-08-11,68389X105
TRD004689,BUY,1400,357.35,USD,2026-08-06,92826C839
TRD004690,SELL,1500,297.39,USD,2026-08-12,91324P102
TRD004691,SELL,3300,51.66,USD,2026-08-03,037833100
TRD004692,BUY,700,374.52,USD,2026-08-22,594918104
TRD004693,SELL,2100,431.91,USD,2026-08-04,68389X105
TRD004694,BUY,500,200.99,USD,2026-08-14,91324P102
TRD004695,SELL,4500,159.58,USD,2026-08-10,023135106
TRD004696,SELL,4000,434.0,USD,2026-08-10,30303M102
TRD004697,SELL,600,21.51,USD,2026-08-03,594918104
TRD004698,SELL,1800,457.8,USD,2026-08-16,30303M102
TRD004699,SELL,1000,255.48,USD,2026-08-21,46625H100
TRD004700,SELL,800,173.63,USD,2026-08-10,91324P102
TRD004701,BUY,4800,387.16,USD,2026-08-06,68389X105
TRD004702,SELL,500,454.8,USD,2026-08-18,88160R101
TRD004703,SELL,900,132.42,USD,2026-08-14,92826C839
TRD004704,BUY,700,183.86,USD,2026-08-11,68389X105
TRD004705,BUY,4100,41.89,USD,2026-08-22,478160104
TRD004706,BUY,4700,204.01,USD,2026-08-07,30303M102
TRD004707,SELL,2800,384.02,USD,2026-08-14,30303M102
TRD004708,BUY,3000,244.91,USD,2026-08-04,88160R101
TRD004709,BUY,700,33.11,USD,2026-08-09,037833100
TRD004710,SELL,3000,78.8,USD,2026-08-15,30303M102
TRD004711,SELL,3100,275.15,USD,2026-08-10,478160104
TRD004712,SELL,400,123.93,USD,2026-08-18,88160R101
TRD004713,BUY,1500,274.44,USD,2026-08-08,478160104
TRD004714,BUY,500,423.46,USD,2026-08-19,88160R101
TRD004715,SELL,4300,106.91,USD,2026-08-04,68389X105
TRD004716,SELL,2200,144.59,USD,2026-08-15,91324P102
TRD004717,BUY,1000,448.88,USD,2026-08-08,91324P102
TRD004718,SELL,2000,498.58,USD,2026-08-17,46625H100
TRD004719,BUY,900,24.94,USD,2026-08-15,023135106
TRD004720,BUY,500,432.64,USD,2026-08-09,88160R101
TRD004721,BUY,3600,484.11,USD,2026-08-15,478160104
TRD004722,BUY,900,191.9,USD,2026-08-07,023135106
TRD004723,SELL,2800,366.58,USD,2026-08-18,92826C839
TRD004724,BUY,4300,353.16,USD,2026-08-11,91324P102
TRD004725,SELL,3400,496.95,USD,2026-08-21,023135106
TRD004726,BUY,4500,180.61,USD,2026-08-14,023135106
TRD004727,BUY,2300,398.34,USD,2026-08-19,92826C839
TRD004728,SELL,3100,116.01,USD,2026-08-16,594918104
TRD004729,SELL,2100,306.17,USD,2026-08-17,46625H100
TRD004730,SELL,5000,24.24,USD,2026-08-09,88160R101
TRD004731,BUY,400,373.64,USD,2026-08-19,92826C839
TRD004732,SELL,3200,361.13,USD,2026-08-14,30303M102
TRD004733,BUY,500,301.61,USD,2026-08-03,023135106
TRD004734,SELL,3400,144.64,USD,2026-08-08,478160104
TRD004735,BUY,2600,379.8,USD,2026-08-07,478160104
TRD004736,SELL,1200,48.63,USD,2026-08-08,68389X105
TRD004737,SELL,1000,251.43,USD,2026-08-06,594918104
TRD004738,SELL,2400,332.6,USD,2026-08-18,46625H100
TRD004739,SELL,3200,71.17,USD,2026-08-08,037833100
TRD004740,SELL,1100,316.06,USD,2026-08-20,88160R101
TRD004741,BUY,1800,421.83,USD,2026-08-15,92826C839
TRD004742,SELL,300,199.9,USD,2026-08-06,46625H100
TRD004743,SELL,100,119.52,USD,2026-08-08,68389X105
TRD004744,BUY,1200,378.5,USD,2026-08-21,91324P102
TRD004745,BUY,1800,108.5,USD,2026-08-15,30303M102
TRD004746,BUY,500,49.06,USD,2026-08-20,037833100
TRD004747,SELL,2900,242.99,USD,2026-08-03,023135106
TRD004748,SELL,600,212.03,USD,2026-08-09,478160104
TRD004749,SELL,300,446.32,USD,2026-08-03,037833100
TRD004750,BUY,1300,120.17,USD,2026-08-16,478160104
TRD004751,BUY,1800,200.83,USD,2026-08-10,594918104
TRD004752,SELL,2900,96.76,USD,2026-08-11,478160104
TRD004753,BUY,1600,459.62,USD,2026-08-03,91324P102
TRD004754,BUY,3700,35.61,USD,2026-08-15,88160R101
TRD004755,BUY,1100,442.87,USD,2026-08-22,92826C839
TRD004756,SELL,3600,176.02,USD,2026-08-22,023135106
TRD004757,SELL,1500,81.07,USD,2026-08-08,478160104
TRD004758,BUY,600,96.83,USD,2026-08-21,594918104
TRD004759,SELL,1500,187.07,USD,2026-08-04,30303M102
TRD004760,SELL,3700,412.21,USD,2026-08-04,68389X105
TRD004761,SELL,4600,221.5,USD,2026-08-15,88160R101
TRD004762,SELL,3000,434.25,USD,2026-08-20,30303M102
TRD004763,BUY,1400,302.29,USD,2026-08-11,92826C839
TRD004764,SELL,3800,199.34,USD,2026-08-17,037833100
TRD004765,SELL,3500,228.73,USD,2026-08-03,46625H100
TRD004766,SELL,2400,381.7,USD,2026-08-03,68389X105
TRD004767,BUY,100,339.25,USD,2026-08-06,92826C839
TRD004768,SELL,1100,305.61,USD,2026-08-08,68389X105
TRD004769,SELL,2400,392.78,USD,2026-08-12,023135106
TRD004770,SELL,1800,144.34,USD,2026-08-21,037833100
TRD004771,SELL,1200,451.4,USD,2026-08-14,023135106
TRD004772,BUY,1200,23.15,USD,2026-08-08,023135106
TRD004773,BUY,300,93.9,USD,2026-08-14,88160R101
TRD004774,BUY,400,74.49,USD,2026-08-10,88160R101
TRD004775,BUY,4600,347.82,USD,2026-08-04,023135106
TRD004776,SELL,3800,262.06,USD,2026-08-20,91324P102
TRD004777,BUY,1400,319.42,USD,2026-08-10,023135106
TRD004778,SELL,1900,427.9,USD,2026-08-15,68389X105
TRD004779,SELL,900,23.48,USD,2026-08-20,037833100
TRD004780,BUY,4800,375.4,USD,2026-08-10,594918104
TRD004781,BUY,1800,381.28,USD,2026-08-05,68389X105
TRD004782,SELL,400,233.28,USD,2026-08-13,92826C839
TRD004783,BUY,4000,308.55,USD,2026-08-07,037833100
TRD004784,BUY,1600,484.15,USD,2026-08-15,023135106
TRD004785,BUY,3000,168.32,USD,2026-08-14,30303M102
TRD004786,BUY,100,204.29,USD,2026-08-22,30303M102
TRD004787,SELL,3700,117.51,USD,2026-08-17,88160R101
TRD004788,SELL,700,301.26,USD,2026-08-08,46625H100
TRD004789,BUY,4500,129.96,USD,2026-08-18,88160R101
TRD004790,BUY,2600,81.49,USD,2026-08-16,30303M102
TRD004791,BUY,1000,340.53,USD,2026-08-19,46625H100
TRD004792,BUY,700,450.7,USD,2026-08-07,037833100
TRD004793,SELL,2800,77.82,USD,2026-08-10,037833100
TRD004794,BUY,3800,96.0,USD,2026-08-20,30303M102
TRD004795,BUY,900,149.83,USD,2026-08-09,68389X105
TRD004796,SELL,500,189.84,USD,2026-08-10,88160R101
TRD004797,BUY,2100,65.16,USD,2026-08-09,68389X105
TRD004798,BUY,4100,70.43,USD,2026-08-10,037833100
TRD004799,SELL,2900,252.85,USD,2026-08-21,478160104
TRD004800,SELL,1700,243.75,USD,2026-08-07,88160R101
TRD004801,SELL,1700,432.79,USD,2026-08-07,594918104
TRD004802,SELL,1600,359.93,USD,2026-08-11,88160R101
TRD004803,SELL,3500,399.78,USD,2026-08-21,68389X105
TRD004804,SELL,100,165.21,USD,2026-08-20,478160104
TRD004805,BUY,2800,256.5,USD,2026-08-15,92826C839
TRD004806,BUY,1400,442.7,USD,2026-08-08,92826C839
TRD004807,SELL,3600,226.4,USD,2026-08-06,88160R101
TRD004808,SELL,400,99.65,USD,2026-08-17,91324P102
TRD004809,SELL,2800,151.97,USD,2026-08-19,88160R101
TRD004810,SELL,2300,372.92,USD,2026-08-19,023135106
TRD004811,SELL,3500,102.46,USD,2026-08-13,46625H100
TRD004812,SELL,3100,84.79,USD,2026-08-08,037833100
TRD004813,SELL,1800,210.99,USD,2026-08-07,92826C839
TRD004814,SELL,2400,166.47,USD,2026-08-09,88160R101
TRD004815,SELL,600,397.15,USD,2026-08-15,68389X105
TRD004816,SELL,1200,108.11,USD,2026-08-14,037833100
TRD004817,SELL,3500,108.01,USD,2026-08-15,68389X105
TRD004818,SELL,2000,234.67,USD,2026-08-20,46625H100
TRD004819,BUY,4900,140.94,USD,2026-08-08,037833100
TRD004820,BUY,1100,400.6,USD,2026-08-10,30303M102
TRD004821,BUY,3700,295.23,USD,2026-08-22,037833100
TRD004822,SELL,3900,357.04,USD,2026-08-16,46625H100
TRD004823,BUY,4500,232.82,USD,2026-08-07,46625H100
TRD004824,BUY,1700,460.91,USD,2026-08-13,037833100
TRD004825,SELL,2400,226.55,USD,2026-08-08,594918104
TRD004826,BUY,1900,330.57,USD,2026-08-03,023135106
TRD004827,SELL,400,373.92,USD,2026-08-05,92826C839
TRD004828,BUY,2400,386.25,USD,2026-08-20,92826C839
TRD004829,BUY,1100,162.98,USD,2026-08-17,594918104
TRD004830,BUY,3800,126.65,USD,2026-08-03,037833100
TRD004831,BUY,200,467.25,USD,2026-08-07,478160104
TRD004832,BUY,300,173.78,USD,2026-08-11,46625H100
TRD004833,BUY,4400,379.21,USD,2026-08-04,478160104
TRD004834,SELL,900,207.64,USD,2026-08-09,91324P102
TRD004835,SELL,2300,24.96,USD,2026-08-21,88160R101
TRD004836,BUY,1200,115.94,USD,2026-08-16,594918104
TRD004837,BUY,2800,336.34,USD,2026-08-10,594918104
TRD004838,BUY,1300,397.52,USD,2026-08-06,037833100
TRD004839,SELL,4000,144.31,USD,2026-08-05,46625H100
TRD004840,BUY,1300,363.4,USD,2026-08-15,88160R101
TRD004841,BUY,1900,75.83,USD,2026-08-09,478160104
TRD004842,BUY,3100,336.08,USD,2026-08-15,91324P102
TRD004843,BUY,2700,449.26,USD,2026-08-04,46625H100
TRD004844,SELL,1400,399.22,USD,2026-08-22,30303M102
TRD004845,BUY,300,413.02,USD,2026-08-16,594918104
TRD004846,BUY,2200,68.04,USD,2026-08-20,478160104
TRD004847,BUY,600,421.23,USD,2026-08-18,92826C839
TRD004848,SELL,1300,102.77,USD,2026-08-08,037833100
TRD004849,SELL,1900,288.97,USD,2026-08-17,30303M102
TRD004850,BUY,1800,57.33,USD,2026-08-18,68389X105
TRD004851,BUY,2300,225.63,USD,2026-08-13,023135106
TRD004852,SELL,2500,294.85,USD,2026-08-17,92826C839
TRD004853,SELL,100,99.44,USD,2026-08-12,91324P102
TRD004854,BUY,1500,201.68,USD,2026-08-07,46625H100
TRD004855,SELL,300,154.82,USD,2026-08-17,68389X105
TRD004856,BUY,2800,372.29,USD,2026-08-11,594918104
TRD004857,SELL,100,305.9,USD,2026-08-10,91324P102
TRD004858,SELL,4100,445.11,USD,2026-08-18,30303M102
TRD004859,BUY,2600,368.53,USD,2026-08-10,88160R101
TRD004860,SELL,3900,27.68,USD,2026-08-04,92826C839
TRD004861,SELL,3100,276.14,USD,2026-08-11,46625H100
TRD004862,BUY,3200,426.29,USD,2026-08-16,594918104
TRD004863,BUY,3000,262.49,USD,2026-08-19,30303M102
TRD004864,BUY,3000,44.59,USD,2026-08-15,594918104
TRD004865,SELL,2900,424.76,USD,2026-08-14,46625H100
TRD004866,BUY,2700,427.56,USD,2026-08-07,46625H100
TRD004867,SELL,2600,285.66,USD,2026-08-05,88160R101
TRD004868,SELL,4500,61.82,USD,2026-08-14,91324P102
TRD004869,SELL,3700,36.11,USD,2026-08-04,68389X105
TRD004870,BUY,4500,100.13,USD,2026-08-06,037833100
TRD004871,SELL,2000,180.57,USD,2026-08-17,91324P102
TRD004872,BUY,1900,488.62,USD,2026-08-14,46625H100
TRD004873,SELL,2800,35.97,USD,2026-08-04,023135106
TRD004874,SELL,2900,148.16,USD,2026-08-16,92826C839
TRD004875,SELL,1400,32.98,USD,2026-08-18,478160104
TRD004876,SELL,200,412.36,USD,2026-08-18,594918104
TRD004877,SELL,900,107.86,USD,2026-08-08,46625H100
TRD004878,BUY,3100,457.39,USD,2026-08-11,594918104
TRD004879,SELL,5000,265.71,USD,2026-08-19,91324P102
TRD004880,BUY,1400,261.14,USD,2026-08-13,92826C839
TRD004881,SELL,300,205.86,USD,2026-08-09,92826C839
TRD004882,BUY,2000,346.27,USD,2026-08-08,91324P102
TRD004883,SELL,3300,382.85,USD,2026-08-15,037833100
TRD004884,SELL,2100,403.43,USD,2026-08-13,037833100
TRD004885,SELL,4100,165.29,USD,2026-08-07,68389X105
TRD004886,SELL,4500,238.6,USD,2026-08-11,91324P102
TRD004887,BUY,4500,387.12,USD,2026-08-20,46625H100
TRD004888,SELL,2900,34.27,USD,2026-08-15,023135106
TRD004889,BUY,400,386.02,USD,2026-08-15,68389X105
TRD004890,SELL,4400,450.23,USD,2026-08-03,478160104
TRD004891,BUY,3800,299.05,USD,2026-08-19,92826C839
TRD004892,BUY,3700,411.87,USD,2026-08-08,478160104
TRD004893,BUY,1000,220.97,USD,2026-08-13,023135106
TRD004894,SELL,1500,242.55,USD,2026-08-17,037833100
TRD004895,SELL,2000,313.16,USD,2026-08-08,46625H100
TRD004896,SELL,1100,34.5,USD,2026-08-21,91324P102
TRD004897,SELL,4300,132.52,USD,2026-08-05,023135106
TRD004898,SELL,2000,349.8,USD,2026-08-22,037833100
TRD004899,BUY,2300,392.04,USD,2026-08-22,46625H100
TRD004900,BUY,2500,307.43,USD,2026-08-05,92826C839
TRD004901,BUY,3500,230.81,USD,2026-08-03,88160R101
TRD004902,BUY,3900,274.64,USD,2026-08-11,023135106
TRD004903,SELL,3300,376.4,USD,2026-08-11,023135106
TRD004904,SELL,4500,90.42,USD,2026-08-05,478160104
TRD004905,SELL,800,218.86,USD,2026-08-19,037833100
TRD004906,BUY,2500,477.85,USD,2026-08-11,023135106
TRD004907,SELL,2200,443.85,USD,2026-08-19,92826C839
TRD004908,SELL,4900,453.41,USD,2026-08-04,594918104
TRD004909,BUY,1700,443.59,USD,2026-08-21,68389X105
TRD004910,SELL,4200,265.28,USD,2026-08-13,037833100
TRD004911,BUY,2900,391.86,USD,2026-08-06,478160104
TRD004912,BUY,3900,489.12,USD,2026-08-16,30303M102
TRD004913,BUY,400,117.72,USD,2026-08-19,91324P102
TRD004914,BUY,4100,451.16,USD,2026-08-05,478160104
TRD004915,BUY,1000,273.77,USD,2026-08-22,46625H100
TRD004916,SELL,4200,437.66,USD,2026-08-12,30303M102
TRD004917,SELL,2100,381.09,USD,2026-08-03,037833100
TRD004918,BUY,3400,263.67,USD,2026-08-21,88160R101
TRD004919,SELL,1200,327.96,USD,2026-08-17,30303M102
TRD004920,BUY,2700,279.12,USD,2026-08-16,92826C839
TRD004921,SELL,4700,307.92,USD,2026-08-15,594918104
TRD004922,BUY,3100,214.95,USD,2026-08-07,037833100
TRD004923,SELL,3400,84.07,USD,2026-08-03,023135106
TRD004924,SELL,3000,47.27,USD,2026-08-08,46625H100
TRD004925,BUY,1700,154.69,USD,2026-08-09,88160R101
TRD004926,SELL,2500,322.5,USD,2026-08-08,30303M102
TRD004927,BUY,3400,346.62,USD,2026-08-18,037833100
TRD004928,BUY,100,373.18,USD,2026-08-12,68389X105
TRD004929,BUY,4300,440.91,USD,2026-08-09,46625H100
TRD004930,SELL,3800,63.21,USD,2026-08-07,023135106
TRD004931,BUY,1600,24.3,USD,2026-08-20,30303M102
TRD004932,SELL,2600,415.0,USD,2026-08-04,023135106
TRD004933,SELL,4200,385.3,USD,2026-08-03,68389X105
TRD004934,SELL,1900,136.3,USD,2026-08-13,68389X105
TRD004935,SELL,4500,168.0,USD,2026-08-14,88160R101
TRD004936,BUY,4900,223.96,USD,2026-08-19,594918104
TRD004937,SELL,2900,399.09,USD,2026-08-11,037833100
TRD004938,SELL,2600,416.99,USD,2026-08-11,91324P102
TRD004939,SELL,800,189.09,USD,2026-08-21,478160104
TRD004940,SELL,1600,268.53,USD,2026-08-11,46625H100
TRD004941,BUY,1300,481.15,USD,2026-08-10,46625H100
TRD004942,BUY,2600,407.26,USD,2026-08-22,92826C839
TRD004943,SELL,2700,156.18,USD,2026-08-05,68389X105
TRD004944,BUY,2000,292.13,USD,2026-08-18,68389X105
TRD004945,BUY,400,476.63,USD,2026-08-08,92826C839
TRD004946,SELL,1200,99.58,USD,2026-08-16,92826C839
TRD004947,SELL,100,204.24,USD,2026-08-15,594918104
TRD004948,SELL,3700,300.04,USD,2026-08-08,023135106
TRD004949,SELL,2500,312.93,USD,2026-08-21,92826C839
TRD004950,SELL,1000,302.23,USD,2026-08-22,91324P102
TRD004951,BUY,2100,380.72,USD,2026-08-18,46625H100
TRD004952,SELL,3000,360.86,USD,2026-08-17,92826C839
TRD004953,BUY,5000,228.24,USD,2026-08-12,594918104
TRD004954,BUY,3400,102.88,USD,2026-08-19,30303M102
TRD004955,SELL,1600,65.91,USD,2026-08-09,92826C839
TRD004956,SELL,1300,488.5,USD,2026-08-22,594918104
TRD004957,BUY,900,213.18,USD,2026-08-03,037833100
TRD004958,SELL,1900,162.8,USD,2026-08-17,46625H100
TRD004959,BUY,4000,367.7,USD,2026-08-05,30303M102
TRD004960,SELL,4300,128.88,USD,2026-08-04,30303M102
TRD004961,SELL,3700,53.94,USD,2026-08-12,594918104
TRD004962,BUY,3400,409.53,USD,2026-08-18,88160R101
TRD004963,BUY,4100,424.94,USD,2026-08-18,68389X105
TRD004964,BUY,4000,279.27,USD,2026-08-13,46625H100
TRD004965,BUY,4800,397.23,USD,2026-08-07,30303M102
TRD004966,SELL,2200,318.12,USD,2026-08-07,037833100
TRD004967,SELL,1500,181.68,USD,2026-08-10,037833100
TRD004968,SELL,3200,496.8,USD,2026-08-16,92826C839
TRD004969,SELL,700,318.74,USD,2026-08-11,91324P102
TRD004970,SELL,2600,80.05,USD,2026-08-21,91324P102
TRD004971,SELL,300,331.54,USD,2026-08-14,46625H100
TRD004972,SELL,100,60.88,USD,2026-08-14,023135106
TRD004973,SELL,100,235.31,USD,2026-08-16,46625H100
TRD004974,BUY,3400,226.69,USD,2026-08-13,478160104
TRD004975,BUY,4900,332.79,USD,2026-08-12,037833100
TRD004976,BUY,2000,255.56,USD,2026-08-06,68389X105
TRD004977,BUY,500,335.19,USD,2026-08-18,92826C839
TRD004978,BUY,2600,66.53,USD,2026-08-04,478160104
TRD004979,BUY,1300,328.33,USD,2026-08-05,478160104
TRD004980,SELL,2300,49.81,USD,2026-08-16,594918104
TRD004981,SELL,4900,338.36,USD,2026-08-04,68389X105
TRD004982,SELL,4000,377.22,USD,2026-08-21,92826C839
TRD004983,SELL,3800,115.17,USD,2026-08-18,023135106
TRD004984,BUY,300,111.14,USD,2026-08-08,30303M102
TRD004985,SELL,2000,152.03,USD,2026-08-17,30303M102
TRD004986,SELL,100,394.27,USD,2026-08-18,46625H100
TRD004987,BUY,4800,480.21,USD,2026-08-16,68389X105
TRD004988,SELL,2100,493.49,USD,2026-08-03,478160104
TRD004989,BUY,500,393.15,USD,2026-08-22,594918104
TRD004990,SELL,4100,36.38,USD,2026-08-20,88160R101
TRD004991,BUY,4500,134.67,USD,2026-08-08,91324P102
TRD004992,SELL,600,148.63,USD,2026-08-15,023135106
TRD004993,SELL,300,310.41,USD,2026-08-05,91324P102
TRD004994,SELL,3300,20.7,USD,2026-08-14,91324P102
TRD004995,SELL,4700,373.57,USD,2026-08-06,88160R101
TRD004996,SELL,2900,145.07,USD,2026-08-22,46625H100
TRD004997,SELL,1600,309.09,USD,2026-08-06,46625H100
TRD004998,BUY,3200,414.2,USD,2026-08-03,037833100
TRD004999,BUY,3800,138.0,USD,2026-08-03,30303M102
TRD005000,BUY,2000,76.27,USD,2026-08-11,037833100
TRD005001,SELL,1600,310.02,USD,2026-08-20,68389X105
TRD005002,BUY,3500,31.58,USD,2026-08-09,92826C839
TRD005003,BUY,5000,96.95,USD,2026-08-04,023135106
TRD005004,SELL,3500,286.25,USD,2026-08-11,037833100
TRD005005,SELL,3500,279.43,USD,2026-08-07,46625H100
TRD005006,BUY,3900,354.95,USD,2026-08-05,46625H100
TRD005007,BUY,2800,360.46,USD,2026-08-09,023135106
TRD005008,SELL,2200,366.0,USD,2026-08-07,023135106
TRD005009,BUY,1300,310.35,USD,2026-08-17,30303M102
TRD005010,BUY,200,261.51,USD,2026-08-19,037833100
TRD005011,SELL,2800,253.94,USD,2026-08-19,92826C839
TRD005012,SELL,300,306.36,USD,2026-08-04,594918104
TRD005013,SELL,4000,64.48,USD,2026-08-12,023135106
TRD005014,BUY,1300,346.76,USD,2026-08-07,46625H100
TRD005015,BUY,700,180.94,USD,2026-08-11,91324P102
TRD005016,BUY,400,184.6,USD,2026-08-15,023135106
TRD005017,BUY,800,73.49,USD,2026-08-15,037833100
TRD005018,BUY,3000,403.39,USD,2026-08-08,68389X105
TRD005019,BUY,1500,308.3,USD,2026-08-18,037833100
TRD005020,BUY,1800,194.41,USD,2026-08-11,30303M102
TRD005021,BUY,4500,480.12,USD,2026-08-04,91324P102
TRD005022,SELL,4400,390.84,USD,2026-08-09,594918104
TRD005023,BUY,500,158.85,USD,2026-08-05,92826C839
TRD005024,SELL,4700,137.06,USD,2026-08-11,46625H100
TRD005025,SELL,3200,405.88,USD,2026-08-16,68389X105
TRD005026,SELL,1200,139.13,USD,2026-08-21,46625H100
TRD005027,SELL,2400,131.4,USD,2026-08-03,68389X105
TRD005028,SELL,500,375.13,USD,2026-08-12,037833100
TRD005029,BUY,3200,410.22,USD,2026-08-17,037833100
TRD005030,BUY,2500,268.13,USD,2026-08-04,88160R101
TRD005031,SELL,400,208.82,USD,2026-08-04,46625H100
TRD005032,BUY,2800,418.03,USD,2026-08-14,037833100
TRD005033,BUY,3400,445.81,USD,2026-08-05,46625H100
TRD005034,BUY,100,319.45,USD,2026-08-21,594918104
TRD005035,BUY,1400,301.59,USD,2026-08-21,594918104
TRD005036,SELL,400,406.64,USD,2026-08-10,037833100
TRD005037,BUY,900,31.19,USD,2026-08-11,88160R101
TRD005038,BUY,1300,388.35,USD,2026-08-17,88160R101
TRD005039,SELL,4500,306.78,USD,2026-08-10,594918104
TRD005040,SELL,1200,485.2,USD,2026-08-04,037833100
TRD005041,SELL,3500,226.58,USD,2026-08-07,478160104
TRD005042,BUY,3200,468.53,USD,2026-08-13,30303M102
TRD005043,SELL,4100,303.46,USD,2026-08-07,037833100
TRD005044,BUY,4800,287.28,USD,2026-08-22,30303M102
TRD005045,SELL,2200,128.06,USD,2026-08-05,594918104
TRD005046,SELL,4100,289.31,USD,2026-08-20,92826C839
TRD005047,BUY,4100,188.19,USD,2026-08-09,30303M102
TRD005048,SELL,1900,385.8,USD,2026-08-15,46625H100
TRD005049,BUY,1100,306.62,USD,2026-08-14,68389X105
TRD005050,BUY,4000,257.62,USD,2026-08-13,46625H100
TRD005051,BUY,1600,485.36,USD,2026-08-16,594918104
TRD005052,SELL,900,168.61,USD,2026-08-16,037833100
TRD005053,BUY,1900,235.48,USD,2026-08-07,46625H100
TRD005054,SELL,2600,27.7,USD,2026-08-09,88160R101
TRD005055,SELL,500,195.67,USD,2026-08-14,037833100
TRD005056,BUY,1300,346.83,USD,2026-08-05,478160104
TRD005057,BUY,4700,324.71,USD,2026-08-05,46625H100
TRD005058,BUY,700,171.7,USD,2026-08-04,88160R101
TRD005059,SELL,3700,49.68,USD,2026-08-07,68389X105
TRD005060,BUY,500,120.41,USD,2026-08-21,88160R101
TRD005061,BUY,3700,147.37,USD,2026-08-15,30303M102
TRD005062,SELL,2400,122.62,USD,2026-08-13,478160104
TRD005063,SELL,2100,366.89,USD,2026-08-06,92826C839
TRD005064,SELL,600,384.07,USD,2026-08-19,92826C839
TRD005065,SELL,2800,482.92,USD,2026-08-12,46625H100
TRD005066,SELL,2800,178.45,USD,2026-08-06,91324P102
TRD005067,BUY,2100,362.47,USD,2026-08-18,30303M102
TRD005068,SELL,3600,240.8,USD,2026-08-20,037833100
TRD005069,BUY,3000,43.6,USD,2026-08-08,023135106
TRD005070,SELL,4500,249.57,USD,2026-08-18,594918104
TRD005071,SELL,1600,430.66,USD,2026-08-06,92826C839
TRD005072,BUY,200,309.67,USD,2026-08-16,478160104
TRD005073,BUY,1300,428.15,USD,2026-08-07,92826C839
TRD005074,SELL,1400,397.34,USD,2026-08-07,023135106
TRD005075,SELL,2600,158.77,USD,2026-08-04,68389X105
TRD005076,SELL,900,174.64,USD,2026-08-08,46625H100
TRD005077,SELL,3000,200.51,USD,2026-08-21,68389X105
TRD005078,BUY,2900,247.23,USD,2026-08-10,92826C839
TRD005079,SELL,1100,127.44,USD,2026-08-20,88160R101
TRD005080,SELL,300,85.6,USD,2026-08-08,037833100
TRD005081,SELL,1700,350.6,USD,2026-08-03,594918104
TRD005082,BUY,1300,129.42,USD,2026-08-08,91324P102
TRD005083,BUY,900,121.96,USD,2026-08-12,478160104
TRD005084,SELL,3900,303.68,USD,2026-08-07,92826C839
TRD005085,BUY,4400,251.97,USD,2026-08-13,594918104
TRD005086,BUY,1800,351.22,USD,2026-08-07,46625H100
TRD005087,BUY,2900,175.33,USD,2026-08-21,92826C839
TRD005088,SELL,1300,284.53,USD,2026-08-10,594918104
TRD005089,BUY,4600,419.52,USD,2026-08-12,023135106
TRD005090,BUY,1000,108.47,USD,2026-08-16,68389X105
TRD005091,SELL,3200,235.71,USD,2026-08-17,023135106
TRD005092,BUY,500,218.8,USD,2026-08-19,037833100
TRD005093,SELL,2600,465.72,USD,2026-08-18,037833100
TRD005094,SELL,2900,21.66,USD,2026-08-20,88160R101
TRD005095,BUY,2500,402.83,USD,2026-08-13,92826C839
TRD005096,BUY,4000,261.64,USD,2026-08-12,68389X105
TRD005097,SELL,600,369.4,USD,2026-08-04,478160104
TRD005098,SELL,2000,369.4,USD,2026-08-07,478160104
TRD005099,BUY,4400,331.04,USD,2026-08-16,478160104
TRD005100,SELL,2400,263.04,USD,2026-08-16,478160104
TRD005101,BUY,2400,293.2,USD,2026-08-03,46625H100
TRD005102,SELL,100,424.53,USD,2026-08-10,46625H100
TRD005103,BUY,3300,337.93,USD,2026-08-14,46625H100
TRD005104,SELL,1700,474.01,USD,2026-08-05,30303M102
TRD005105,SELL,1800,171.23,USD,2026-08-18,92826C839
TRD005106,BUY,3400,464.15,USD,2026-08-21,92826C839
TRD005107,SELL,4800,295.67,USD,2026-08-20,30303M102
TRD005108,SELL,3900,399.0,USD,2026-08-11,92826C839
TRD005109,SELL,3300,225.08,USD,2026-08-21,92826C839
TRD005110,SELL,2100,26.82,USD,2026-08-12,92826C839
TRD005111,SELL,4300,119.62,USD,2026-08-16,46625H100
TRD005112,BUY,900,83.26,USD,2026-08-10,92826C839
TRD005113,BUY,2500,68.69,USD,2026-08-06,68389X105
TRD005114,SELL,3800,357.87,USD,2026-08-20,594918104
TRD005115,SELL,700,178.18,USD,2026-08-12,91324P102
TRD005116,SELL,1500,140.71,USD,2026-08-03,594918104
TRD005117,BUY,2900,229.73,USD,2026-08-08,68389X105
TRD005118,SELL,3800,486.64,USD,2026-08-12,478160104
TRD005119,BUY,4100,97.58,USD,2026-08-15,478160104
TRD005120,SELL,4500,256.01,USD,2026-08-19,91324P102
TRD005121,SELL,900,118.41,USD,2026-08-19,91324P102
TRD005122,SELL,400,178.32,USD,2026-08-20,30303M102
TRD005123,BUY,3400,43.75,USD,2026-08-05,023135106
TRD005124,SELL,1700,296.26,USD,2026-08-14,46625H100
TRD005125,BUY,4800,490.18,USD,2026-08-22,91324P102
TRD005126,SELL,1800,207.88,USD,2026-08-13,91324P102
TRD005127,BUY,2900,319.3,USD,2026-08-21,46625H100
TRD005128,BUY,4400,279.96,USD,2026-08-03,92826C839
TRD005129,SELL,2900,94.0,USD,2026-08-15,594918104
TRD005130,BUY,3500,48.49,USD,2026-08-07,46625H100
TRD005131,BUY,2600,83.56,USD,2026-08-06,46625H100
TRD005132,BUY,2100,371.58,USD,2026-08-19,46625H100
TRD005133,SELL,2200,259.65,USD,2026-08-19,46625H100
TRD005134,BUY,4900,384.15,USD,2026-08-18,88160R101
TRD005135,BUY,1200,142.29,USD,2026-08-16,30303M102
TRD005136,BUY,400,205.48,USD,2026-08-17,88160R101
TRD005137,SELL,2700,408.01,USD,2026-08-07,30303M102
TRD005138,SELL,2300,54.22,USD,2026-08-15,88160R101
TRD005139,BUY,700,93.87,USD,2026-08-11,30303M102
TRD005140,BUY,5000,265.9,USD,2026-08-22,478160104
TRD005141,SELL,100,88.99,USD,2026-08-09,023135106
TRD005142,SELL,3500,499.09,USD,2026-08-03,91324P102
TRD005143,SELL,2100,413.88,USD,2026-08-04,594918104
TRD005144,BUY,1600,215.94,USD,2026-08-04,92826C839
TRD005145,BUY,1800,93.86,USD,2026-08-09,91324P102
TRD005146,SELL,400,103.21,USD,2026-08-13,037833100
TRD005147,SELL,4800,276.64,USD,2026-08-03,92826C839
TRD005148,SELL,1800,378.42,USD,2026-08-09,30303M102
TRD005149,SELL,100,300.26,USD,2026-08-16,594918104
TRD005150,SELL,3100,306.26,USD,2026-08-21,478160104
TRD005151,BUY,1800,181.58,USD,2026-08-07,91324P102
TRD005152,BUY,1400,194.04,USD,2026-08-22,30303M102
TRD005153,SELL,2000,172.53,USD,2026-08-04,478160104
TRD005154,BUY,4900,389.64,USD,2026-08-18,30303M102
TRD005155,SELL,100,295.06,USD,2026-08-18,023135106
TRD005156,SELL,4400,29.04,USD,2026-08-13,92826C839
TRD005157,SELL,4900,283.28,USD,2026-08-07,46625H100
TRD005158,BUY,4600,316.16,USD,2026-08-11,68389X105
TRD005159,SELL,300,404.69,USD,2026-08-05,88160R101
TRD005160,SELL,3900,487.98,USD,2026-08-07,88160R101
TRD005161,SELL,4000,423.94,USD,2026-08-03,478160104
TRD005162,BUY,2000,93.71,USD,2026-08-10,594918104
TRD005163,SELL,2900,339.19,USD,2026-08-18,30303M102
TRD005164,SELL,3000,194.04,USD,2026-08-14,594918104
TRD005165,SELL,500,266.47,USD,2026-08-16,30303M102
TRD005166,SELL,4400,270.89,USD,2026-08-08,023135106
TRD005167,BUY,3400,382.22,USD,2026-08-07,92826C839
TRD005168,BUY,4200,269.6,USD,2026-08-15,91324P102
TRD005169,SELL,1800,70.89,USD,2026-08-16,68389X105
TRD005170,BUY,5000,125.5,USD,2026-08-16,037833100
TRD005171,SELL,2400,366.83,USD,2026-08-15,92826C839
TRD005172,SELL,1100,240.44,USD,2026-08-18,30303M102
TRD005173,SELL,1400,67.36,USD,2026-08-17,023135106
TRD005174,SELL,2500,213.37,USD,2026-08-21,023135106
TRD005175,SELL,4200,459.08,USD,2026-08-05,88160R101
TRD005176,BUY,3400,463.2,USD,2026-08-05,478160104
TRD005177,SELL,1000,161.55,USD,2026-08-07,46625H100
TRD005178,SELL,2200,290.3,USD,2026-08-16,92826C839
TRD005179,SELL,200,468.11,USD,2026-08-07,023135106
TRD005180,BUY,4700,89.32,USD,2026-08-18,594918104
TRD005181,BUY,3300,474.0,USD,2026-08-03,68389X105
TRD005182,SELL,1500,246.33,USD,2026-08-21,037833100
TRD005183,BUY,4900,489.68,USD,2026-08-13,30303M102
TRD005184,SELL,4600,280.23,USD,2026-08-17,037833100
TRD005185,SELL,3600,154.67,USD,2026-08-17,478160104
TRD005186,SELL,4600,144.56,USD,2026-08-17,46625H100
TRD005187,BUY,2100,117.21,USD,2026-08-19,594918104
TRD005188,SELL,3500,279.58,USD,2026-08-04,478160104
TRD005189,SELL,3000,266.81,USD,2026-08-14,92826C839
TRD005190,BUY,3200,309.21,USD,2026-08-20,92826C839
TRD005191,BUY,3300,494.03,USD,2026-08-15,68389X105
TRD005192,BUY,3600,120.85,USD,2026-08-11,91324P102
TRD005193,SELL,2700,118.57,USD,2026-08-03,68389X105
TRD005194,SELL,4400,249.91,USD,2026-08-05,68389X105
TRD005195,BUY,2600,347.0,USD,2026-08-08,594918104
TRD005196,SELL,4300,309.26,USD,2026-08-13,594918104
TRD005197,SELL,3500,67.89,USD,2026-08-21,91324P102
TRD005198,SELL,2500,426.72,USD,2026-08-06,91324P102
TRD005199,SELL,200,331.45,USD,2026-08-18,037833100
TRD005200,SELL,2500,363.33,USD,2026-08-22,037833100
TRD005201,SELL,400,238.25,USD,2026-08-07,023135106
TRD005202,BUY,1000,302.95,USD,2026-08-07,46625H100
TRD005203,SELL,1500,127.47,USD,2026-08-19,46625H100
TRD005204,SELL,3900,453.02,USD,2026-08-04,023135106
TRD005205,SELL,300,221.95,USD,2026-08-13,478160104
TRD005206,SELL,2700,433.88,USD,2026-08-10,023135106
TRD005207,BUY,4500,234.12,USD,2026-08-18,478160104
TRD005208,BUY,700,387.65,USD,2026-08-09,594918104
TRD005209,BUY,2200,323.42,USD,2026-08-13,478160104
TRD005210,SELL,300,191.59,USD,2026-08-05,91324P102
TRD005211,BUY,3900,344.24,USD,2026-08-10,91324P102
TRD005212,BUY,1800,146.44,USD,2026-08-12,88160R101
TRD005213,SELL,3500,120.43,USD,2026-08-05,30303M102
TRD005214,BUY,3100,476.47,USD,2026-08-06,68389X105
TRD005215,SELL,4200,400.77,USD,2026-08-04,023135106
TRD005216,BUY,2900,74.64,USD,2026-08-15,91324P102
TRD005217,SELL,4800,37.99,USD,2026-08-17,478160104
TRD005218,SELL,3500,45.65,USD,2026-08-07,023135106
TRD005219,SELL,2000,406.06,USD,2026-08-11,88160R101
TRD005220,BUY,1900,146.43,USD,2026-08-18,92826C839
TRD005221,SELL,200,459.19,USD,2026-08-10,46625H100
TRD005222,SELL,2800,477.81,USD,2026-08-03,594918104
TRD005223,BUY,900,314.31,USD,2026-08-18,023135106
TRD005224,SELL,3300,337.71,USD,2026-08-06,88160R101
TRD005225,SELL,3200,195.7,USD,2026-08-08,92826C839
TRD005226,SELL,4300,90.71,USD,2026-08-17,023135106
TRD005227,BUY,2600,481.63,USD,2026-08-09,037833100
TRD005228,BUY,600,179.08,USD,2026-08-14,30303M102
TRD005229,SELL,1500,128.79,USD,2026-08-12,594918104
TRD005230,BUY,4800,198.97,USD,2026-08-20,88160R101
TRD005231,SELL,1700,278.02,USD,2026-08-21,46625H100
TRD005232,SELL,200,474.43,USD,2026-08-09,30303M102
TRD005233,BUY,2500,426.35,USD,2026-08-11,46625H100
TRD005234,BUY,800,185.78,USD,2026-08-21,88160R101
TRD005235,SELL,4200,59.52,USD,2026-08-18,30303M102
TRD005236,SELL,4000,75.15,USD,2026-08-05,478160104
TRD005237,BUY,100,475.19,USD,2026-08-08,594918104
TRD005238,SELL,700,214.15,USD,2026-08-20,594918104
TRD005239,SELL,1900,447.8,USD,2026-08-06,023135106
TRD005240,SELL,2000,422.13,USD,2026-08-18,46625H100
TRD005241,SELL,400,358.51,USD,2026-08-11,91324P102
TRD005242,BUY,3200,409.21,USD,2026-08-12,037833100
TRD005243,SELL,900,303.92,USD,2026-08-07,91324P102
TRD005244,BUY,4300,325.72,USD,2026-08-10,023135106
TRD005245,SELL,200,409.72,USD,2026-08-16,88160R101
TRD005246,SELL,4800,34.19,USD,2026-08-21,46625H100
TRD005247,SELL,1200,75.96,USD,2026-08-09,46625H100
TRD005248,BUY,3000,79.09,USD,2026-08-15,46625H100
TRD005249,BUY,500,20.72,USD,2026-08-13,46625H100
TRD005250,SELL,1800,103.47,USD,2026-08-04,68389X105
TRD005251,SELL,900,84.15,USD,2026-08-10,30303M102
TRD005252,SELL,3500,39.02,USD,2026-08-09,478160104
TRD005253,SELL,3600,125.94,USD,2026-08-16,478160104
TRD005254,BUY,4800,27.75,USD,2026-08-18,478160104
TRD005255,SELL,2100,91.87,USD,2026-08-12,30303M102
TRD005256,SELL,800,151.69,USD,2026-08-03,92826C839
TRD005257,BUY,1600,392.89,USD,2026-08-14,594918104
TRD005258,BUY,2600,455.82,USD,2026-08-16,30303M102
TRD005259,BUY,2500,410.51,USD,2026-08-06,91324P102
TRD005260,BUY,3200,380.77,USD,2026-08-15,023135106
TRD005261,BUY,3800,395.5,USD,2026-08-14,46625H100
TRD005262,SELL,4100,180.73,USD,2026-08-21,68389X105
TRD005263,SELL,3200,348.95,USD,2026-08-15,30303M102
TRD005264,SELL,2000,311.77,USD,2026-08-03,023135106
TRD005265,SELL,3600,175.22,USD,2026-08-08,88160R101
TRD005266,BUY,4700,366.56,USD,2026-08-09,30303M102
TRD005267,SELL,4400,142.79,USD,2026-08-20,46625H100
TRD005268,BUY,1200,276.05,USD,2026-08-20,023135106
TRD005269,SELL,2000,245.03,USD,2026-08-10,023135106
TRD005270,BUY,2400,152.48,USD,2026-08-05,88160R101
TRD005271,SELL,1900,298.52,USD,2026-08-09,68389X105
TRD005272,BUY,800,145.14,USD,2026-08-21,478160104
TRD005273,SELL,3000,303.03,USD,2026-08-13,023135106
TRD005274,BUY,4500,23.88,USD,2026-08-03,92826C839
TRD005275,BUY,1600,231.59,USD,2026-08-16,46625H100
TRD005276,BUY,1300,44.85,USD,2026-08-19,88160R101
TRD005277,SELL,400,67.95,USD,2026-08-20,478160104
TRD005278,SELL,600,169.77,USD,2026-08-21,594918104
TRD005279,BUY,500,140.08,USD,2026-08-16,478160104
TRD005280,SELL,1100,323.03,USD,2026-08-03,478160104
TRD005281,SELL,500,283.42,USD,2026-08-06,037833100
TRD005282,SELL,2600,322.81,USD,2026-08-13,46625H100
TRD005283,BUY,2200,385.27,USD,2026-08-04,46625H100
TRD005284,SELL,4200,422.17,USD,2026-08-07,46625H100
TRD005285,SELL,4300,115.0,USD,2026-08-05,88160R101
TRD005286,SELL,1200,359.23,USD,2026-08-09,037833100
TRD005287,BUY,400,108.65,USD,2026-08-04,68389X105
TRD005288,SELL,2800,439.65,USD,2026-08-13,037833100
TRD005289,SELL,900,100.74,USD,2026-08-06,594918104
TRD005290,BUY,1000,33.11,USD,2026-08-16,478160104
TRD005291,BUY,2100,56.19,USD,2026-08-13,92826C839
TRD005292,SELL,200,65.82,USD,2026-08-15,46625H100
TRD005293,SELL,1400,427.43,USD,2026-08-19,68389X105
TRD005294,BUY,900,153.38,USD,2026-08-04,88160R101
TRD005295,BUY,3800,82.64,USD,2026-08-08,037833100
TRD005296,BUY,900,334.41,USD,2026-08-06,92826C839
TRD005297,SELL,500,74.66,USD,2026-08-09,30303M102
TRD005298,SELL,1400,127.34,USD,2026-08-06,023135106
TRD005299,BUY,1200,194.54,USD,2026-08-19,46625H100
TRD005300,SELL,800,402.37,USD,2026-08-08,023135106
TRD005301,SELL,1700,181.06,USD,2026-08-16,30303M102
TRD005302,BUY,1400,166.05,USD,2026-08-19,46625H100
TRD005303,BUY,2000,312.52,USD,2026-08-16,037833100
TRD005304,BUY,3800,265.76,USD,2026-08-16,023135106
TRD005305,BUY,4800,46.16,USD,2026-08-21,88160R101
TRD005306,BUY,4900,237.83,USD,2026-08-18,023135106
TRD005307,BUY,3700,284.07,USD,2026-08-14,68389X105
TRD005308,SELL,1500,190.98,USD,2026-08-05,88160R101
TRD005309,SELL,2500,491.28,USD,2026-08-15,88160R101
TRD005310,SELL,3700,426.59,USD,2026-08-11,478160104
TRD005311,SELL,2500,481.01,USD,2026-08-14,023135106
TRD005312,SELL,3300,49.08,USD,2026-08-16,46625H100
TRD005313,BUY,1800,246.91,USD,2026-08-14,023135106
TRD005314,BUY,3800,355.03,USD,2026-08-08,30303M102
TRD005315,SELL,5000,496.37,USD,2026-08-11,46625H100
TRD005316,BUY,2100,340.12,USD,2026-08-13,023135106
TRD005317,SELL,4500,350.91,USD,2026-08-16,68389X105
TRD005318,SELL,5000,296.76,USD,2026-08-13,023135106
TRD005319,BUY,1300,441.17,USD,2026-08-15,478160104
TRD005320,SELL,1000,162.95,USD,2026-08-13,478160104
TRD005321,BUY,4200,239.68,USD,2026-08-16,023135106
TRD005322,SELL,3600,466.99,USD,2026-08-13,30303M102
TRD005323,BUY,4300,157.58,USD,2026-08-20,88160R101
TRD005324,SELL,2800,138.25,USD,2026-08-21,037833100
TRD005325,BUY,700,208.78,USD,2026-08-20,68389X105
TRD005326,BUY,3100,303.31,USD,2026-08-10,92826C839
TRD005327,SELL,4900,282.26,USD,2026-08-05,46625H100
TRD005328,BUY,1500,343.43,USD,2026-08-19,594918104
TRD005329,BUY,3300,334.77,USD,2026-08-17,594918104
TRD005330,BUY,200,258.61,USD,2026-08-09,478160104
TRD005331,BUY,400,246.33,USD,2026-08-08,037833100
TRD005332,SELL,1800,277.43,USD,2026-08-16,478160104
TRD005333,SELL,4600,29.17,USD,2026-08-07,46625H100
TRD005334,SELL,3700,119.84,USD,2026-08-07,594918104
TRD005335,SELL,2600,396.2,USD,2026-08-21,30303M102
TRD005336,SELL,2900,210.49,USD,2026-08-13,30303M102
TRD005337,SELL,4800,297.51,USD,2026-08-08,46625H100
TRD005338,SELL,1900,185.35,USD,2026-08-15,023135106
TRD005339,SELL,1300,306.97,USD,2026-08-17,68389X105
TRD005340,SELL,3800,433.08,USD,2026-08-21,30303M102
TRD005341,BUY,2600,413.92,USD,2026-08-11,91324P102
TRD005342,SELL,600,496.87,USD,2026-08-06,68389X105
TRD005343,SELL,4500,457.3,USD,2026-08-12,92826C839
TRD005344,BUY,4000,216.8,USD,2026-08-03,46625H100
TRD005345,SELL,3600,127.61,USD,2026-08-13,023135106
TRD005346,SELL,300,70.34,USD,2026-08-15,594918104
TRD005347,BUY,5000,294.19,USD,2026-08-06,46625H100
TRD005348,SELL,1600,292.49,USD,2026-08-11,92826C839
TRD005349,BUY,4900,59.03,USD,2026-08-10,023135106
TRD005350,BUY,1800,123.41,USD,2026-08-16,478160104
TRD005351,SELL,1400,479.36,USD,2026-08-11,91324P102
TRD005352,SELL,1900,41.88,USD,2026-08-21,91324P102
TRD005353,SELL,1700,62.53,USD,2026-08-04,594918104
TRD005354,SELL,3200,308.24,USD,2026-08-04,594918104
TRD005355,SELL,3500,63.75,USD,2026-08-15,037833100
TRD005356,SELL,3800,334.14,USD,2026-08-21,594918104
TRD005357,SELL,400,427.24,USD,2026-08-08,037833100
TRD005358,BUY,3600,418.78,USD,2026-08-16,46625H100
TRD005359,SELL,2600,459.67,USD,2026-08-04,594918104
TRD005360,SELL,3900,38.99,USD,2026-08-12,68389X105
TRD005361,BUY,5000,116.27,USD,2026-08-19,88160R101
TRD005362,BUY,1700,446.31,USD,2026-08-04,023135106
TRD005363,BUY,500,224.22,USD,2026-08-18,92826C839
TRD005364,SELL,700,253.12,USD,2026-08-21,594918104
TRD005365,BUY,3500,203.44,USD,2026-08-05,88160R101
TRD005366,SELL,700,430.5,USD,2026-08-05,478160104
TRD005367,BUY,900,395.69,USD,2026-08-06,92826C839
TRD005368,SELL,200,498.25,USD,2026-08-12,478160104
TRD005369,SELL,100,97.55,USD,2026-08-19,91324P102
TRD005370,SELL,600,158.88,USD,2026-08-06,68389X105
TRD005371,SELL,3000,428.52,USD,2026-08-12,88160R101
TRD005372,BUY,3200,468.27,USD,2026-08-05,92826C839
TRD005373,BUY,2800,248.69,USD,2026-08-19,88160R101
TRD005374,BUY,1900,432.89,USD,2026-08-09,92826C839
TRD005375,BUY,3600,398.54,USD,2026-08-05,037833100
TRD005376,SELL,3200,164.8,USD,2026-08-06,46625H100
TRD005377,BUY,3700,499.4,USD,2026-08-08,023135106
TRD005378,SELL,800,187.21,USD,2026-08-04,594918104
TRD005379,SELL,600,461.64,USD,2026-08-09,88160R101
TRD005380,BUY,3900,338.46,USD,2026-08-08,46625H100
TRD005381,BUY,3600,141.57,USD,2026-08-14,88160R101
TRD005382,BUY,2100,104.24,USD,2026-08-18,30303M102
TRD005383,SELL,100,86.69,USD,2026-08-14,30303M102
TRD005384,BUY,500,468.43,USD,2026-08-17,92826C839
TRD005385,SELL,4600,314.52,USD,2026-08-19,91324P102
TRD005386,SELL,2300,224.44,USD,2026-08-22,30303M102
TRD005387,SELL,3900,126.03,USD,2026-08-04,037833100
TRD005388,BUY,3800,495.4,USD,2026-08-13,46625H100
TRD005389,BUY,4300,460.17,USD,2026-08-09,88160R101
TRD005390,BUY,3300,162.2,USD,2026-08-07,68389X105
TRD005391,BUY,4700,61.48,USD,2026-08-07,46625H100
TRD005392,BUY,4900,333.64,USD,2026-08-15,88160R101
TRD005393,BUY,2500,439.5,USD,2026-08-18,037833100
TRD005394,SELL,600,161.15,USD,2026-08-11,594918104
TRD005395,SELL,100,493.68,USD,2026-08-15,91324P102
TRD005396,SELL,2700,433.35,USD,2026-08-11,037833100
TRD005397,SELL,3300,233.64,USD,2026-08-06,037833100
TRD005398,BUY,4100,490.62,USD,2026-08-16,46625H100
TRD005399,SELL,400,342.71,USD,2026-08-06,478160104
TRD005400,BUY,1000,23.7,USD,2026-08-16,68389X105
TRD005401,BUY,4700,73.43,USD,2026-08-14,68389X105
TRD005402,BUY,1000,285.06,USD,2026-08-08,68389X105
TRD005403,SELL,1900,26.32,USD,2026-08-11,478160104
TRD005404,BUY,1000,272.48,USD,2026-08-14,92826C839
TRD005405,SELL,2000,35.34,USD,2026-08-11,594918104
TRD005406,BUY,4900,286.04,USD,2026-08-17,92826C839
TRD005407,SELL,1500,199.05,USD,2026-08-06,594918104
TRD005408,SELL,2300,340.17,USD,2026-08-13,023135106
TRD005409,BUY,5000,472.97,USD,2026-08-07,68389X105
TRD005410,SELL,3400,304.18,USD,2026-08-03,46625H100
TRD005411,BUY,4100,356.1,USD,2026-08-14,478160104
TRD005412,SELL,300,307.42,USD,2026-08-17,91324P102
TRD005413,BUY,900,464.78,USD,2026-08-03,594918104
TRD005414,BUY,2000,69.12,USD,2026-08-12,88160R101
TRD005415,BUY,500,314.37,USD,2026-08-07,91324P102
TRD005416,SELL,700,466.32,USD,2026-08-11,30303M102
TRD005417,BUY,2700,403.94,USD,2026-08-12,68389X105
TRD005418,SELL,1200,60.8,USD,2026-08-19,91324P102
TRD005419,SELL,1500,30.83,USD,2026-08-10,88160R101
TRD005420,BUY,3600,328.39,USD,2026-08-03,023135106
TRD005421,BUY,3800,391.09,USD,2026-08-07,594918104
TRD005422,BUY,4300,317.87,USD,2026-08-17,30303M102
TRD005423,SELL,1600,414.57,USD,2026-08-15,92826C839
TRD005424,SELL,2100,410.87,USD,2026-08-20,88160R101
TRD005425,SELL,3200,396.44,USD,2026-08-21,92826C839
TRD005426,BUY,5000,30.01,USD,2026-08-11,68389X105
TRD005427,SELL,4800,20.32,USD,2026-08-16,92826C839
TRD005428,SELL,3700,326.06,USD,2026-08-12,88160R101
TRD005429,SELL,3400,311.71,USD,2026-08-20,46625H100
TRD005430,BUY,500,369.39,USD,2026-08-15,88160R101
TRD005431,BUY,1600,132.09,USD,2026-08-11,88160R101
TRD005432,BUY,300,59.84,USD,2026-08-13,68389X105
TRD005433,BUY,600,464.69,USD,2026-08-16,91324P102
TRD005434,BUY,3800,451.48,USD,2026-08-04,68389X105
TRD005435,BUY,4100,29.84,USD,2026-08-11,023135106
TRD005436,BUY,2600,315.66,USD,2026-08-08,92826C839
TRD005437,SELL,1900,149.29,USD,2026-08-17,478160104
TRD005438,SELL,1200,175.09,USD,2026-08-03,91324P102
TRD005439,BUY,1200,135.39,USD,2026-08-07,30303M102
TRD005440,BUY,2000,265.9,USD,2026-08-04,30303M102
TRD005441,BUY,4600,80.49,USD,2026-08-06,88160R101
TRD005442,BUY,2600,308.17,USD,2026-08-13,91324P102
TRD005443,BUY,3000,155.26,USD,2026-08-21,037833100
TRD005444,BUY,3200,290.29,USD,2026-08-15,037833100
TRD005445,BUY,1100,197.08,USD,2026-08-04,023135106
TRD005446,SELL,1400,126.38,USD,2026-08-07,92826C839
TRD005447,SELL,4400,307.9,USD,2026-08-14,68389X105
TRD005448,SELL,600,174.64,USD,2026-08-20,68389X105
TRD005449,SELL,1500,42.12,USD,2026-08-03,68389X105
TRD005450,SELL,2600,108.23,USD,2026-08-22,92826C839
TRD005451,BUY,1100,67.62,USD,2026-08-12,68389X105
TRD005452,SELL,900,32.69,USD,2026-08-05,46625H100
TRD005453,BUY,5000,104.88,USD,2026-08-06,88160R101
TRD005454,SELL,3800,104.52,USD,2026-08-15,46625H100
TRD005455,SELL,3100,432.05,USD,2026-08-03,46625H100
TRD005456,BUY,900,413.32,USD,2026-08-04,023135106
TRD005457,BUY,1500,301.46,USD,2026-08-19,037833100
TRD005458,BUY,5000,470.06,USD,2026-08-14,037833100
TRD005459,BUY,300,220.63,USD,2026-08-21,037833100
TRD005460,BUY,1600,328.63,USD,2026-08-09,88160R101
TRD005461,SELL,3200,310.01,USD,2026-08-05,92826C839
TRD005462,BUY,400,330.14,USD,2026-08-08,92826C839
TRD005463,SELL,2800,67.74,USD,2026-08-07,68389X105
TRD005464,SELL,2500,363.46,USD,2026-08-11,478160104
TRD005465,BUY,4800,196.86,USD,2026-08-22,30303M102
TRD005466,BUY,2900,298.1,USD,2026-08-22,68389X105
TRD005467,BUY,1900,401.08,USD,2026-08-14,023135106
TRD005468,BUY,1500,59.77,USD,2026-08-15,478160104
TRD005469,BUY,3500,388.82,USD,2026-08-12,88160R101
TRD005470,BUY,2900,372.28,USD,2026-08-10,478160104
TRD005471,BUY,4800,76.77,USD,2026-08-12,88160R101
TRD005472,BUY,4000,355.66,USD,2026-08-06,594918104
TRD005473,SELL,3200,225.4,USD,2026-08-16,46625H100
TRD005474,BUY,2300,104.86,USD,2026-08-18,46625H100
TRD005475,BUY,200,396.2,USD,2026-08-08,91324P102
TRD005476,BUY,4500,331.04,USD,2026-08-18,91324P102
TRD005477,BUY,4300,55.61,USD,2026-08-22,037833100
TRD005478,BUY,1600,53.24,USD,2026-08-06,46625H100
TRD005479,BUY,3600,346.28,USD,2026-08-17,037833100
TRD005480,BUY,3100,323.65,USD,2026-08-09,88160R101
TRD005481,BUY,1000,115.24,USD,2026-08-18,594918104
TRD005482,SELL,3800,94.55,USD,2026-08-07,46625H100
TRD005483,SELL,3400,365.82,USD,2026-08-19,88160R101
TRD005484,BUY,3200,60.22,USD,2026-08-12,68389X105
TRD005485,SELL,1300,30.36,USD,2026-08-03,023135106
TRD005486,BUY,2200,391.0,USD,2026-08-10,92826C839
TRD005487,SELL,3700,455.77,USD,2026-08-07,023135106
TRD005488,SELL,500,119.45,USD,2026-08-11,46625H100
TRD005489,BUY,4300,320.66,USD,2026-08-15,46625H100
TRD005490,SELL,900,486.03,USD,2026-08-20,30303M102
TRD005491,BUY,4300,285.8,USD,2026-08-18,46625H100
TRD005492,BUY,500,443.54,USD,2026-08-13,023135106
TRD005493,SELL,900,39.8,USD,2026-08-06,30303M102
TRD005494,SELL,200,410.97,USD,2026-08-14,68389X105
TRD005495,SELL,2600,160.56,USD,2026-08-16,478160104
TRD005496,SELL,1500,438.32,USD,2026-08-14,594918104
TRD005497,SELL,3200,107.88,USD,2026-08-11,88160R101
TRD005498,SELL,1500,481.87,USD,2026-08-10,478160104
TRD005499,SELL,2400,342.87,USD,2026-08-13,46625H100
TRD005500,SELL,2700,144.89,USD,2026-08-17,91324P102
TRD005501,BUY,2800,96.68,USD,2026-08-11,92826C839
TRD005502,BUY,2400,418.62,USD,2026-08-03,30303M102
TRD005503,BUY,900,171.15,USD,2026-08-16,92826C839
TRD005504,BUY,3700,221.03,USD,2026-08-15,91324P102
TRD005505,SELL,800,88.64,USD,2026-08-04,46625H100
TRD005506,SELL,4900,234.71,USD,2026-08-16,478160104
TRD005507,BUY,1500,375.05,USD,2026-08-03,92826C839
TRD005508,BUY,5000,123.45,USD,2026-08-11,68389X105
TRD005509,BUY,3700,72.92,USD,2026-08-16,88160R101
TRD005510,SELL,1200,90.73,USD,2026-08-09,30303M102
TRD005511,SELL,3000,284.05,USD,2026-08-03,30303M102
TRD005512,SELL,3200,367.06,USD,2026-08-17,68389X105
TRD005513,BUY,3400,159.83,USD,2026-08-04,478160104
TRD005514,BUY,1500,331.87,USD,2026-08-19,68389X105
TRD005515,BUY,2900,286.64,USD,2026-08-07,023135106
TRD005516,BUY,4200,370.95,USD,2026-08-07,037833100
TRD005517,SELL,4500,357.52,USD,2026-08-13,594918104
TRD005518,SELL,2600,254.35,USD,2026-08-17,037833100
TRD005519,BUY,2700,322.47,USD,2026-08-07,91324P102
TRD005520,BUY,100,74.16,USD,2026-08-07,68389X105
TRD005521,BUY,400,447.84,USD,2026-08-19,30303M102
TRD005522,SELL,1800,80.72,USD,2026-08-11,91324P102
TRD005523,BUY,4900,122.01,USD,2026-08-17,92826C839
TRD005524,BUY,3300,99.87,USD,2026-08-20,92826C839
TRD005525,BUY,4700,375.23,USD,2026-08-05,023135106
TRD005526,BUY,2200,327.26,USD,2026-08-11,92826C839
TRD005527,SELL,2800,440.82,USD,2026-08-22,68389X105
TRD005528,BUY,2400,460.27,USD,2026-08-11,92826C839
TRD005529,SELL,400,74.59,USD,2026-08-09,68389X105
TRD005530,BUY,2400,386.53,USD,2026-08-05,92826C839
TRD005531,SELL,2400,43.96,USD,2026-08-03,594918104
TRD005532,BUY,2200,160.05,USD,2026-08-06,478160104
TRD005533,BUY,3400,363.39,USD,2026-08-04,91324P102
TRD005534,SELL,1400,476.8,USD,2026-08-19,92826C839
TRD005535,SELL,4700,372.94,USD,2026-08-12,30303M102
TRD005536,SELL,400,155.29,USD,2026-08-11,023135106
TRD005537,BUY,2600,204.78,USD,2026-08-19,88160R101
TRD005538,BUY,1400,420.15,USD,2026-08-09,91324P102
TRD005539,SELL,700,151.73,USD,2026-08-09,478160104
TRD005540,BUY,2100,189.09,USD,2026-08-04,023135106
TRD005541,BUY,4100,25.77,USD,2026-08-15,91324P102
TRD005542,SELL,2500,155.28,USD,2026-08-06,478160104
TRD005543,SELL,2900,283.48,USD,2026-08-04,594918104
TRD005544,SELL,3900,37.86,USD,2026-08-17,594918104
TRD005545,BUY,3900,273.02,USD,2026-08-20,023135106
TRD005546,BUY,700,229.25,USD,2026-08-06,88160R101
TRD005547,SELL,2500,223.66,USD,2026-08-19,46625H100
TRD005548,BUY,3700,294.22,USD,2026-08-15,478160104
TRD005549,BUY,4800,362.15,USD,2026-08-09,023135106
TRD005550,BUY,500,248.72,USD,2026-08-04,88160R101
TRD005551,SELL,2200,485.43,USD,2026-08-20,023135106
TRD005552,BUY,1700,191.14,USD,2026-08-20,594918104
TRD005553,SELL,2800,177.03,USD,2026-08-07,91324P102
TRD005554,BUY,2400,476.89,USD,2026-08-10,92826C839
TRD005555,SELL,5000,385.32,USD,2026-08-08,30303M102
TRD005556,BUY,2600,336.54,USD,2026-08-06,478160104
TRD005557,SELL,4500,251.35,USD,2026-08-20,037833100
TRD005558,BUY,2200,278.92,USD,2026-08-11,46625H100
TRD005559,BUY,3200,310.28,USD,2026-08-09,037833100
TRD005560,SELL,5000,117.15,USD,2026-08-07,91324P102
TRD005561,BUY,1100,452.46,USD,2026-08-17,68389X105
TRD005562,BUY,2500,226.4,USD,2026-08-20,023135106
TRD005563,BUY,500,326.23,USD,2026-08-04,68389X105
TRD005564,BUY,3400,197.9,USD,2026-08-12,46625H100
TRD005565,BUY,1600,22.12,USD,2026-08-20,478160104
TRD005566,SELL,100,276.88,USD,2026-08-21,478160104
TRD005567,BUY,4700,424.34,USD,2026-08-17,023135106
TRD005568,SELL,4600,425.41,USD,2026-08-18,478160104
TRD005569,BUY,4800,476.06,USD,2026-08-06,594918104
TRD005570,SELL,3300,160.39,USD,2026-08-13,68389X105
TRD005571,SELL,3100,333.19,USD,2026-08-15,023135106
TRD005572,BUY,3900,49.51,USD,2026-08-17,594918104
TRD005573,BUY,400,417.09,USD,2026-08-11,68389X105
TRD005574,BUY,4400,159.33,USD,2026-08-09,037833100
TRD005575,BUY,4300,252.05,USD,2026-08-17,478160104
TRD005576,BUY,4000,420.42,USD,2026-08-16,594918104
TRD005577,SELL,3800,322.83,USD,2026-08-06,46625H100
TRD005578,BUY,4000,228.56,USD,2026-08-15,46625H100
TRD005579,SELL,2700,162.08,USD,2026-08-22,92826C839
TRD005580,SELL,2500,271.53,USD,2026-08-10,023135106
TRD005581,BUY,1800,27.72,USD,2026-08-22,88160R101
TRD005582,BUY,1900,473.59,USD,2026-08-15,88160R101
TRD005583,BUY,3000,319.59,USD,2026-08-08,68389X105
TRD005584,SELL,3800,56.45,USD,2026-08-11,023135106
TRD005585,SELL,4600,26.38,USD,2026-08-03,88160R101
TRD005586,SELL,3100,342.45,USD,2026-08-16,037833100
TRD005587,SELL,2200,256.56,USD,2026-08-21,594918104
TRD005588,BUY,2200,37.83,USD,2026-08-06,037833100
TRD005589,BUY,4600,417.83,USD,2026-08-07,46625H100
TRD005590,BUY,3300,35.69,USD,2026-08-15,88160R101
TRD005591,SELL,4600,120.29,USD,2026-08-11,478160104
TRD005592,SELL,3900,238.74,USD,2026-08-20,023135106
TRD005593,BUY,1900,263.65,USD,2026-08-09,88160R101
TRD005594,BUY,600,308.06,USD,2026-08-06,30303M102
TRD005595,SELL,3100,293.66,USD,2026-08-11,46625H100
TRD005596,BUY,4600,262.57,USD,2026-08-16,46625H100
TRD005597,SELL,4400,419.24,USD,2026-08-07,037833100
TRD005598,SELL,600,472.36,USD,2026-08-18,68389X105
TRD005599,SELL,2700,223.18,USD,2026-08-07,91324P102
TRD005600,BUY,2600,278.59,USD,2026-08-11,92826C839
TRD005601,SELL,4700,259.07,USD,2026-08-07,30303M102
TRD005602,BUY,300,350.82,USD,2026-08-07,037833100
TRD005603,SELL,4300,43.82,USD,2026-08-12,46625H100
TRD005604,SELL,2100,61.29,USD,2026-08-03,91324P102
TRD005605,SELL,1800,120.07,USD,2026-08-07,478160104
TRD005606,SELL,2600,478.09,USD,2026-08-09,037833100
TRD005607,SELL,4500,368.24,USD,2026-08-10,88160R101
TRD005608,SELL,4200,456.6,USD,2026-08-15,92826C839
TRD005609,SELL,1300,409.68,USD,2026-08-05,037833100
TRD005610,BUY,300,302.88,USD,2026-08-19,92826C839
TRD005611,SELL,500,285.46,USD,2026-08-19,594918104
TRD005612,SELL,2000,429.73,USD,2026-08-20,037833100
TRD005613,BUY,4200,491.55,USD,2026-08-10,88160R101
TRD005614,SELL,1800,50.95,USD,2026-08-20,92826C839
TRD005615,SELL,4000,347.81,USD,2026-08-22,023135106
TRD005616,BUY,1700,359.01,USD,2026-08-17,46625H100
TRD005617,BUY,1600,389.75,USD,2026-08-15,68389X105
TRD005618,SELL,4200,31.87,USD,2026-08-05,68389X105
TRD005619,SELL,4400,324.89,USD,2026-08-19,594918104
TRD005620,BUY,4900,294.6,USD,2026-08-17,30303M102
TRD005621,SELL,100,438.47,USD,2026-08-10,594918104
TRD005622,SELL,600,37.44,USD,2026-08-14,91324P102
TRD005623,SELL,4400,394.28,USD,2026-08-10,037833100
TRD005624,SELL,2800,258.65,USD,2026-08-09,92826C839
TRD005625,BUY,3300,159.3,USD,2026-08-07,594918104
TRD005626,SELL,800,378.56,USD,2026-08-07,46625H100
TRD005627,SELL,3100,499.38,USD,2026-08-14,037833100
TRD005628,SELL,700,214.66,USD,2026-08-18,46625H100
TRD005629,BUY,700,264.36,USD,2026-08-18,46625H100
TRD005630,SELL,900,335.94,USD,2026-08-20,023135106
TRD005631,BUY,1600,227.57,USD,2026-08-19,88160R101
TRD005632,BUY,4700,334.28,USD,2026-08-08,478160104
TRD005633,SELL,1200,304.22,USD,2026-08-08,46625H100
TRD005634,BUY,2900,267.07,USD,2026-08-19,037833100
TRD005635,SELL,4500,113.46,USD,2026-08-15,594918104
TRD005636,SELL,2100,101.12,USD,2026-08-20,92826C839
TRD005637,SELL,4600,278.13,USD,2026-08-22,037833100
TRD005638,BUY,3800,300.19,USD,2026-08-13,92826C839
TRD005639,SELL,900,175.26,USD,2026-08-22,478160104
TRD005640,BUY,1000,228.24,USD,2026-08-22,478160104
TRD005641,BUY,200,283.54,USD,2026-08-09,91324P102
TRD005642,BUY,4800,275.46,USD,2026-08-13,037833100
TRD005643,SELL,4600,471.77,USD,2026-08-12,594918104
TRD005644,SELL,700,448.13,USD,2026-08-15,88160R101
TRD005645,BUY,3800,110.47,USD,2026-08-05,68389X105
TRD005646,SELL,2300,436.35,USD,2026-08-14,594918104
TRD005647,SELL,2900,58.53,USD,2026-08-06,30303M102
TRD005648,SELL,300,46.92,USD,2026-08-14,037833100
TRD005649,BUY,3900,108.15,USD,2026-08-11,92826C839
TRD005650,SELL,1200,270.97,USD,2026-08-17,91324P102
TRD005651,SELL,3200,187.8,USD,2026-08-17,037833100
TRD005652,SELL,4200,28.0,USD,2026-08-07,92826C839
TRD005653,BUY,800,68.8,USD,2026-08-07,88160R101
TRD005654,SELL,500,329.0,USD,2026-08-15,037833100
TRD005655,BUY,1100,294.38,USD,2026-08-03,46625H100
TRD005656,SELL,3900,185.42,USD,2026-08-08,68389X105
TRD005657,BUY,1300,215.88,USD,2026-08-09,594918104
TRD005658,SELL,200,204.53,USD,2026-08-04,037833100
TRD005659,SELL,3200,326.69,USD,2026-08-03,68389X105
TRD005660,SELL,1200,454.26,USD,2026-08-16,68389X105
TRD005661,BUY,3700,236.59,USD,2026-08-10,478160104
TRD005662,SELL,4800,324.83,USD,2026-08-03,88160R101
TRD005663,BUY,4500,64.17,USD,2026-08-11,30303M102
TRD005664,BUY,4300,481.29,USD,2026-08-14,46625H100
TRD005665,SELL,3200,142.74,USD,2026-08-15,91324P102
TRD005666,SELL,1400,193.71,USD,2026-08-12,30303M102
TRD005667,SELL,1500,142.11,USD,2026-08-05,30303M102
TRD005668,BUY,2800,450.24,USD,2026-08-20,46625H100
TRD005669,BUY,3300,115.34,USD,2026-08-11,91324P102
TRD005670,BUY,1900,289.55,USD,2026-08-10,88160R101
TRD005671,SELL,2800,322.39,USD,2026-08-16,478160104
TRD005672,BUY,2600,418.34,USD,2026-08-19,88160R101
TRD005673,BUY,200,433.12,USD,2026-08-17,478160104
TRD005674,BUY,3100,22.2,USD,2026-08-19,92826C839
TRD005675,BUY,1100,391.11,USD,2026-08-16,92826C839
TRD005676,SELL,4300,417.98,USD,2026-08-11,30303M102
TRD005677,BUY,4700,226.7,USD,2026-08-22,88160R101
TRD005678,SELL,300,190.89,USD,2026-08-12,88160R101
TRD005679,SELL,2400,497.37,USD,2026-08-04,92826C839
TRD005680,BUY,1800,212.43,USD,2026-08-08,037833100
TRD005681,BUY,1300,154.57,USD,2026-08-22,023135106
TRD005682,SELL,4500,244.37,USD,2026-08-10,478160104
TRD005683,SELL,3800,171.07,USD,2026-08-14,037833100
TRD005684,BUY,200,50.45,USD,2026-08-07,88160R101
TRD005685,SELL,2300,72.77,USD,2026-08-04,68389X105
TRD005686,SELL,4100,22.34,USD,2026-08-13,037833100
TRD005687,SELL,3600,65.22,USD,2026-08-09,88160R101
TRD005688,BUY,500,86.85,USD,2026-08-17,92826C839
TRD005689,BUY,4400,349.6,USD,2026-08-10,023135106
TRD005690,SELL,4000,432.07,USD,2026-08-13,023135106
TRD005691,BUY,4700,367.94,USD,2026-08-06,594918104
TRD005692,BUY,4300,189.24,USD,2026-08-03,30303M102
TRD005693,SELL,1100,212.53,USD,2026-08-08,478160104
TRD005694,SELL,1000,284.65,USD,2026-08-15,68389X105
TRD005695,SELL,2300,73.28,USD,2026-08-04,91324P102
TRD005696,BUY,1500,273.69,USD,2026-08-20,88160R101
TRD005697,BUY,2200,478.19,USD,2026-08-11,46625H100
TRD005698,SELL,3900,415.42,USD,2026-08-05,92826C839
TRD005699,BUY,700,57.63,USD,2026-08-12,88160R101
TRD005700,SELL,2100,382.78,USD,2026-08-10,478160104
TRD005701,SELL,4900,220.58,USD,2026-08-18,68389X105
TRD005702,SELL,700,219.55,USD,2026-08-09,023135106
TRD005703,BUY,2500,65.82,USD,2026-08-07,594918104
TRD005704,SELL,3100,199.78,USD,2026-08-16,68389X105
TRD005705,SELL,1700,443.83,USD,2026-08-08,46625H100
TRD005706,BUY,1700,272.35,USD,2026-08-19,478160104
TRD005707,BUY,100,302.79,USD,2026-08-04,46625H100
TRD005708,SELL,600,309.68,USD,2026-08-16,023135106
TRD005709,BUY,1600,463.01,USD,2026-08-22,88160R101
TRD005710,SELL,2800,377.47,USD,2026-08-04,30303M102
TRD005711,BUY,4600,178.37,USD,2026-08-22,92826C839
TRD005712,SELL,900,458.9,USD,2026-08-16,478160104
TRD005713,BUY,700,474.87,USD,2026-08-09,30303M102
TRD005714,SELL,5000,274.89,USD,2026-08-20,91324P102
TRD005715,SELL,2000,261.0,USD,2026-08-05,30303M102
TRD005716,SELL,400,89.72,USD,2026-08-22,023135106
TRD005717,BUY,2400,42.18,USD,2026-08-07,91324P102
TRD005718,BUY,4700,134.02,USD,2026-08-10,30303M102
TRD005719,BUY,2400,388.21,USD,2026-08-17,46625H100
TRD005720,BUY,3900,312.62,USD,2026-08-06,88160R101
TRD005721,BUY,200,379.27,USD,2026-08-11,023135106
TRD005722,SELL,3400,428.4,USD,2026-08-09,30303M102
TRD005723,BUY,4000,198.81,USD,2026-08-05,037833100
TRD005724,SELL,1100,338.95,USD,2026-08-21,478160104
TRD005725,BUY,4400,328.41,USD,2026-08-13,037833100
TRD005726,BUY,4400,300.58,USD,2026-08-17,92826C839
TRD005727,BUY,2200,408.27,USD,2026-08-17,023135106
TRD005728,SELL,3300,73.54,USD,2026-08-16,68389X105
TRD005729,SELL,600,376.95,USD,2026-08-19,478160104
TRD005730,BUY,4000,94.7,USD,2026-08-06,92826C839
TRD005731,SELL,2600,292.26,USD,2026-08-05,88160R101
TRD005732,BUY,4400,241.04,USD,2026-08-18,594918104
TRD005733,SELL,2300,85.72,USD,2026-08-19,478160104
TRD005734,BUY,2900,328.87,USD,2026-08-14,92826C839
TRD005735,SELL,4700,58.87,USD,2026-08-09,037833100
TRD005736,BUY,2100,44.54,USD,2026-08-08,037833100
TRD005737,BUY,4200,201.1,USD,2026-08-19,023135106
TRD005738,SELL,3600,314.2,USD,2026-08-09,30303M102
TRD005739,SELL,400,101.65,USD,2026-08-13,91324P102
TRD005740,BUY,4900,210.37,USD,2026-08-10,037833100
TRD005741,BUY,3900,394.82,USD,2026-08-09,30303M102
TRD005742,BUY,4500,240.43,USD,2026-08-14,30303M102
TRD005743,SELL,3500,361.27,USD,2026-08-07,023135106
TRD005744,SELL,3500,262.39,USD,2026-08-04,594918104
TRD005745,SELL,3600,339.21,USD,2026-08-17,68389X105
TRD005746,BUY,4900,170.51,USD,2026-08-10,023135106
TRD005747,BUY,400,68.26,USD,2026-08-12,68389X105
TRD005748,BUY,700,132.81,USD,2026-08-20,68389X105
TRD005749,BUY,1600,103.43,USD,2026-08-20,023135106
TRD005750,SELL,500,443.11,USD,2026-08-15,91324P102
TRD005751,BUY,5000,325.84,USD,2026-08-10,46625H100
TRD005752,SELL,1600,277.99,USD,2026-08-05,478160104
TRD005753,SELL,4800,202.58,USD,2026-08-03,478160104
TRD005754,SELL,3800,359.09,USD,2026-08-18,46625H100
TRD005755,BUY,300,40.52,USD,2026-08-14,68389X105
TRD005756,BUY,4500,364.29,USD,2026-08-04,478160104
TRD005757,SELL,3000,74.79,USD,2026-08-10,30303M102
TRD005758,SELL,200,401.34,USD,2026-08-20,92826C839
TRD005759,BUY,1200,124.01,USD,2026-08-03,91324P102
TRD005760,BUY,4900,72.86,USD,2026-08-21,594918104
TRD005761,SELL,4200,165.89,USD,2026-08-11,88160R101
TRD005762,BUY,3100,88.05,USD,2026-08-15,88160R101
TRD005763,BUY,800,308.02,USD,2026-08-17,46625H100
TRD005764,BUY,1600,230.81,USD,2026-08-06,91324P102
TRD005765,SELL,4900,87.86,USD,2026-08-16,023135106
TRD005766,SELL,2600,71.14,USD,2026-08-15,46625H100
TRD005767,SELL,2900,281.07,USD,2026-08-03,88160R101
TRD005768,BUY,1400,240.21,USD,2026-08-09,91324P102
TRD005769,SELL,3400,249.36,USD,2026-08-12,037833100
TRD005770,BUY,900,124.36,USD,2026-08-12,46625H100
TRD005771,SELL,2000,162.62,USD,2026-08-15,46625H100
TRD005772,BUY,2800,118.3,USD,2026-08-09,037833100
TRD005773,BUY,4400,73.02,USD,2026-08-17,46625H100
TRD005774,SELL,4400,163.13,USD,2026-08-06,88160R101
TRD005775,BUY,3300,128.85,USD,2026-08-22,46625H100
TRD005776,SELL,4800,222.32,USD,2026-08-16,30303M102
TRD005777,BUY,1700,206.38,USD,2026-08-15,91324P102
TRD005778,SELL,2500,304.71,USD,2026-08-18,037833100
TRD005779,BUY,3600,288.19,USD,2026-08-10,037833100
TRD005780,BUY,3500,125.55,USD,2026-08-22,023135106
TRD005781,BUY,1500,351.25,USD,2026-08-05,88160R101
TRD005782,SELL,1200,378.47,USD,2026-08-07,92826C839
TRD005783,BUY,4200,100.48,USD,2026-08-04,46625H100
TRD005784,BUY,1500,154.48,USD,2026-08-04,30303M102
TRD005785,BUY,4800,469.59,USD,2026-08-07,92826C839
TRD005786,BUY,3500,236.8,USD,2026-08-07,91324P102
TRD005787,BUY,3100,79.56,USD,2026-08-09,037833100
TRD005788,BUY,800,234.25,USD,2026-08-21,46625H100
TRD005789,SELL,3100,180.64,USD,2026-08-17,91324P102
TRD005790,SELL,4700,269.91,USD,2026-08-11,92826C839
TRD005791,BUY,1900,299.18,USD,2026-08-17,92826C839
TRD005792,SELL,2100,97.39,USD,2026-08-07,594918104
TRD005793,BUY,800,154.0,USD,2026-08-16,88160R101
TRD005794,SELL,2300,268.06,USD,2026-08-06,91324P102
TRD005795,SELL,4300,68.96,USD,2026-08-03,46625H100
TRD005796,BUY,1400,323.28,USD,2026-08-13,46625H100
TRD005797,SELL,700,496.71,USD,2026-08-09,594918104
TRD005798,BUY,3000,490.91,USD,2026-08-14,88160R101
TRD005799,BUY,1200,377.53,USD,2026-08-16,594918104
TRD005800,BUY,2000,312.23,USD,2026-08-09,478160104
TRD005801,SELL,3300,54.09,USD,2026-08-21,023135106
TRD005802,SELL,4500,361.05,USD,2026-08-21,92826C839
TRD005803,BUY,3400,489.45,USD,2026-08-08,037833100
TRD005804,BUY,1400,328.64,USD,2026-08-03,478160104
TRD005805,BUY,3200,187.07,USD,2026-08-08,594918104
TRD005806,BUY,4500,113.35,USD,2026-08-06,023135106
TRD005807,BUY,4000,433.27,USD,2026-08-13,30303M102
TRD005808,SELL,4900,426.98,USD,2026-08-12,92826C839
TRD005809,SELL,1600,248.59,USD,2026-08-08,92826C839
TRD005810,BUY,1900,198.35,USD,2026-08-13,91324P102
TRD005811,BUY,4500,222.13,USD,2026-08-10,92826C839
TRD005812,SELL,3600,384.08,USD,2026-08-06,68389X105
TRD005813,BUY,1800,499.61,USD,2026-08-09,92826C839
TRD005814,SELL,1000,457.17,USD,2026-08-13,594918104
TRD005815,BUY,1800,53.48,USD,2026-08-22,68389X105
TRD005816,BUY,500,322.09,USD,2026-08-11,478160104
TRD005817,SELL,1200,454.21,USD,2026-08-06,68389X105
TRD005818,SELL,2600,409.33,USD,2026-08-06,91324P102
TRD005819,BUY,3700,307.15,USD,2026-08-14,30303M102
TRD005820,BUY,1400,367.2,USD,2026-08-20,30303M102
TRD005821,BUY,700,170.7,USD,2026-08-09,037833100
TRD005822,SELL,100,449.48,USD,2026-08-18,92826C839
TRD005823,BUY,4300,373.7,USD,2026-08-22,037833100
TRD005824,SELL,2800,353.97,USD,2026-08-12,88160R101
TRD005825,SELL,3800,278.42,USD,2026-08-07,30303M102
TRD005826,SELL,300,289.95,USD,2026-08-22,92826C839
TRD005827,SELL,4500,71.65,USD,2026-08-18,023135106
TRD005828,BUY,4900,464.35,USD,2026-08-16,46625H100
TRD005829,SELL,500,441.13,USD,2026-08-09,92826C839
TRD005830,BUY,2800,237.35,USD,2026-08-18,68389X105
TRD005831,BUY,4300,128.65,USD,2026-08-12,037833100
TRD005832,SELL,1200,166.7,USD,2026-08-08,68389X105
TRD005833,SELL,1800,65.15,USD,2026-08-22,91324P102
TRD005834,SELL,4700,130.18,USD,2026-08-04,46625H100
TRD005835,SELL,1600,108.72,USD,2026-08-10,46625H100
TRD005836,BUY,100,65.19,USD,2026-08-20,594918104
TRD005837,SELL,2000,159.29,USD,2026-08-08,30303M102
TRD005838,SELL,3600,438.86,USD,2026-08-11,68389X105
TRD005839,SELL,4300,34.79,USD,2026-08-11,023135106
TRD005840,SELL,4900,196.57,USD,2026-08-22,30303M102
TRD005841,BUY,2300,356.74,USD,2026-08-05,594918104
TRD005842,SELL,3300,224.38,USD,2026-08-05,88160R101
TRD005843,BUY,1800,23.87,USD,2026-08-21,30303M102
TRD005844,BUY,3200,188.75,USD,2026-08-22,91324P102
TRD005845,SELL,500,450.68,USD,2026-08-17,037833100
TRD005846,BUY,4100,84.43,USD,2026-08-13,594918104
TRD005847,SELL,4000,46.79,USD,2026-08-08,46625H100
TRD005848,SELL,4300,452.87,USD,2026-08-05,037833100
TRD005849,SELL,2100,204.0,USD,2026-08-22,30303M102
TRD005850,BUY,3700,304.94,USD,2026-08-08,037833100
TRD005851,SELL,1200,136.09,USD,2026-08-15,46625H100
TRD005852,BUY,4300,469.54,USD,2026-08-16,92826C839
TRD005853,BUY,1100,293.53,USD,2026-08-10,023135106
TRD005854,SELL,600,292.97,USD,2026-08-05,594918104
TRD005855,SELL,3500,395.57,USD,2026-08-09,92826C839
TRD005856,SELL,4000,400.66,USD,2026-08-12,68389X105
TRD005857,BUY,4100,432.16,USD,2026-08-12,037833100
TRD005858,BUY,4400,105.28,USD,2026-08-09,30303M102
TRD005859,BUY,1300,406.86,USD,2026-08-19,91324P102
TRD005860,SELL,1600,143.53,USD,2026-08-18,88160R101
TRD005861,BUY,4800,272.87,USD,2026-08-16,92826C839
TRD005862,BUY,300,263.71,USD,2026-08-14,30303M102
TRD005863,BUY,1600,369.18,USD,2026-08-08,46625H100
TRD005864,SELL,900,286.15,USD,2026-08-13,037833100
TRD005865,BUY,1400,183.21,USD,2026-08-03,92826C839
TRD005866,SELL,1100,487.56,USD,2026-08-20,91324P102
TRD005867,SELL,2400,312.21,USD,2026-08-18,037833100
TRD005868,BUY,2800,407.2,USD,2026-08-22,46625H100
TRD005869,BUY,1400,174.9,USD,2026-08-06,478160104
TRD005870,BUY,300,144.13,USD,2026-08-06,91324P102
TRD005871,SELL,100,38.07,USD,2026-08-21,92826C839
TRD005872,BUY,900,284.23,USD,2026-08-17,023135106
TRD005873,SELL,1900,374.99,USD,2026-08-22,46625H100
TRD005874,SELL,3400,482.18,USD,2026-08-16,478160104
TRD005875,SELL,4000,298.11,USD,2026-08-17,037833100
TRD005876,BUY,700,239.64,USD,2026-08-03,46625H100
TRD005877,SELL,600,426.21,USD,2026-08-22,478160104
TRD005878,SELL,600,32.63,USD,2026-08-09,91324P102
TRD005879,BUY,4600,467.52,USD,2026-08-17,594918104
TRD005880,BUY,3100,418.05,USD,2026-08-16,46625H100
TRD005881,SELL,100,333.26,USD,2026-08-05,91324P102
TRD005882,SELL,2800,472.97,USD,2026-08-06,46625H100
TRD005883,BUY,1900,145.16,USD,2026-08-08,023135106
TRD005884,BUY,1400,485.44,USD,2026-08-14,92826C839
TRD005885,SELL,2800,296.23,USD,2026-08-13,037833100
TRD005886,SELL,1800,175.62,USD,2026-08-03,88160R101
TRD005887,SELL,2700,431.3,USD,2026-08-21,023135106
TRD005888,BUY,2000,41.87,USD,2026-08-11,68389X105
TRD005889,SELL,2800,54.61,USD,2026-08-20,92826C839
TRD005890,BUY,2200,404.74,USD,2026-08-06,30303M102
TRD005891,SELL,900,178.61,USD,2026-08-10,91324P102
TRD005892,BUY,4600,499.52,USD,2026-08-16,68389X105
TRD005893,SELL,2000,266.8,USD,2026-08-05,46625H100
TRD005894,SELL,1600,268.3,USD,2026-08-12,92826C839
TRD005895,BUY,4800,215.46,USD,2026-08-20,037833100
TRD005896,SELL,1300,175.08,USD,2026-08-14,023135106
TRD005897,BUY,600,30.43,USD,2026-08-05,68389X105
TRD005898,BUY,3700,201.14,USD,2026-08-13,594918104
TRD005899,SELL,4000,331.29,USD,2026-08-03,30303M102
TRD005900,SELL,3300,432.63,USD,2026-08-07,478160104
TRD005901,BUY,3400,200.5,USD,2026-08-18,037833100
TRD005902,SELL,2500,177.22,USD,2026-08-07,037833100
TRD005903,SELL,4800,222.78,USD,2026-08-11,30303M102
TRD005904,SELL,1400,321.86,USD,2026-08-11,46625H100
TRD005905,SELL,3900,201.21,USD,2026-08-10,023135106
TRD005906,BUY,500,343.65,USD,2026-08-07,023135106
TRD005907,BUY,2900,346.22,USD,2026-08-05,478160104
TRD005908,SELL,4800,453.04,USD,2026-08-17,023135106
TRD005909,SELL,2900,164.7,USD,2026-08-14,478160104
TRD005910,BUY,2800,103.07,USD,2026-08-16,68389X105
TRD005911,BUY,2600,233.36,USD,2026-08-13,037833100
TRD005912,SELL,3600,459.12,USD,2026-08-22,478160104
TRD005913,SELL,1700,396.11,USD,2026-08-14,92826C839
TRD005914,BUY,1900,332.03,USD,2026-08-12,91324P102
TRD005915,SELL,900,301.97,USD,2026-08-09,478160104
TRD005916,SELL,1700,441.53,USD,2026-08-03,023135106
TRD005917,BUY,3000,221.55,USD,2026-08-18,30303M102
TRD005918,BUY,1000,30.81,USD,2026-08-18,46625H100
TRD005919,BUY,600,167.9,USD,2026-08-17,88160R101
TRD005920,BUY,600,56.5,USD,2026-08-18,023135106
TRD005921,SELL,1400,48.51,USD,2026-08-21,037833100
TRD005922,SELL,4200,364.46,USD,2026-08-21,30303M102
TRD005923,SELL,2700,198.85,USD,2026-08-14,91324P102
TRD005924,BUY,4800,159.44,USD,2026-08-11,88160R101
TRD005925,BUY,2200,334.25,USD,2026-08-16,88160R101
TRD005926,BUY,1200,458.62,USD,2026-08-07,46625H100
TRD005927,BUY,300,323.02,USD,2026-08-03,037833100
TRD005928,BUY,200,430.62,USD,2026-08-21,594918104
TRD005929,BUY,4800,137.85,USD,2026-08-12,92826C839
TRD005930,SELL,4300,193.6,USD,2026-08-16,594918104
TRD005931,BUY,4500,387.38,USD,2026-08-19,92826C839
TRD005932,SELL,2600,420.1,USD,2026-08-05,594918104
TRD005933,SELL,4400,445.63,USD,2026-08-19,023135106
TRD005934,SELL,2900,398.03,USD,2026-08-11,46625H100
TRD005935,BUY,2000,370.48,USD,2026-08-18,478160104
TRD005936,BUY,600,265.15,USD,2026-08-16,91324P102
TRD005937,BUY,100,154.72,USD,2026-08-17,92826C839
TRD005938,BUY,4300,332.43,USD,2026-08-15,91324P102
TRD005939,SELL,4600,314.77,USD,2026-08-14,68389X105
TRD005940,BUY,2200,489.42,USD,2026-08-21,88160R101
TRD005941,BUY,4200,317.04,USD,2026-08-11,68389X105
TRD005942,SELL,4500,131.15,USD,2026-08-08,92826C839
TRD005943,SELL,3200,222.95,USD,2026-08-12,037833100
TRD005944,BUY,3100,346.6,USD,2026-08-22,91324P102
TRD005945,BUY,1000,52.2,USD,2026-08-04,88160R101
TRD005946,BUY,600,275.33,USD,2026-08-15,037833100
TRD005947,BUY,2000,236.51,USD,2026-08-10,023135106
TRD005948,SELL,600,141.6,USD,2026-08-19,88160R101
TRD005949,BUY,3000,163.63,USD,2026-08-12,68389X105
TRD005950,BUY,2100,310.74,USD,2026-08-12,594918104
TRD005951,BUY,4800,439.41,USD,2026-08-08,023135106
TRD005952,SELL,3100,329.67,USD,2026-08-14,594918104
TRD005953,SELL,4800,347.34,USD,2026-08-16,46625H100
TRD005954,BUY,3200,249.95,USD,2026-08-06,023135106
TRD005955,BUY,1400,460.96,USD,2026-08-05,91324P102
TRD005956,SELL,100,87.85,USD,2026-08-19,88160R101
TRD005957,BUY,2700,390.77,USD,2026-08-20,594918104
TRD005958,BUY,4000,469.12,USD,2026-08-20,88160R101
TRD005959,SELL,4500,77.09,USD,2026-08-20,92826C839
TRD005960,BUY,4000,407.23,USD,2026-08-04,92826C839
TRD005961,SELL,4600,445.37,USD,2026-08-05,68389X105
TRD005962,SELL,3600,490.02,USD,2026-08-13,88160R101
TRD005963,SELL,800,200.86,USD,2026-08-14,92826C839
TRD005964,BUY,3500,118.66,USD,2026-08-06,92826C839
TRD005965,BUY,3500,385.86,USD,2026-08-21,594918104
TRD005966,SELL,4600,387.41,USD,2026-08-04,023135106
TRD005967,SELL,500,413.18,USD,2026-08-15,023135106
TRD005968,BUY,4600,311.22,USD,2026-08-08,30303M102
TRD005969,SELL,700,350.79,USD,2026-08-14,92826C839
TRD005970,BUY,1600,489.48,USD,2026-08-04,92826C839
TRD005971,SELL,700,103.23,USD,2026-08-19,88160R101
TRD005972,BUY,1300,161.69,USD,2026-08-05,30303M102
TRD005973,SELL,600,114.39,USD,2026-08-05,88160R101
TRD005974,SELL,2300,193.97,USD,2026-08-04,594918104
TRD005975,BUY,300,111.11,USD,2026-08-12,30303M102
TRD005976,BUY,2900,275.76,USD,2026-08-06,037833100
TRD005977,SELL,4800,215.49,USD,2026-08-22,91324P102
TRD005978,BUY,5000,170.17,USD,2026-08-17,46625H100
TRD005979,SELL,4600,227.44,USD,2026-08-12,88160R101
TRD005980,SELL,2000,77.45,USD,2026-08-20,68389X105
TRD005981,SELL,700,87.85,USD,2026-08-22,92826C839
TRD005982,BUY,1000,46.44,USD,2026-08-12,594918104
TRD005983,SELL,4700,405.77,USD,2026-08-03,46625H100
TRD005984,SELL,4500,379.14,USD,2026-08-15,92826C839
TRD005985,BUY,400,449.68,USD,2026-08-19,68389X105
TRD005986,BUY,1700,84.32,USD,2026-08-06,46625H100
TRD005987,SELL,2700,415.63,USD,2026-08-07,68389X105
TRD005988,SELL,4100,409.07,USD,2026-08-14,46625H100
TRD005989,BUY,2500,421.12,USD,2026-08-21,46625H100
TRD005990,SELL,200,273.96,USD,2026-08-11,478160104
TRD005991,SELL,4600,61.45,USD,2026-08-03,037833100
TRD005992,BUY,1500,86.79,USD,2026-08-14,478160104
TRD005993,BUY,900,284.61,USD,2026-08-17,037833100
TRD005994,SELL,1100,89.97,USD,2026-08-04,478160104
TRD005995,SELL,1800,288.25,USD,2026-08-22,478160104
TRD005996,SELL,1700,406.43,USD,2026-08-20,478160104
TRD005997,SELL,1000,312.83,USD,2026-08-05,30303M102
TRD005998,BUY,4600,409.47,USD,2026-08-13,91324P102
TRD005999,SELL,4200,31.07,USD,2026-08-07,91324P102
